Name of the Power Station,Fuel,Producer ,     Installed Capacity,, Capacity,"for Fuel
",for plant. S/D,Shut down (date)/,Start up,Area,,,
ghorasalrepowered3gt,Gas,PDB,1*260,260,260,,260,Under maint.,,Dhaka,,,
ghorasalrepowered4,Gas,PDB,1*210,210,180,,,,,Dhaka,,,
ghorasal5,Gas,PDB,1*210,210,190,,190,Under maint.,,Dhaka,,,
ghorasal3657,Gas,PDB,1*243+1*122,365,365,,365,Air Compressor problem,,Dhaka,,,
ghorashal785max,Gas,QRPP,2*40,0,0,,,Contract Expired,,Dhaka,,,
ghorashal108regent,Gas,IPP,34*3.35,108,108,96,,Gas shortage,,Dhaka,,,
haripurg,Gas,"SBU, PDB",2*32,32,20,,20,Under maint.,,Dhaka,,,
haripur412,Gas,EGCB,1*273+1*139,412,412,,412,Under maint.,,Dhaka,,,
haripur360hpl,Gas,IPP,1*235+1*125,360,0,,,Contract Expired,,Dhaka,,,
meghnaghat450mpl,Gas,IPP,2*150+1*150,450,450,,,Line S/D,,Dhaka,,,
meghnaghat100iel,HFO,NENP,12*8.9,100,100,25,,Fuel shortage,,Dhaka,,,
meghnaghatsummit,Gas,IPP,2*110+1*110,335,335,335,,Gas shortage,,Dhaka,,,
madanganj102summit,HFO,NENP,6*17,102,102,,22,Fuel shortage,,Dhaka,,,
madanganj55summit,HFO,IPP,3*17.08+1*11.3,55,55,40,,Fuel shortage,,Dhaka,,,
keraniganj100powerpac,HFO,NENP,8*13.45,100,75,39,,Fuel shortage,,Dhaka,,,
narshingdi22doreen,Gas,"SIPP, REB",8*2.90,22,22,,,Contract Expired,,Dhaka,,,
210siddhirgonj,Gas,PDB, 1*210,210,115,,115,Under maint.,,Dhaka,,,
siddhirgonj2120g,Gas,EGCB, 2*105,210,210,105,,Gas shortage,,Dhaka,,,
siddhirganj100dutchbangla,HFO,NENP,12*8.9,100,100,40,,Fuel shortage,,Dhaka,,,
siddhirganj335,Gas,EGCB,1*217+118,335,335,,,,,Dhaka,,,
gagnagar102digitalpower,HFO,IPP,12*8.924,102,102,,20,Engine problem,,Dhaka,,,
katpotti52sinha,HFO,IPP,7*7.9,51,0,51,,Fuel shortage,,Dhaka,,,
kamalaghat54bancoenergy,HFO,IPP,3*18,54,54,54,,Fuel shortage,,Dhaka,,,
kodda150,HFO,BPDB-RPCL,9*17.06,149,149,,,,,Dhaka,,,
manikganj55northern,HFO,IPP,3*19.3,55,55,38,,Fuel shortage,,Dhaka,,,
nababganj55southernpower,HFO,IPP,3*19.3,55,55,38,,Fuel shortage,,Dhaka,,,
bosila108clc,HFO,IPP,12*8.775+1*3.5,108,0,,,,,Dhaka,,,
summitpowermadhabdiashulia,Gas,"SIPP,REB",3*3.67+4*8.73,80,80,,39,Engine problem,,Dhaka,,,
maona33summit,Gas,"SIPP,REB",4*8.73,33,33,,,,,Dhaka,,,
rupganj33summit,Gas,"SIPP,REB",4*8.73,33,33,,,,,Dhaka,,,
gazipur52,HFO,RPCL,6*8.9,52,52,35,,Fuel shortage,,Dhaka,,,
tongi80g,Gas,PDB,1* 105,105,105,105,,Gas shortage,,Dhaka,,,
kodda3002summit,HFO,IPP,18*17.076,300,300,170,,Fuel shortage,,Dhaka,,,
bramhangoan100aggreko,HSD,IPP,114*0.959,0,0,,,Contract Expired,,Dhaka,,,
aurahati100aggreko,HSD,IPP,0.85*23+0.95*91,0,0,,,Contract Expired,,Dhaka,,,
kodda1491summit,HFO,IPP,8*18.45+8.97,149,149,132,,Fuel shortage,,Dhaka,,,
gazipur100,HFO,RPCL,6*17.5,105,105,,,,,Dhaka,,,
meghnaghat104opcl,HFO,IPP,18.5*6,104,104,87,,Fuel shortage,,Dhaka,,,
manikgonj162mpgl,HFO,IPP,9*18,162,162,127,,Fuel shortage,,Dhaka,,,
spectrasolarplant,Solar,IPP,35,35,35,,,,,Dhaka,,,
kanchanpurbachalpowergeneration,HFO,IPP,18.4*3,55,55,38,,Fuel shortage,,Dhaka,,,
meghnaghatuniquepower,Gas,IPP,586,0,0,,,on test,,Dhaka,,,
summitmeghanghat2589,Gas,IPP,589,0,0,,,on test,,Dhaka,,,
chattogram1,Gas,PDB,1*210,210,180,180,,Gas shortage,,Chattogram,,,
chattogram2,Gas,PDB,1*210,210,180,,180,Under maint,,Chattogram,,,
raozan25,HFO,RPCL,3*8.9,25,25,8,,Fuel shortage,,Chattogram,,,
teknaf20solartech,Solar,IPP,20,20,20,,,,,Chattogram,,,
patenga50baraka,HFO,IPP,8*6.98,50,50,31,,Fuel shortage,,Chattogram,,,
karnaphulihydro12345,Hydro,PDB,2*40+3*50,230,230,190,,Low water lavel,,Chattogram,,,
sikalbaha225,Gas/HSD,PDB,1*150+1*75,225,225,,,,,Chattogram,,,
sikalbahapeakinggt,Gas/HSD,PDB,1*150 ,150,150,,150,Under maint,,Chattogram,,,
sikalbaha105barakasikalbaha,HFO,IPP,6*17.5,105,105,88,,Fuel shortage,,Chattogram,,,
hathazari100peaking,HFO,PDB,11*8.9,98,98,48,,Fuel shortage,,Chattogram,,,
dohazarikalaish100peaking,HFO,PDB,6*17,102,102,34,,Fuel shortage,,Chattogram,,,
juldah1001acorn,HFO,NENP,8*13.45,100,100,75,,Fuel shortage,,Chattogram,,,
juldah1003acorn,HFO,IPP,8*13.5,100,100,75,,Fuel shortage,,Chattogram,,,
barabkunda22regent,Gas,"SIPP, PDB",8*2.90,22,22,,,Engine problem,,Chattogram,,,
malanchactgepzed,Gas,,5*8.73+3*9.34,,0,,,,,Chattogram,,,
chattogram108ecpv,HFO,IPP,16*7,108,108,108,,Fuel shortage,,Chattogram,,,
kaptai7solar,Solar,PDB,7.4 MW,7,7,,,,,Chattogram,,,
anwara300ed,HFO,IPP,17*17+24,300,300,180,,Fuel shortage,,Chattogram,,,
jodiacpower,HFO,IPP,3*18.55+1*3.6,54,54,54,,Fuel shortage,,Chattogram,,,
karnaphulipower,HFO,IPP,18.415*6+6.5,110,110,93,,Fuel shortage,,Chattogram,,,
juldah2acorn,HFO,IPP,8*13.6,100,100,75,,Fuel shortage,,Chattogram,,,
anlimaenergy,HFO,IPP,6*21.2,116,116,99,,Fuel shortage,,Chattogram,,,
mirsharai150,HFO,BPDB-RPCL,18.5*9,163,163,18,,Fuel shortage,,Chattogram,,,
sspoweri,Coal,SS Power ,2*612,1224,1224,869,,Coal Shortage.,,Chattogram,,,
coxsbazarwind,Wind,IPP,66,0,0,,,On test.,,Chattogram,,,
matarbari2600cpgcl,Coal,CPGCL,0,575,575,,,On test.,,Chattogram,,,
mirsharai150,Gas,BPDB-RPCL,18.5*9,0,0,,,On test.,,Chattogram,,,
ashuganj3,Gas,APSCL,1*150,0,0,,,Contract Expired,,Cumilla,,,
ashuganj4,Gas,APSCL,1*150,0,0,,,Contract Expired,,Cumilla,,,
ashuganj5,Gas,APSCL,1*150,0,0,,,Contract Expired,,Cumilla,,,
ashuganj225,Gas,APSCL,1*142+1*75,221,221,,221,Under maint.,,Cumilla,,,
ashuganj450north,Gas,APSCL,1*360,360,360,,360,Under maint.,,Cumilla,,,
ashuganj450south,Gas,APSCL,1*360,360,360,40,,Gas shortage,,Cumilla,,,
ashuganj420east,Gas,APSCL,284*1+116*1,400,400,40,,Gas shortage,,Cumilla,,,
ashuganj50,Gas,APSCL,14*3.968,53,45,,,,,Cumilla,,,
ashuganj55precision,Gas,QRPP,0,55,55,15,,Gas shortage,,Cumilla,,,
ashuganj195apscled,Gas,IPP,20*9.73+1*16,195,195,195,,Gas shortage,,Cumilla,,,
ashuganj51midland,Gas,IPP,6*9.34,51,51,,,,,Cumilla,,,
ashuganj150midland,HFO,IPP,23*7.015,150,150,125,,Fuel shortage,,Cumilla,,,
titas50peaking,HFO,PDB,6*8.92,52,52,,12,Engine problem,,Cumilla,,,
chandpur150,Gas,PDB,1*106+1*57,163,163,,163,Under Maint.,,Cumilla,,,
chandpur200deshenergy,HFO,IPP,12*18.4,200,200,182,,Fuel shortage,,Cumilla,,,
feni22doreen,Gas,"SIPP, PDB",8*2.90,22,22,,6,Engine problem,,Cumilla,,,
feni11doreen,Gas,"SIPP, REB",4*2.90,11,11,,,,,Cumilla,,,
impoprttripura,,Imported power,0,160,160,,, ,,Cumilla,,,
jangalia33summit,Gas,"SIPP, PDB",4*8.73,33,33,,,,,Cumilla,,,
jangalia52lakdanavi,HFO,IPP,6*8.92,52,52,44,,Fuel shortage,,Cumilla,,,
cumilla25summit,Gas,"SIPP, REB",3*3.67+2*6.97,25,25,,10,Engine problem,,Cumilla,,,
daudkandi200btrac,HSD,IPP,154*1.4,0,0,,,Contract Expired,,Cumilla,,,
fenilankapower,HFO,IPP,7*18.415+1*9.78,114,114,,,,,Cumilla,,,
chowmuhani113,HFO,IPP,12*9.78+2*3.1,113,113,45,,Fuel shortage,,Cumilla,,,
bhairob545,HFO,IPP,3*18.2,54,54,,37,Engine problem,,Cumilla,,,
chandpur115doreen,HFO,IPP,4*18.5+2*22.5,115,115,73,,Fuel shortage,,Cumilla,,,
rpcl210,Gas,IPP,4*35+1*70,210,202,137,,Gas shortage,,Mymensingh,,,
tangail22doreen,Gas,"SIPP, PDB",8*2.90,22,22,,,Contract Expired,,Mymensingh,,,
jamalpur95powerpac,HFO,IPP,0,95,0,,,,,Mymensingh,,,
sarishabari3solarplant,Solar,IPP,1*3,3,3,,,,,Mymensingh,,,
mymensingh200ed,HFO,IPP,9.78*21,200,200,191,,Fuel shortage,,Mymensingh,,,
jamalpur115ed,HFO,IPP,9.78*12,115,115,46,,Fuel shortage,,Mymensingh,,,
sutiakhali50solar,Solar,IPP,50,50,50,,,,,Mymensingh,,,
tangailpallipowergen22,HFO,IPP,4*6.7,22,22,16,,Fuel shortage,,Mymensingh,,,
fenchugonjphase1,Gas,PDB,2*32+1*33,97,70,,35,Machine problem.,,Sylhet,,,
fenchugonjphase2,Gas,PDB,2*35+1*35,104,90,,50,Machine problem,,Sylhet,,,
kushiara163kp,Gas,IPP,1*109+1*54,163,163,,,,,Sylhet,,,
shajibazar330,Gas,PDB,3*110,330,330,,330,Under maint.,,Sylhet,,,
fenchugonj51barakatullah,Gas,RPP ,19*2.90,51,51,51,,Gas shortage,,Sylhet,,,
fenchuganj44energyprima,Gas,NENP,12*3.3+5*2,50,50,45,,Gas shortage,,Sylhet,,,
hobiganj11cofidencee,Gas,"SIPP, REB",4*2.90,11,11,,,Contract Expired,,Sylhet,,,
shahjibazarg89,Gas,PDB,2*35,70,66,,33,GT-9 Under maint.,,Sylhet,,,
shahjibazar86shahjibazar,Gas,RPP ,32*2.90,86,86,,,Contract Expired,,Sylhet,,,
shahjibazar100g,Gas,PDB,1*100,100,100,,100,Under maint.,,Sylhet,,,
sylhet225,Gas,PDB,1*142+1*89,231,231,,21,machine problem,,Sylhet,,,
sylhet20g,Gas,PDB,1*20,20,20,5,,Gas shortage,,Sylhet,,,
sylhet50epl,Gas,NENP,27*2,0,0,,,Contract Expired,,Sylhet,,,
shahjahanulla25,Gas,"SIPP, REB",3*9.34,25,25,8,,Gas shortage,,Sylhet,,,
bibianaii341summit,Gas,IPP,1*222+1*119,341,341,,,FGMO,,Sylhet,,,
bibiyanaiii400,Gas,PDB,285*1+134*1,400,400,,,,,Sylhet,,,
sylhet10desh,Gas,RPP ,6*1.95,10,10,,,,,Sylhet,,,
bibiyanasouth400,Gas,PDB,400 MW,383,383,,,FGMO,,Sylhet,,,
bheramarag3,HSD,PDB,1*20,20,16,16,,Fuel conservation,,Khulna,,,
bheramarahvdc,0,Imported power,2*500,1000,1000,,,,,Khulna,,,
khulna115kpcl2,HFO,NENP,7*17,115,115,115,,Fuel shortage,,Khulna,,,
faridpur50peaking,HFO,PDB,8*6.89,54,54,1,,,,Khulna,,,
khulna225,HSD,NWPGCL,1*150+1*75,230,230,230,,Fuel shortage,,Khulna,,,
gopalganj100peaking,HFO,PDB,16*6.98,109,109,,39,Engine problem,,Khulna,,,
bheramara410,Gas,NWPGCL,1*278+1*132,410,410,410,,Gas shortage,,Khulna,,,
noapara40khanjahanali,HFO,NENP,5*8.5,40,40,40,,Fuel shortage,,Khulna,,,
noapara100banglatrac,HSD,IPP,70*1.4,0,0,,,,,Khulna,,,
rupsha105orionrupsha,HFO,IPP,6*18.445,105,105,55,,Fuel shortage,,Khulna,,,
madhumati100,HFO,NWPGCL,6*18,105,105,105,,Fuel shortage,,Khulna,,,
monglaorion100solar,Solar,IPP,100,100,100,,,,,Khulna,,,
khulna330,Gas/HSD,BPDB,1*220+1*110,336,336,336,,Fuel shortage,,Khulna,,,
rampal1320bifpcl,Coal,NTPC&BPDB,660*2,617,617,,330,Coal Shortage.,,Khulna,,,
kulna225,Gas,NWPGCL,0,0,0,,,On test.,,Khulna,,,
barisal110summit,HFO,IPP,7*17.076,110,110,94,,Fuel shortage,,Barisal,,,
bhola33venture,Gas,NENP,1*34.50,40,40,,33,Engine problem,,Barisal,,,
bhola225,Gas,PDB,2*63+1*68,194,194,,134,"ST, GT-1 Under maint.",,Barisal,,,
bhola95aggreko,Gas,QRPP,96*1.10,0,0,,,Contract Expired,From 18-3-2022,Barisal,,,
payra1320,Coal,BCPCL,2*622,1244,1244,,,,,Barisal,,,
bholanutanbiddutbd,Gas,IPP,220,220,220,,,,,Barisal,,,
edpayrapower,HFO,IPP,8*18.5+1*9.5,150,150,,,,,Barisal,,,
barisal307,Coal,IPP,307*1,307,307,,,,,Barisal,,,
baghabari71g,Gas,PDB,1*71,71,71,71,,Gas shortage,,Rajshahi,,,
baghabari100g,Gas,PDB,1*100,100,100,100,,Gas shortage,,Rajshahi,,,
baghabari50peaking,HFO,PDB,6*8.9,52,52,28,,Fuel shortage,,Rajshahi,,,
bera70peaking,HFO,PDB,9*8.29,71,71,,56,Engine problem,,Rajshahi,,,
amnura50sinha,HFO,NENP,7*7.79,50,28,,,,,Rajshahi,,,
katakhali50northern,HFO,QRPP,6*8.9,50,50,,16,Engine problem,,Rajshahi,,,
katakhali50peaking,HFO,PDB,6*8.7,50,50,,,,,Rajshahi,,,
sirajgonj2251,Gas/HSD,NWPGCL,1*150+1*75,210,210,210,,Gas shortage,,Rajshahi,,,
sirajgonj2252,Gas/HSD,NWPGCL,1*150+1*75,220,220,220,,Gas shortage,,Rajshahi,,,
sirajgonj2253,Gas/HSD,NWPGCL,1*141,220,220,40,,,,Rajshahi,,,
sirajgonj4004,Gas/HSD,SNWPGCL,1*282+1*132,414,414,,,,,Rajshahi,,,
santahar50peaking,HFO,PDB,6*8.7,50,50,15,,Engine problem,,Rajshahi,,,
bogra22gbb,Gas,RPP ,0,0,0,,,Contract Expired,,Rajshahi,,,
bogura20energyprima,Gas,NENP,5*3.3+5*2,0,0,,,Contract Expired,,Rajshahi,,,
ullapara11summit,Gas,"SIPP, REB",4*2.90,11,11,,6,Engine problem,,Rajshahi,,,
natore52rajlanka,HFO,IPP,6*8.92,52,52,44,,Fuel shortage,,Rajshahi,,,
chapainawabganj100peaking,HFO,PDB,12*8.924,104,104,,14,Engine problem,,Rajshahi,,,
baghabari200paramount,HSD,IPP,135*1.6,200,200,200,,Fuel shortage,,Rajshahi,,,
bagura113confidence2,HFO,IPP,6*18.55+7.2,113,113,113,,Fuel shortage,,Rajshahi,,,
confidencepowerbogura1113,HFO,IPP,6*18.55,113,113,77,,Fuel shortage,,Rajshahi,,,
sirajgonj655solar,Solar,NWPGCL,1*6,6,6,,,,,Rajshahi,,,
adanipowerjharkhanda,Coal,Imported power,748*2,1496,1496,,,,,Rajshahi,,,
barapukuria1,Coal,PDB,1*125,125,85,85,,Under maint,,Rangpur,,,
barapukuria2,Coal,PDB,1*125,125,85,,85,Under maint,,Rangpur,,,
barapukuria2753,Coal,PDB,1*275,274,274,,104,Machine problem,,Rangpur,,,
rangpur20g,HSD,PDB,1*20,20,20,20,,,,Rangpur,,,
saidpur20g,HSD,PDB,1*20,20,20,20,,,,Rangpur,,,
rangpur113confidence,HFO,IPP,9*6.984+7*7.015+3.15*2,113,113,71,,Fuel shortage,,Rangpur,,,
sympasolarpower8,Solar,IPP,8 MW,8,8,,,,,Rangpur,,,
energypacpowerventurethakurgaon,HFO,IPP,115,115,115,40,,Fuel shortage,,Rangpur,,,
intracosolar30,Solar,IPP,1*30,30,30,,,,,Rangpur,,,
teestasolarlimited,Solar,BPCL ,16*12.5,200,200,,,,,Rangpur,,,
ghorasal12,Gas,PDB,2*55,110,85,,61,Unit-1 Under maint,,Dhaka,,,
ghorasalrepowered3,Gas,PDB,1*210,210,170,,170,Under maint,,Dhaka,,,
ghorasalrepowered4,Gas,PDB,1*210,210,180,,180,Under maint,,Dhaka,,,
ghorasal5,Gas,PDB,1*210,210,190,,190,Under maint,,Dhaka,,,
ghorasal3657,Gas,PDB,1*243+1*122,365,365,65,,Gas shortage,,Dhaka,,,
ghorashal785max,Gas,QRPP,2*40,78,78,,,,,Dhaka,,,
ghorashal108regent,Gas,IPP,34*3.35,108,108,,,,,Dhaka,,,
haripurg,Gas,"SBU, PDB",2*32,64,40,,40,Under maint.,,Dhaka,,,
haripur412,Gas,EGCB,1*273+1*139,412,412,,,,,Dhaka,,,
haripur360hpl,Gas,IPP,1*235+1*125,360,360,,,,,Dhaka,,,
meghnaghat450mpl,Gas,IPP,2*150+1*150,450,450,,225,GT-2 Under maint.,,Dhaka,,,
meghnaghat100iel,HFO,QRPP,12*8.9,100,100,,,,,Dhaka,,,
meghnaghatsummit,Gas,IPP,2*110+1*110,305,305,155,,Gas shortage,,Dhaka,,,
madanganj102summit,HFO,QRPP ,6*17,102,100,,,,,Dhaka,,,
madanganj55summit,HFO,(IPP),3*17.08+1*11.3,55,55,,,,,Dhaka,,,
keraniganj100powerpac,HFO,QRPP,8*13.45,100,100,,,,,Dhaka,,,
narshingdi22doreen,Gas,"SIPP, REB",8*2.90,22,22,,,,,Dhaka,,,
siddhirgonj2120g,Gas,EGCB, 2*105,210,210,110,,Gas shortage,,Dhaka,,,
siddhirganj100dutchbangla,HFO,QRPP ,12*8.9,100,100,,,,,Dhaka,,,
siddhirganj335,Gas,EGCB,1*217+118,335,335,,117,Engine problem,,Dhaka,,,
gagnagar102digitalpower,HFO,IPP,12*8.924,102,102,,,,,Dhaka,,,
katpotti52sinha,HFO,IPP,7*7.9,51,51,,,,,Dhaka,,,
kamalaghat54bancoenergy,HFO,IPP,3*18,54,54,,,,,Dhaka,,,
manikganj55northern,HFO,IPP,3*19.3,55,55,,20,Engine problem,,Dhaka,,,
nababganj55southernpower,HFO,IPP,3*19.3,55,55,,,,,Dhaka,,,
bosila108clc,HFO,IPP,12*8.775+1*3.5,108,108,108,,Fuel Shortage.,,Dhaka,,,
summitpowermadhabdiashulia,Gas,"SIPP,REB",3*3.67+4*8.73,80,80,,45,Engine problem,,Dhaka,,,
gazipur52,HFO,IPP,6*8.9,52,52,,,,,Dhaka,,,
kodda3002summit,HFO,IPP,18*17.076,300,300,,,,,Dhaka,,,
keranigonj300apr,HSD,IPP,256*1.4,300,300,,,,,Dhaka,,,
bramhangoan100aggreko,HSD,IPP,100,100,100,,,,,Dhaka,,,
aurahati100aggreko,HSD,IPP,0.85*23+0.95*91,100,100,,,,,Dhaka,,,
kodda1491summit,HFO,IPP,149,149,149,,,,,Dhaka,,,
gazipur100,HFO,RPCL,100 MW,105,105,,,,,Dhaka,,,
chattogram1,Gas,PDB,1*210,210,180,80,,Gas shortage,,Chattogram,,,
chattogram2,Gas,PDB,1*210,210,180,180,,Gas shortage,,Chattogram,,,
raozan25,HFO,IPP,3*8.9,25,25,,,,,Chattogram,,,
teknaf20solartech,Solar,Teknaf Solartech Energy Ltd.,20,20,20,,,,,Chattogram,,,
patenga50baraka,HFO,IPP,8*6.98,50,50,,,,,Chattogram,,,
karnaphulihydro12345,Hydro,PDB,2*40+3*50,230,230,190,,Low water level,,Chattogram,,,
sikalbaha225,Gas/HSD,PDB,1*150+1*175,225,225,,,,,Chattogram,,,
sikalbahapeakinggt,Gas/HSD,PDB,1*150 ,150,150,,,,,Chattogram,,,
sikalbaha105barakasikalbaha,HFO,IPP,105 MW,105,105,,,,,Chattogram,,,
hathazari100peaking,HFO,PDB,11*8.9,98,98,,98,Under maint.,,Chattogram,,,
dohazarikalaish100peaking,HFO,PDB,6*17,102,102,,,,,Chattogram,,,
juldah1001acorn,HFO,QRPP,8*13.45,100,100,,,,,Chattogram,,,
juldah1003acorn,HFO,IPP,0,100,100,,,,,Chattogram,,,
barabkunda22regent,Gas,"SIPP, PDB",8*2.90,22,22,,,,,Chattogram,,,
chattogram108ecpv,HFO,IPP,16*7,108,108,,,,,Chattogram,,,
anwara300ed,HFO,IPP,300 MW,300,300,,,                                                                                                                                                                                                     ,,Chattogram,,,
jodiacpower,HFO,IPP,3*18.55+1*3.6,54,54,,,,,Chattogram,,,
karnaphulipower,HFO,IPP,110,110,110,,,,,Chattogram,,,
juldah2,HFO,IPP,0,0,0,,,,,Chattogram,,,
ashuganj3,Gas,APSCL,1*150,150,135,,,,,Cumilla,,,
ashuganj4,Gas,APSCL,1*150,150,129,129,,Gas shortage,,Cumilla,,,
ashuganj5,Gas,APSCL,1*150,150,134,134,,Gas shortage,,Cumilla,,,
ashuganj225,Gas,APSCL,1*142+1*75,221,221,,,FGMO,,Cumilla,,,
ashuganj450north,Gas,APSCL,1*360,360,360,,,FGMO,,Cumilla,,,
ashuganj450south,Gas,APSCL,1*360,360,360,,,FGMO,,Cumilla,,,
ashuganj55precision,Gas,RPP ,15*4,55,55,50,,Gas shortage,,Cumilla,,,
ashuganj195apscled,Gas,IPP,20*9.73+1*16,195,195,150,,Gas shortage,,Cumilla,,,
ashuganj150midland,HFO,IPP,23*7.015,150,150,,,,,Cumilla,,,
titas50peaking,HFO,PDB,6*8.92,52,52,,,,,Cumilla,,,
chandpur150,Gas,PDB,1*106+1*57,163,163,,,ST shutdown,,Cumilla,,,
chandpur200deshenergy,HFO,IPP,0,200,200,,,,,Cumilla,,,
feni22doreen,Gas,"SIPP, PDB",8*2.90,22,22,,,,,Cumilla,,,
jangalia52lakdanavi,HFO,IPP,6*8.92,52,52,,,,,Cumilla,,,
cumilla25summit,Gas,"SIPP, PDB",3*3.67+2*6.97,25,25,,,,,Cumilla,,,
daudkandi200btrac,HSD,IPP,154*1.4,200,200,,,,,Cumilla,,,
chowmuhani113,HFO,IPP,12*9.78+2*3.1,113,113,,,,,Cumilla,,,
rpcl210,Gas,IPP,4*35+1*70,210,202,,,,,Mymensingh,,,
tangail22doreen,Gas,"SIPP, PDB",8*2.90,22,22,,,,,Mymensingh,,,
jamalpur95powerpac,HFO,IPP,12*8.924,95,95,,,,,Mymensingh,,,
mymensingh200ed,HFO,IPP,200,200,200,,30,Machine problem,,Mymensingh,,,
jamalpur115ed,HFO,IPP,115 MW,115,115,,,,,Mymensingh,,,
fenchugonjphase1,Gas,PDB,2*32+1*33,97,70,,,,,Sylhet,,,
fenchugonjphase2,Gas,PDB,2*35+1*35,104,90,,60,Machine problem.,,Sylhet,,,
shajibazar330,Gas,PDB,3*110,330,330,,30,Engine problem,,Sylhet,,,
fenchugonj51barakatullah,Gas,RPP ,19*2.90,51,51,,,,,Sylhet,,,
fenchuganj44energyprima,Gas,RPP,12*3.3+5*2,44,44,,,,,Sylhet,,,
hobiganj11cofidencee,Gas,"SIPP, REB",4*2.90,11,11,,,,,Sylhet,,,
shahjibazarg89,Gas,PDB,2*35,70,66,,,FGMO,,Sylhet,,,
shahjibazar86shahjibazar,Gas,RPP ,32*2.90,86,86,,,,,Sylhet,,,
shahjibazar50epl,Gas,RPP,27*2.0,50,50,,,Contact expired,,Sylhet,,,
sylhet150,Gas,PDB,1*142,142,142,,,Engine problem,,Sylhet,,,
sylhet20g,Gas,PDB,1*20,20,20,,,,,Sylhet,,,
sylhet50epl,Gas,RPP ,27*2,50,50,,,Contract Expired,,Sylhet,,,
shahjahanulla25,Gas,"SIPP, REB",3*9.34,25,25,,,,,Sylhet,,,
bibiyanaiii400,Gas,PDB,400 MW,400,400,,400,Under maintenance,,Sylhet,,,
bheramarag123,HSD,PDB,3*20,60,46,,,,,Khulna,,,
khulna115kpcl2,HFO,QRPP,7*17,115,115,,,,,Khulna,,,
faridpur50peaking,HFO,PDB,8*6.89,54,54,,,,,Khulna,,,
khulna225,HSD,NWPGCL,1*150+1*75,230,230,,,,,Khulna,,,
gopalganj100peaking,HFO,PDB,16*6.98,109,109,,,,,Khulna,,,
bheramara410,Gas,NWPGCL,1*278+1*132,410,410,,,,,Khulna,,,
noapara40khanjahanali,HFO,QRPP,5*8.5,40,40,,,,,Khulna,,,
noapara100banglatrac,HSD,IPP,70*1.4,100,100,,,,,Khulna,,,
rupsha105orionrupsha,HFO,IPP,6*18.445,105,105,,,,,Khulna,,,
madhumati100,HFO,IPP,100 MW,105,105,,,,,Khulna,,,
barisal110summit,HFO,IPP,7*17.076,110,110,,,,,Barisal,,,
barisalg12,HSD,PDB,2*20,40,30,,,,,Barisal,,,
bhola33venture,Gas,RPP,1*34.50,33,33,,,,,Barisal,,,
bhola225,Gas,PDB,2*63+1*68,194,194,,,,,Barisal,,,
bhola95aggreko,Gas,QRPP,96*1.10,95,95,,,,,Barisal,,,
payra1320,Coal,NWPGCL,0,0,0,,,on test,,Barisal,,,
baghabari71g,Gas,PDB,1*71,71,71,,,,,Rajshahi,,,
baghabari100g,Gas,PDB,1*100,100,100,30,,Gas shortage,,Rajshahi,,,
baghabari50peaking,HFO,PDB,6*8.9,52,52,,,,,Rajshahi,,,
bera70peaking,HFO,PDB,9*8.29,71,71,,,,,Rajshahi,,,
amnura50sinha,HFO,QRPP,7*7.79,50,50,,,,,Rajshahi,,,
katakhali50northern,HFO,QRPP,6*8.9,50,50,,8,Engine problem,,Rajshahi,,,
sirajgonj2251,Gas/HSD,NWPGCL,1*150+1*75,210,210,,,FGMO,,Rajshahi,,,
sirajgonj2252,Gas/HSD,NWPGCL,1*150+1*75,220,220,,,FGMO,,Rajshahi,,,
sirajgonj2253,Gas/HSD,NWPGCL,1*141,220,220,,,FGMO,,Rajshahi,,,
sirajgonj4004,Gas/HSD,SNWPGCL,1*282+1*132,414,414,,,FGMO,,Rajshahi,,,
santahar50peaking,HFO,PDB,6*8.7,50,50,,,,,Rajshahi,,,
bogra22gbb,Gas,RPP ,6*4,22,22,,,,,Rajshahi,,,
bogura20energyprima,Gas,RPP ,5*3.3+5*2,20,10,,,,,Rajshahi,,,
ullapara11summit,Gas,"SIPP, REB",4*2.90,11,11,,,,,Rajshahi,,,
natore52rajlanka,HFO,IPP,52,52,52,,9,Engine problem,,Rajshahi,,,
chapainawabganj100peaking,HFO,PDB,104,104,104,,,,,Rajshahi,,,
baghabari200paramount,HSD,IPP,200 MW,200,200,,,,,Rajshahi,,,
bagura113confidence2,HFO,IPP,113 MW,113,113,,,,,Rajshahi,,,
confidencepowerbogura1113,HFO,IPP,6*18.55,113,113,,,,,Rajshahi,,,
barapukuria1,Coal,PDB,1*125,125,85,,,,,Rangpur,,,
barapukuria2,Coal,PDB,1*125,125,85,85,,Coal Shortage.,,Rangpur,,,
barapukuria2753,Coal,PDB,1*275,274,274,,,,,Rangpur,,,
rangpur20g,HSD,PDB,1*20,20,20,,,,,Rangpur,,,
saidpur20g,HSD,PDB,1*20,20,20,,,,,Rangpur,,,
rangpur113confidence,HFO,IPP,113 MW,113,113,,,,,Rangpur,,,
ghorasalrepowered4,Gas,PDB,1*210,210,180,180,,Gas shortage,,Dhaka,,,
ghorasal5,Gas,PDB,1*210,210,190,190,,Gas shortage,,Dhaka,,,
ghorashal108regent,Gas,IPP,34*3.35,108,108,108,,Gas shortage,,Dhaka,,,
haripurg,Gas,PDB,2*32,32,20,,20,Under maint.,,Dhaka,,,
haripur412,Gas,EGCB,1*273+1*139,412,400,,,,,Dhaka,,,
haripur360hpl,Gas,IPP,1*235+1*125,0,0,,,Contract Expired,,Dhaka,,,
meghnaghat450mpl,Gas,IPP,2*150+1*150,450,450,,450,Under maint.,2024-12-24 00:00:00,Dhaka,,,
meghnaghat100iel,HFO,NENP,12*8.9,0,0,,,Contract Expired,,Dhaka,,,
madanganj102summit,HFO,NENP,6*17,0,0,,,Contract Expired,,Dhaka,,,
madanganj55summit,HFO,IPP,3*17.08+1*11.3,55,55,,,,,Dhaka,,,
keraniganj100powerpac,HFO,NENP,8*13.45,100,75,,75,Engine problem,,Dhaka,,,
210siddhirgonj,Gas,PDB, 1*210,210,115,,115,under maint,,Dhaka,,,
siddhirgonj2120g,Gas,EGCB, 2*105,210,210,210,,Gas shortage,,Dhaka,,,
gagnagar102digitalpower,HFO,IPP,12*8.924,102,102,94,,Fuel shortage,,Dhaka,,,
katpotti52sinha,HFO,IPP,7*7.9,51,0,,,Contract Expired,,Dhaka,,,
manikganj55northern,HFO,IPP,3*19.3,55,55,,,,,Dhaka,,,
bosila108clc,HFO,IPP,12*8.775+1*3.5,108,0,,, ,,Dhaka,,,
summitpowermadhabdiashulia,Gas,"SIPP,REB",3*3.67+4*8.73,80,80,,32,Engine problem,,Dhaka,,,
maona33summit,Gas,"SIPP,REB",4*8.73,33,33,,8,Engine problem,,Dhaka,,,
gazipur52,HFO,RPCL,6*8.9,52,52,,,,,Dhaka,,,
kodda1491summit,HFO,IPP,8*18.45+8.97,149,149,,,,,Dhaka,,,
manikgonj162mpgl,HFO,IPP,9*18,162,162,,,,,Dhaka,,,
kanchanpurbachalpowergeneration,HFO,IPP,18.4*3,55,55,19,,Fuel shortage,,Dhaka,,,
meghnaghatuniquepower,Gas,IPP,586,584,584,84,,,,Dhaka,,,
summitmeghanghat2589,Gas,IPP,589,583,583,583,,Gas shortage,,Dhaka,,,
jerameghnaghatpowerlimited,Gas,IPP,718,0,0,,,On test.,,Dhaka,,,
chattogram1,Gas,PDB,1*210,210,180,,180,Under maint,,Chattogram,,,
raozan25,HFO,RPCL,3*8.9,25,25,,,,,Chattogram,,,
sikalbaha105barakasikalbaha,HFO,IPP,6*17.5,105,105,,,,,Chattogram,,,
hathazari100peaking,HFO,PDB,11*8.9,98,98,,24,Engine problem,,Chattogram,,,
dohazarikalaish100peaking,HFO,PDB,6*17,102,102,,52,Engine problem,,Chattogram,,,
juldah1001acorn,HFO,NENP,8*13.45,0,0,,,Contract Expired,,Chattogram,,,
juldah1003acorn,HFO,IPP,8*13.5,100,100,,,,,Chattogram,,,
barabkunda22regent,Gas,"SIPP, PDB",8*2.90,0,0,,,Contract Expired,,Chattogram,,,
chattogram108ecpv,HFO,IPP,16*7,108,108,58,,Fuel shortage,,Chattogram,,,
anwara300ed,HFO,IPP,17*17+24,300,300,200,,Fuel shortage,,Chattogram,,,
karnaphulipower,HFO,IPP,18.415*6+6.5,110,110,,,,,Chattogram,,,
juldah2acorn,HFO,IPP,8*13.6,100,100,,,,,Chattogram,,,
anlimaenergy,HFO,IPP,6*21.2,116,116,,,,,Chattogram,,,
mirsharai150,HFO,BPDB-RPCL,18.5*9,163,163,,,,,Chattogram,,,
sspoweri,Coal,IPP,2*612,1224,1224,564,,Coal shortage,,Chattogram,,,
coxsbazarwind,Wind,IPP,66,60,60,,,On test.,,Chattogram,,,
matarbari2600cpgcl,Coal,CPGCL,2*575,1150,1150,,575,Unit-1 Under maint,,Chattogram,,,
ashuganj3,Gas,APSCL,1*150,0,0,,,,,Cumilla,,,
ashuganj4,Gas,APSCL,1*150,0,0,,,,,Cumilla,,,
ashuganj5,Gas,APSCL,1*150,0,0,,,,,Cumilla,,,
ashuganj450south,Gas,APSCL,1*360,360,360,,360,Under maint.,,Cumilla,,,
ashuganj420east,Gas,APSCL,284*1+116*1,400,400,,400,Under maint.,,Cumilla,,,
ashuganj55precision,Gas,NENP,0,55,55,55,,Gas shortage,,Cumilla,,,
ashuganj195apscled,Gas,IPP,20*9.73+1*16,195,195,,,,,Cumilla,,,
ashuganj150midland,HFO,IPP,23*7.015,150,150,,10,Engine problem,,Cumilla,,,
titas50peaking,HFO,PDB,6*8.92,52,52,,7,Engine problem,,Cumilla,,,
chandpur150,Gas,PDB,1*106+1*57,163,163,113,,Gas shortage,,Cumilla,,,
chandpur200deshenergy,HFO,IPP,12*18.4,200,200,,,,,Cumilla,,,
feni11doreen,Gas,"SIPP, REB",4*2.90,11,11,,,Contract Expired,,Cumilla,,,
jangalia33summit,Gas,"SIPP, PDB",4*8.73,0,0,,,Contract Expired,,Cumilla,,,
chowmuhani113,HFO,IPP,12*9.78+2*3.1,113,113,,13,Engine problem,,Cumilla,,,
chandpur115doreen,HFO,IPP,4*18.5+2*22.5,115,115,23,,Fuel shortage,,Cumilla,,,
sonagazi75solarplant,Solar,EGCB,75,75,75,,,,,Cumilla,,,
rpcl210,Gas,IPP,4*35+1*70,210,202,168,,Gas shortage,,Mymensingh,,,
mymensingh200ed,HFO,IPP,9.78*21,200,200,105,,Fuel shortage,,Mymensingh,,,
jamalpur115ed,HFO,IPP,9.78*12,115,115,60,,Fuel shortage,,Mymensingh,,,
tangailpallipowergen22,HFO,IPP,4*6.7,22,22,,,,,Mymensingh,,,
bhairob545,HFO,IPP,3*18.2,54,54,,,,,Mymensingh,,,
sreepur150,HFO,BPDB-RPCL,150,0,0,,,,,Mymensingh,,,
fenchugonjphase1,Gas,PDB,2*32+1*33,97,70,,40,Gas shortage,,Sylhet,,,
fenchugonjphase2,Gas,PDB,2*35+1*35,104,90,,90,Gas shortage,,Sylhet,,,
fenchugonj51barakatullah,Gas,RPP ,19*2.90,0,0,,,Contract Expired,,Sylhet,,,
hobiganj11cofidencee,Gas,"SIPP, REB",4*2.90,11,11,,9,Engine problem,,Sylhet,,,
shahjibazarg89,Gas,PDB,2*35,70,66,8,,,,Sylhet,,,
shahjibazar100g,Gas,PDB,1*100,100,100,,,,,Sylhet,,,
sylhet225,Gas,PDB,1*142+1*89,231,231,,31,machine problem,,Sylhet,,,
shahjahanulla25,Gas,"SIPP, REB",3*9.34,25,25,,3,Engine problem,,Sylhet,,,
bibianaii341summit,Gas,IPP,1*222+1*119,341,341,31,,FGMO,,Sylhet,,,
bibiyanaiii400,Gas,PDB,285*1+134*1,400,400,,130,machine problem,,Sylhet,,,
sylhet10desh,Gas,RPP ,6*1.95,0,0,,,Contract Expired,,Sylhet,,,
bibiyanasouth400,Gas,PDB,400 MW,383,383,,,,,Sylhet,,,
khulna115kpcl2,HFO,NENP,7*17,0,0,,,Contract Expired,,Khulna,,,
faridpur50peaking,HFO,PDB,8*6.89,54,54,,19,Engine problem,,Khulna,,,
gopalganj100peaking,HFO,PDB,16*6.98,109,109,,49,Engine problem,,Khulna,,,
bheramara410,Gas,NWPGCL,1*278+1*132,410,410,60,,Gas shortage,,Khulna,,,
noapara40khanjahanali,HFO,NENP,5*8.5,0,0,,,Contract Expired,,Khulna,,,
noapara100banglatrac,HSD,IPP,70*1.4,0,0,,,Contract Expired,,Khulna,,,
rupsha105orionrupsha,HFO,IPP,6*18.445,105,105,105,,Fuel shortage,,Khulna,,,
khulna330,Gas/HSD,PDB,1*220+1*110,336,336,,,,,Khulna,,,
rampal1320bifpcl,Coal,NTPC&BPDB,617*2,1234,1234,,,,,Khulna,,,
nepal,0,Imported power,40,0,0,,,,,Khulna,,,
barisal110summit,HFO,IPP,7*17.076,110,110,110,,Fuel shortage,,Barisal,,,
bhola33venture,Gas,NENP,1*34.50,40,10,,,,,Barisal,,,
bhola225,Gas,PDB,2*63+1*68,194,194,,194,Machine problem,,Barisal,,,
bhola95aggreko,Gas,QRPP,96*1.10,0,0,,,Contract Expired,,Barisal,,,
payra1320,Coal,BCPCL,2*622,1244,1244,,622,Gopalganj(N)-Payara 400 kV ckt-1 & 2 S/D,,Barisal,,,
barisal307,Coal,IPP,307*1,307,307,,,Gopalganj(N)-Payara 400 kV ckt-1 & 2 S/D,,Barisal,,,
barisal1solarplant,Solar,PDB,1,1,1,,,,,Barisal,,,
baghabari71g,Gas,PDB,1*71,71,71,11,,,,Rajshahi,,,
baghabari50peaking,HFO,PDB,6*8.9,52,52,,12,Engine problem,,Rajshahi,,,
bera70peaking,HFO,PDB,9*8.29,71,71,,46,Engine problem,,Rajshahi,,,
katakhali50northern,HFO,QRPP,6*8.9,0,0,,,Contract Expired,,Rajshahi,,,
katakhali50peaking,HFO,PDB,6*8.7,50,50,,18,Engine problem,,Rajshahi,,,
sirajgonj2251,Gas/HSD,NWPGCL,1*150+1*75,210,210,20,,,,Rajshahi,,,
sirajgonj2252,Gas/HSD,NWPGCL,1*150+1*75,220,220,40,,,,Rajshahi,,,
sirajgonj2253,Gas/HSD,NWPGCL,1*141,220,220,30,,,,Rajshahi,,,
sirajgonj4004,Gas/HSD,"IPP, SNWPGCL",1*282+1*132,414,414,,414,under maint,2025-01-31 00:00:00,Rajshahi,,,
santahar50peaking,HFO,PDB,6*8.7,50,50,,26,Engine problem,,Rajshahi,,,
natore52rajlanka,HFO,IPP,6*8.92,52,52,,,,,Rajshahi,,,
chapainawabganj100peaking,HFO,PDB,12*8.924,104,104,,9,Engine problem,,Rajshahi,,,
baghabari200paramount,HSD,IPP,135*1.6,0,0,,,Contract Expired,,Rajshahi,,,
bagura113confidence2,HFO,IPP,6*18.55+7.2,113,113,,,,,Rajshahi,,,
sirajganj68solarpark,Solar,IPP,68,68,68,,,,,Rajshahi,,,
pabnasolar100,Solar,IPP,100,0,0,,,,,Rajshahi,,,
barapukuria1,Coal,PDB,1*125,125,85,,85,Machine problem,,Rangpur,,,
barapukuria2753,Coal,PDB,1*275,274,274,,114,Machine problem,,Rangpur,,,
rangpur113confidence,HFO,IPP,9*6.984+7*7.015+3.15*2,113,113,,,,,Rangpur,,,
energypacpowerventurethakurgaon,HFO,IPP,115,115,115,,,,,Rangpur,,,
teestasolarlimited,Solar,IPP,16*12.5,200,200,,,,,Rangpur,,,
ghorasalst12,Gas,PDB,2*55,110,85,,49,Unit-1 under maint.,,Dhaka,,,
ghorasalgt3,Gas,PDB,1*210,210,170,,,On test.,,Dhaka,,,
ghorasalgt4,Gas,PDB,1*210,210,180,,,On test.,,Dhaka,,,
ghorasalst5,Gas,PDB,1*210,210,190,,,,,Dhaka,,,
ghorasalst7,Gas,PDB,1*243+1*122,365,365,,,,,Dhaka,,,
ghorashal78max,Gas,QRPP,2*40,78,78,78,,Gas shortage,,Dhaka,,,
ghorashalregent,Gas,IPP,34*3.35,108,108,108,,Gas shortage,,Dhaka,,,
haripurgt12,Gas,"SBU, PDB",2*32,64,40,40,,Gas shortage,,Dhaka,,,
haripur412,Gas,EGCB,1*273+1*139,412,412,,,Under maint.,,Dhaka,,,
haripurnepc110,HFO,IPP,8*15,110,110,,,,,Dhaka,,,
haripurpower360,Gas,IPP,1*235+1*125,360,360,,,,,Dhaka,,,
meghnaghat450,Gas,IPP,2*150+1*150,450,450,,,,,Dhaka,,,
meghnaghatiel,HFO,QRPP,12*8.9,100,100,,,,,Dhaka,,,
meghnaghatsummit,Gas,IPP,2*110+1*110,305,305,,,,,Dhaka,,,
madanganj102,HFO,QRPP ,6*17,102,100,,,,,Dhaka,,,
madanganj55,HFO,(IPP),3*17.08+1*11.3,55,55,,,,,Dhaka,,,
keraniganjpowerpac100,HFO,QRPP,8*13.45,100,100,,,,,Dhaka,,,
narshingdidoreen,Gas,"SIPP, REB",8*2.90,22,22,,,,,Dhaka,,,
siddhirgonjst210,Gas,PDB, 1*210,210,115,115,,Gas shortage,,Dhaka,,,
siddhirgonjgt12,Gas,EGCB, 2*105,210,210,113,,Gas shortage,,Dhaka,,,
siddhirganjdesh,HSD,QRPP ,96*1.2,100,100,,,Contract expired,,Dhaka,,,
siddhirganjdutchbangla,HFO,QRPP ,12*8.9,100,100,,,,,Dhaka,,,
siddhirganj335,Gas,EGCB,1*217,217,217,217,,On test.,,Dhaka,,,
pagladpa,HSD,QRPP ,100*0.5,0,0,,,Contract expired,,Dhaka,,,
gagnagarorion,HFO,IPP,12*8.924,102,102,,,,,Dhaka,,,
katpotti51,HFO,IPP,7*7.9,51,51,,,,,Dhaka,,,
bancoenergy54,HFO,IPP,3*18,54,54,,,,,Dhaka,,,
kodda149,HFO,BPDB-RPCL,9*17.06,149,149,,,,,Dhaka,,,
northern55,HFO,IPP,3*19.3,55,55,,,,,Dhaka,,,
southern55,HFO,IPP,3*19.3,55,55,,,,,Dhaka,,,
bosila108,HFO,IPP,12*8.775+1*3.5,108,108,,54,Engine problem,,Dhaka,,,
summitpowermadhabdiashulia,Gas,"SIPP,REB",3*3.67+4*8.73,80,80,,23,Engine problem,,Dhaka,,,
summitmaona,Gas,"SIPP,REB",4*8.73,33,33,,,,,Dhaka,,,
summitrupganj,Gas,"SIPP,REB",4*8.73,33,33,,,,,Dhaka,,,
gazipurrpcl,HFO,IPP,6*8.9,52,52,,,,,Dhaka,,,
tongigt,Gas,PDB,1* 105,105,105,105,,Gas shortage,,Dhaka,,,
summitgazipur2,HFO,IPP,18*17.076,300,300,,,,,Dhaka,,,
aprenergykeranigonj,HSD,IPP,256*1.4,300,300,,,,,Dhaka,,,
aggrekoaurahati100,HSD,IPP,0.85*23+0.95*91,100,100,,,,,Dhaka,,,
summitgazipur1150,HFO,IPP,149,149,149,,,,,Dhaka,,,
gazipur100,HFO,RPCL,100 MW,0,0,,,,,Dhaka,,,
chattogramst1raozan,Gas,PDB,1*210,210,180,80,,Gas shortage,,Chattogram,,,
chittgongst2raozan,Gas,PDB,1*210,210,180,60,,Gas shortage,,Chattogram,,,
raozan25rpcl,HFO,IPP,3*8.9,25,25,,,,,Chattogram,,,
teknafsolartech20,Solar,Teknaf Solartech Energy Ltd.,20,20,20,,,,,Chattogram,,,
patenga50,HFO,IPP,8*6.98,50,50,,,,,Chattogram,,,
kaptaihydro12345,Hydro,PDB,2*40+3*50,230,230,,120,Low water lavel,,Chattogram,,,
sikalbahast60,Gas,PDB,1*60,60,40,,40,Under S/D,,Chattogram,,,
sikalbaha225,Gas/HSD,PDB,1*150+1*175,225,225,,,Under maint.,23/04/2019,Chattogram,,,
sikalbahaenergis,HFO,RPP ,4*12.5+2*11.9+1*3+1*1.5,51,51,,10,Engine problem,,Chattogram,,,
hathazaripeaking,HFO,PDB,11*8.9,98,98,,,,,Chattogram,,,
dohazaripeaking,HFO,PDB,6*17,102,102,,,,,Chattogram,,,
juldahacorn,HFO,QRPP,8*13.45,100,100,,,,,Chattogram,,,
juldah1003,HFO,IPP,0,100,100,,,,,Chattogram,,,
barabkundaregent,Gas,"SIPP, PDB",8*2.90,22,22,,, ,,Chattogram,,,
chattogramecpv108,HFO,IPP,16*7,108,108,,,,,Chattogram,,,
ashuganjst3,Gas,APSCL,1*150,150,135,135,,Gas shortage,,Cumilla,,,
ashuganjst4,Gas,APSCL,1*150,150,129,129,,Gas shortage,,Cumilla,,,
ashuganjst5,Gas,APSCL,1*150,150,134,,54,Gas shortage,,Cumilla,,,
ashuganj225,Gas,APSCL,1*142+1*75,221,221,,,,,Cumilla,,,
ashuganjnorth,Gas,APSCL,1*360,360,360,,,,,Cumilla,,,
ashuganjsouth,Gas,APSCL,1*360,360,360,,,,,Cumilla,,,
ashuganjenginestsk,Gas,APSCL,14*3.968,53,45,,,,,Cumilla,,,
ashuganjprecision55,Gas,RPP ,15*4,55,55,,,,,Cumilla,,,
ashuganjed53,Gas,QRPP,14*4,53,53,48,,Gas Shortage,,Cumilla,,,
ashuganj195modular,Gas,IPP,20*9.73+1*16,195,195,,,,,Cumilla,,,
ashuganjmidland51,Gas,IPP,6*9.34,51,51,,6,Engine problem,,Cumilla,,,
midland150,HFO,IPP,23*7.015,150,150,,,,,Cumilla,,,
bbariaaggreko85,Gas,QRPP ,86*1.10,85,85,,,Contract expired,,Cumilla,,,
daudkandipeaking52,HFO,PDB,6*8.92,52,52,,,,,Cumilla,,,
chandpur,Gas,PDB,1*106+1*57,163,163,,,,,Cumilla,,,
chandpurdesh200,HFO,IPP,0,200,200,,,,,Cumilla,,,
fenidoreen22,Gas,"SIPP, PDB",8*2.90,22,22,,,,,Cumilla,,,
fenimohipaldoreen,Gas,"SIPP, REB",4*2.90,11,11,,,,,Cumilla,,,
tripura,,Imported power,0,160,160,,, ,,Cumilla,,,
jangaliasummit33,Gas,"SIPP, PDB",4*8.73,33,33,,,,,Cumilla,,,
lakdhanvi52,HFO,IPP,6*8.92,52,52,,,,,Cumilla,,,
summitcumilla25,Gas,"SIPP, PDB",3*3.67+2*6.97,25,25,,,,,Cumilla,,,
daudkandibanglatrak,HSD,IPP,154*1.4,200,200,,,,,Cumilla,,,
mymensinghrpcl210,Gas,IPP,4*35+1*70,210,202,,,Gas shortage,,Mymensingh,,,
tangaildoreen22,Gas,"SIPP, PDB",8*2.90,22,22,,,,,Mymensingh,,,
jamalpur95,HFO,IPP,12*8.924,95,95,,10,Engine problem,,Mymensingh,,,
sarishabarisolar,Solar,IPP,1*3,3,3,,,,,Mymensingh,,,
edmymensinghl,HFO,IPP,200,200,200,,,,,Mymensingh,,,
edjamalpurl,HFO,IPP,115 MW,115,115,,,,,Mymensingh,,,
fenchugonj1,Gas,PDB,2*32+1*33,97,70,,,,,Sylhet,,,
fenchugonj2,Gas,PDB,!F71,104,90,,,,,Sylhet,,,
kushiara163gt,Gas,IPP,1*109+1*54,163,163,,,,,Sylhet,,,
shajibazar330,Gas,PDB,3*110,330,330,,," FGMO, GT-2 under maint.",,Sylhet,,,
fenchugonjbarakatullah51,Gas,RPP ,19*2.90,51,51,,,,,Sylhet,,,
fenchuganjepl44,Gas,RPP,12*3.3+5*2,44,44,,,,,Sylhet,,,
hobiganj11,Gas,"SIPP, REB",4*2.90,11,11,,,,,Sylhet,,,
shahjibazargt89,Gas,PDB,2*35,70,66,,,FGMO,,Sylhet,,,
shahjibazar86,Gas,RPP ,32*2.90,86,86,,,,,Sylhet,,,
shahjibazarepl50,Gas,RPP,27*2.0,50,50,,4,Engine problem,,Sylhet,,,
sylhetgt150,Gas,PDB,1*142,142,142,,,,,Sylhet,,,
sylhetgt20,Gas,PDB,1*20,20,20,,,,,Sylhet,,,
sylhetepl50,Gas,RPP ,27*2,50,50,,,,,Sylhet,,,
summitbibiana2,Gas,IPP,1*222+1*119,341,341,,,FGMO,,Sylhet,,,
bibiyana3285,Gas,PDB,285 MW,0,0,,,On test,,Sylhet,,,
sylhetdesh10,Gas,RPP ,6*1.95,10,10,,,,,Sylhet,,,
bheramaragt123,HSD,PDB,3*20,60,46,,,,,Khulna,,,
khulnakpcl13,HFO,IPP,19*6.5,0,0,,,Contract expired,,Khulna,,,
khulnakpcl2,HFO,QRPP,7*17,115,115,,,,,Khulna,,,
faridpurpeaking,HFO,PDB,8*6.89,54,54,,,,,Khulna,,,
khulna225,HSD,NWPGCL,1*150+1*75,230,230,,,Reserve,,Khulna,,,
gopalganjpeaking,HFO,PDB,16*6.98,109,109,,,,,Khulna,,,
bheramara360,Gas,NWPGCL,1*278+1*132,410,410,,410,Under maint.,,Khulna,,,
noaparakza40,HFO,QRPP,5*8.5,40,40,,,,,Khulna,,,
khulnaaggreeco55,HSD,QRPP,71*0.85,0,0,,,Contract Expired,,Khulna,,,
banglatraknoapara,HSD,IPP,70*1.4,100,100,,,,,Khulna,,,
labonchora105,HFO,IPP,6*18.445,105,105,,,,,Khulna,,,
madhumatipowerplant,HFO,IPP,100 MW,0,0,,,,,Khulna,,,
summitbarisal110,HFO,IPP,7*17.076,110,110,,,,,Barisal,,,
barisalgt12,HSD,PDB,2*20,40,30,,,,,Barisal,,,
bholaventure33,Gas,RPP,1*34.50,33,33,,,,,Barisal,,,
bhola194,Gas,PDB,2*63+1*68,194,194,,,,,Barisal,,,
bholaaggreko95,Gas,QRPP,96*1.10,95,95,,,,,Barisal,,,
baghabarigt71,Gas,PDB,1*71,71,71,,,Gas shortage,,Rajshahi,,,
baghabarigt100,Gas,PDB,1*100,100,100,,,Gas shortage,,Rajshahi,,,
baghabaripeaking50,HFO,PDB,6*8.9,52,52,,,,,Rajshahi,,,
berapeaking,HFO,PDB,9*8.29,71,71,,,,,Rajshahi,,,
amnura50,HFO,QRPP,7*7.79,50,50,,15,Engine problem,,Rajshahi,,,
katakhalinorthern,HFO,QRPP,6*8.9,50,50,,,,,Rajshahi,,,
katakhalipeaking,HFO,PDB,6*8.7,50,50,,,,,Rajshahi,,,
sirajgonj1225,Gas/HSD,NWPGCL,1*150+1*75,210,210,,,FGMO,,Rajshahi,,,
sirajgonj2225,Gas/HSD,NWPGCL,1*150+1*75,220,220,,,FGMO,,Rajshahi,,,
sirajgonj3225,Gas/HSD,NWPGCL,1*141,220,220,,,FGMO,,Rajshahi,,,
sirajgonj4414,Gas,SNWPGCL,1*282,282,282,,,ON test,,Rajshahi,,,
santaharpeaking,HFO,PDB,6*8.7,50,50,,,,,Rajshahi,,,
bogragbb,Gas,RPP ,6*4,22,22,,,,,Rajshahi,,,
bograepl,Gas,RPP ,5*3.3+5*2,20,10,,,,,Rajshahi,,,
ullaparasummit,Gas,"SIPP, REB",4*2.90,11,11,,,,,Rajshahi,,,
rajlanka52,HFO,IPP,52,52,52,,9,Engine problem,,Rajshahi,,,
chapainawabganj100,HFO,PDB,104,104,104,,,,,Rajshahi,,,
paramountbaghabari,HSD,IPP,200 MW,200,200,,,Reserve,,Rajshahi,,,
confidencecpbl2,HFO,IPP,113 MW,113,113,,,On test,,Rajshahi,,,
barapukuria1,Coal,PDB,1*125,125,85,,85,Under overhauling,,Rangpur,,,
barapukuria2,Coal,PDB,1*125,125,85,,,,,Rangpur,,,
barapukuria3,Coal,PDB,1*275,274,274,89,,,,Rangpur,,,
rangpurgt,HSD,PDB,1*20,20,20,,,,,Rangpur,,,
saidpurgt,HSD,PDB,1*20,20,20,,,,,Rangpur,,,
ghorasalrepowered4,Gas,PDB,1*210,210,180,60,,Gas shortage,,Dhaka,,,
ghorasal3657,Gas,PDB,1*243+1*122,365,365,165,,Gas shortage,,Dhaka,,,
haripur412,Gas,EGCB,1*273+1*139,412,412,412,,Gas shortage,,Dhaka,,,
meghnaghat450mpl,Gas,IPP,2*150+1*150,450,450,170,,Gas shortage,,Dhaka,,,
meghnaghat100iel,HFO,QRPP,12*8.9,100,0,,,Contract Expired,,Dhaka,,,
meghnaghatsummit,Gas,IPP,2*110+1*110,305,305,,,FGMO,,Dhaka,,,
madanganj102summit,HFO,QRPP ,6*17,102,0,,,,,Dhaka,,,
keraniganj100powerpac,HFO,QRPP,8*13.45,100,100,,75,Engine problem,,Dhaka,,,
siddhirganj100dutchbangla,HFO,QRPP ,12*8.9,100,0,,,Contract Expired,,Dhaka,,,
siddhirganj335,Gas,EGCB,1*217+118,335,335,,335,Gas shortage,,Dhaka,,,
katpotti52sinha,HFO,IPP,7*7.9,51,0,,,,,Dhaka,,,
kamalaghat54bancoenergy,HFO,IPP,3*18,54,54,,19,Engine problem,,Dhaka,,,
nababganj55southernpower,HFO,IPP,3*19.3,55,55,,20,Engine problem,,Dhaka,,,
tongi80g,Gas,PDB,1* 105,105,105,,105,Under maint.,,Dhaka,,,
meghnaghat104opcl,HFO,IPP,18.5*6,104,104,,,,,Dhaka,,,
kanchanpurbachalpowergeneration,HFO,IPP,55,0,0,,,,,Dhaka,,,
chattogram1,Gas,PDB,1*210,210,180,,180,Under maint.,,Chattogram,,,
chattogram2,Gas,PDB,1*210,210,180,,180,Under maint.,,Chattogram,,,
karnaphulihydro12345,Hydro,PDB,2*40+3*50,230,230,,144,Low Water Level & Unit 4 & 5  U/M.,,Chattogram,,,
sikalbaha225,Gas/HSD,PDB,1*150+1*175,225,225,,225,Under maint,,Chattogram,,,
hathazari100peaking,HFO,PDB,11*8.9,98,98,,98,Under S/D.,,Chattogram,,,
dohazarikalaish100peaking,HFO,PDB,6*17,102,102,,32,Engine problem,,Chattogram,,,
juldah1003acorn,HFO,IPP,0,100,100,,10,Engine problem,,Chattogram,,,
chattogram108ecpv,HFO,IPP,16*7,108,108,,18,Engine problem,,Chattogram,,,
ashuganj3,Gas,APSCL,1*150,150,135,135,,Gas shortage,,Cumilla,,,
ashuganj5,Gas,APSCL,1*150,150,134,54,,Gas shortage,,Cumilla,,,
ashuganj450south,Gas,APSCL,1*360,360,360,,360,Under maint,,Cumilla,,,
ashuganj50,Gas,APSCL,14*3.968,53,45,,16,Engine problem,,Cumilla,,,
ashuganj55precision,Gas,RPP ,15*4,55,55,,,,,Cumilla,,,
ashuganj195apscled,Gas,IPP,20*9.73+1*16,195,195,159,,Gas shortage,,Cumilla,,,
ashuganj150midland,HFO,IPP,23*7.015,150,150,,13,Engine problem,,Cumilla,,,
chandpur150,Gas,PDB,1*106+1*57,163,163,,23,Machine problem.,,Cumilla,,,
bhairob545,HFO,IPP,3*18.2,54,54,,37,33 kV feeder fault,,Cumilla,,,
chandpur115doreen,HFO,IPP,115,0,0,,,On test,,Cumilla,,,
rpcl210,Gas,IPP,4*35+1*70,210,202,82,,Gas shortage,,Mymensingh,,,
jamalpur95powerpac,HFO,IPP,12*8.924,95,8,,8,Engine problem,,Mymensingh,,,
mymensingh200ed,HFO,IPP,200,200,200,,,,,Mymensingh,,,
fenchugonjphase1,Gas,PDB,2*32+1*33,97,70,,27,Machine problem.,,Sylhet,,,
fenchugonjphase2,Gas,PDB,2*35+1*35,104,90,,47,Machine problem.,,Sylhet,,,
fenchuganj44energyprima,Gas,RPP,12*3.3+5*2,0,0,,,Contract Expired,,Sylhet,,,
shahjibazarg89,Gas,PDB,2*35,70,66,,,,,Sylhet,,,
shahjibazar100g,Gas,PDB,1*100,100,100,,20,Engine prolem,,Sylhet,,,
sylhet225,Gas,PDB,1*142+1*89,231,231,,31,Machine problem,,Sylhet,,,
sylhet50epl,Gas,RPP ,27*2,0,0,,,Contract Expired,,Sylhet,,,
bibianaii341summit,Gas,IPP,1*222+1*119,341,341,,341,Under maint,,Sylhet,,,
bibiyanaiii400,Gas,PDB,400 MW,400,400,,400,Under maint,,Sylhet,,,
bheramarag3,HSD,PDB,1*20,20,16,,,,,Khulna,,,
khulna115kpcl2,HFO,QRPP,7*17,115,0,,,Contract Expired,,Khulna,,,
faridpur50peaking,HFO,PDB,8*6.89,54,54,,24,Engine problem,,Khulna,,,
gopalganj100peaking,HFO,PDB,16*6.98,109,109,,69,Engine problem,,Khulna,,,
noapara40khanjahanali,HFO,QRPP,5*8.5,0,0,,,Contract Expired,,Khulna,,,
madhumati100,HFO,NWPGCL,100 MW,105,105,,,,,Khulna,,,
monglaorion100solar,Solar,IPP,100,0,0,,,,,Khulna,,,
bhola33venture,Gas,RPP,1*34.50,33,33,,9,Engine problem,,Barisal,,,
bhola225,Gas,PDB,2*63+1*68,194,194,104,,Gas shortage,,Barisal,,,
bhola95aggreko,Gas,QRPP,96*1.10,95,95,84,,Gas shortage,,Barisal,,,
baghabari71g,Gas,PDB,1*71,71,71,70,,Gas shortage,,Rajshahi,,,
bera70peaking,HFO,PDB,9*8.29,71,71,,41,Engine problem,,Rajshahi,,,
amnura50sinha,HFO,QRPP,7*7.79,50,50,,25,Engine problem,,Rajshahi,,,
katakhali50northern,HFO,QRPP,6*8.9,50,50,,,,,Rajshahi,,,
katakhali50peaking,HFO,PDB,6*8.7,50,50,,17,Engine problem,,Rajshahi,,,
santahar50peaking,HFO,PDB,6*8.7,50,50,,20,Engine problem,,Rajshahi,,,
bogura20energyprima,Gas,RPP ,5*3.3+5*2,20,0,,,Contract Expired,,Rajshahi,,,
natore52rajlanka,HFO,IPP,52,52,52,,,,,Rajshahi,,,
barapukuria2,Coal,PDB,1*125,125,85,,85,Under maint.,,Rangpur,,,
barapukuria2753,Coal,PDB,1*275,274,274,74,,Coal shortage,,Rangpur,,,
rangpur20g,HSD,PDB,1*20,20,20,,20,,,Rangpur,,,
saidpur20g,HSD,PDB,1*20,20,20,,20,,,Rangpur,,,
energypacpowerventurethakurgaon,HFO,IPP,115,0,0,,,,,Rangpur,,,
ghorasalrepowered4,Gas,PDB,1*210,210,180,,180,Line O/L,,Dhaka,,,
ghorasal5,Gas,PDB,1*210,210,190,,,,,Dhaka,,,
ghorasal3657,Gas,PDB,1*243+1*122,365,365,,365,Under maint,,Dhaka,,,
ghorashal108regent,Gas,IPP,34*3.35,108,108,38,,Gas shortage,,Dhaka,,,
haripur412,Gas,EGCB,1*273+1*139,412,412,412,,Gas line maintenance,,Dhaka,,,
haripur360hpl,Gas,IPP,1*235+1*125,360,360,40,,Gas shortage,,Dhaka,,,
meghnaghat450mpl,Gas,IPP,2*150+1*150,450,450,225,,Gas shortage,,Dhaka,,,
meghnaghat100iel,HFO,NENP,12*8.9,100,100,,16,Engine problem,,Dhaka,,,
meghnaghatsummit,Gas,IPP,2*110+1*110,335,335,335,,Gas line maintenance,,Dhaka,,,
madanganj102summit,HFO,NENP,6*17,102,102,,102,Under maint,,Dhaka,,,
madanganj55summit,HFO,IPP,3*17.08+1*11.3,55,55,,40,Under maint,,Dhaka,,,
keraniganj100powerpac,HFO,QRPP,8*13.45,100,0,,,Contract Expired,,Dhaka,,,
siddhirganj100dutchbangla,HFO,NENP,12*8.9,100,100,,12,Engine problem,,Dhaka,,,
siddhirganj335,Gas,EGCB,1*217+118,335,335,335,,Gas shortage,,Dhaka,,,
gagnagar102digitalpower,HFO,IPP,12*8.924,102,102,,10,Engine problem,,Dhaka,,,
kamalaghat54bancoenergy,HFO,IPP,3*18,54,54,,,Engine problem,,Dhaka,,,
kodda150,HFO,BPDB-RPCL,9*17.06,149,149,,16,Engine problem,,Dhaka,,,
kodda3002summit,HFO,IPP,18*17.076,300,300,,9,Engine problem,,Dhaka,,,
keranigonj300apr,HSD,IPP,256*1.4,300,300,150,,Fuel conservation,,Dhaka,,,
bramhangoan100aggreko,HSD,IPP,114*0.959,100,100,50,,Fuel conservation,,Dhaka,,,
aurahati100aggreko,HSD,IPP,0.85*23+0.95*91,100,100,50,,Fuel conservation,,Dhaka,,,
kodda1491summit,HFO,IPP,8*18.45+8.97,149,149,,14,Engine problem,,Dhaka,,,
meghnaghat104opcl,HFO,IPP,18.5*6,104,104,24,,Fuel shortage,,Dhaka,,,
kanchanpurbachalpowergeneration,HFO,IPP,18.4*3,55,55,21,,Fuel shortage,,Dhaka,,,
patenga50baraka,HFO,IPP,8*6.98,50,50,,6,Engine problem,,Chattogram,,,
karnaphulihydro12345,Hydro,PDB,2*40+3*50,230,230,78,,Low Water Level ,,Chattogram,,,
sikalbaha225,Gas/HSD,PDB,1*150+1*175,225,225,,75,ST under maint,,Chattogram,,,
hathazari100peaking,HFO,PDB,11*8.9,98,98,67,,Fuel shortage,,Chattogram,,,
dohazarikalaish100peaking,HFO,PDB,6*17,102,102,51,,Fuel shortage,,Chattogram,,,
juldah1001acorn,HFO,NENP,8*13.45,100,100,45,,Fuel shortage,,Chattogram,,,
juldah1003acorn,HFO,IPP,8*13.5,100,100,,50,Fuel shortage,,Chattogram,,,
barabkunda22regent,Gas,"SIPP, PDB",8*2.90,22,22,,22,Engine problem,,Chattogram,,,
anwara300ed,HFO,IPP,17*17+24,300,300,,,,,Chattogram,,,
jodiacpower,HFO,IPP,3*18.55+1*3.6,54,54,,0,Engine problem,,Chattogram,,,
karnaphulipower,HFO,IPP,18.415*6+6.5,110,110,,19,Engine problem,,Chattogram,,,
juldah2acorn,HFO,IPP,8*13.6,100,100,,50,Fuel shortage,,Chattogram,,,
anlimaenergy,HFO,IPP,6*21.2,116,116,,9,Engine problem,,Chattogram,,,
mirsharai150,Gas/HSD,BPDB-RPCL,18.5*9,0,0,,,,,Chattogram,,,
ashuganj225,Gas,APSCL,1*142+1*75,221,221,21,,Gas shortage,,Cumilla,,,
ashuganj450north,Gas,APSCL,1*360,360,360,35,,Gas shortage,,Cumilla,,,
ashuganj450south,Gas,APSCL,1*360,360,360,,,Gas shortage,,Cumilla,,,
ashuganj420east,Gas,APSCL,284*1+136*1,284,284,,,On test.,,Cumilla,,,
ashuganj50,Gas,APSCL,14*3.968,53,45,,,Gas shortage,,Cumilla,,,
ashuganj55precision,Gas,QRPP,15*4,55,55,50,,Gas shortage,,Cumilla,,,
ashuganj195apscled,Gas,IPP,20*9.73+1*16,195,195,187,,Gas shortage,,Cumilla,,,
ashuganj51midland,Gas,IPP,6*9.34,51,51,,,Gas shortage,,Cumilla,,,
ashuganj150midland,HFO,IPP,23*7.015,150,150,86,,Fuel shortage,,Cumilla,,,
titas50peaking,HFO,PDB,6*8.92,52,52,,9,Engine problem,,Cumilla,,,
chandpur150,Gas,PDB,1*106+1*57,163,163,113,,Gas shortage.,,Cumilla,,,
jangalia52lakdanavi,HFO,IPP,6*8.92,52,52,36,,Fuel shortage,,Cumilla,,,
cumilla25summit,Gas,"SIPP, REB",3*3.67+2*6.97,25,25,,4,Engine problem,,Cumilla,,,
daudkandi200btrac,HSD,IPP,154*1.4,200,200,100,,Fuel conservation,,Cumilla,,,
chowmuhani113,HFO,IPP,12*9.78+2*3.1,113,113,104,,Fuel shortage,,Cumilla,,,
bhairob545,HFO,IPP,3*18.2,54,54,,19,Engine problem,,Cumilla,,,
chandpur115doreen,HFO,IPP,4*18.5+2*22.5,115,115,,,,,Cumilla,,,
rpcl210,Gas,IPP,4*35+1*70,210,202,92,,Gas shortage,,Mymensingh,,,
tangail22doreen,Gas,"SIPP, PDB",8*2.90,22,22,,14,Gas shortage,,Mymensingh,,,
jamalpur95powerpac,HFO,IPP,12*8.924,95,0,,,                                                                                                                                                                                                                                                                                                                                                                                                                                   ,,Mymensingh,,,
mymensingh200ed,HFO,IPP,9.78*21,200,200,100,,Fuel shortage,,Mymensingh,,,
jamalpur115ed,HFO,IPP,9.78*12,115,115,,35,Engine problem,,Mymensingh,,,
tangailpallipowergen22,HFO,IPP,4*6.7,22,22,,10,Fuel shortage,,Mymensingh,,,
fenchugonjphase1,Gas,PDB,2*32+1*33,97,70,,40,Machine problem.,,Sylhet,,,
fenchugonjphase2,Gas,PDB,2*35+1*35,104,90,,48,Machine problem,,Sylhet,,,
kushiara163kp,Gas,IPP,1*109+1*54,163,163,163,,Gas shortage,,Sylhet,,,
fenchugonj51barakatullah,Gas,RPP ,19*2.90,51,51,50,,Gas shortage,,Sylhet,,,
fenchuganj44energyprima,Gas,NENP,12*3.3+5*2,50,50,50,,Gas shortage,,Sylhet,,,
hobiganj11cofidencee,Gas,"SIPP, REB",4*2.90,11,11,9,,Gas shortage,,Sylhet,,,
sylhet225,Gas,PDB,1*142+1*89,231,231,,,,,Sylhet,,,
sylhet50epl,Gas,NENP,27*2,50,50,50,,Gas shortage,,Sylhet,,,
shahjahanulla25,Gas,"SIPP, REB",3*9.34,25,25,25,,Gas shortage,,Sylhet,,,
bibiyanaiii400,Gas,PDB,400 MW,400,400,,,,,Sylhet,,,
bheramarag3,HSD,PDB,1*20,20,16,16,,,,Khulna,,,
khulna115kpcl2,HFO,NENP,7*17,115,115,16,,Fuel shortage,,Khulna,,,
faridpur50peaking,HFO,PDB,8*6.89,54,54,11,,Fuel shortage,,Khulna,,,
gopalganj100peaking,HFO,PDB,16*6.98,109,109,37,,Fuel shortage,,Khulna,,,
bheramara410,Gas,NWPGCL,1*278+1*132,410,410,220,,Gas shortage,,Khulna,,,
noapara40khanjahanali,HFO,NENP,5*8.5,40,40,32,,Fuel shortage,,Khulna,,,
noapara100banglatrac,HSD,IPP,70*1.4,100,100,50,,Fuel conservation,,Khulna,,,
rupsha105orionrupsha,HFO,IPP,6*18.445,105,105,,10,Engine problem,,Khulna,,,
khulna330,Gas/HSD,BPDB,1*220+1*110,0,0,,,On test.,,Khulna,,,
rampal1320bifpcl,Coal,NTPC&BPDB,0,0,0,,,On test.,,Khulna,,,
barisal110summit,HFO,IPP,7*17.076,110,110,,,Line O/L,,Barisal,,,
bhola33venture,Gas,NENP,1*34.50,40,40,,18,Engine problem,,Barisal,,,
bhola225,Gas,PDB,2*63+1*68,194,194,,107,Machine problem,,Barisal,,,
payra1320,Coal,BCPCL,2*622,1244,1244,,,Line O/L,,Barisal,,,
edpayrapower,HFO,IPP,8*18.5+1*9.5,150,150,,,Line O/L,,Barisal,,,
barisal307,Coal,BCPCL,0,0,0,,,On test.,,Barisal,,,
baghabari50peaking,HFO,PDB,6*8.9,52,52,,20,Engine problem,,Rajshahi,,,
bera70peaking,HFO,PDB,9*8.29,71,71,,49,Engine problem,,Rajshahi,,,
amnura50sinha,HFO,QRPP,7*7.79,50,0,,,Contract Expired,,Rajshahi,,,
katakhali50peaking,HFO,PDB,6*8.7,50,50,10,,Fuel shortage,,Rajshahi,,,
sirajgonj2251,Gas/HSD,NWPGCL,1*150+1*75,210,210,60,,Gas shortage,,Rajshahi,,,
sirajgonj2252,Gas/HSD,NWPGCL,1*150+1*75,220,220,220,,Fuel shortage,,Rajshahi,,,
sirajgonj2253,Gas/HSD,NWPGCL,1*141,220,220,220,,Gas shortage,,Rajshahi,,,
sirajgonj4004,Gas/HSD,SNWPGCL,1*282+1*132,414,414,134,,Gas shortage,,Rajshahi,,,
santahar50peaking,HFO,PDB,6*8.7,50,50,,15,Engine problem,,Rajshahi,,,
bogura20energyprima,Gas,NENP,5*3.3+5*2,20,0,,,Contract Expired,,Rajshahi,,,
natore52rajlanka,HFO,IPP,6*8.92,52,52,9,,Fuel shortage,,Rajshahi,,,
chapainawabganj100peaking,HFO,PDB,12*8.924,104,104,,18,Engine problem,,Rajshahi,,,
baghabari200paramount,HSD,IPP,135*1.6,200,200,100,,Fuel conservation,,Rajshahi,,,
bagura113confidence2,HFO,IPP,6*18.55+7.2,113,113,,19,Engine problem,,Rajshahi,,,
barapukuria2753,Coal,PDB,1*275,274,274,,,Machine problem,,Rangpur,,,
rangpur20g,HSD,PDB,1*20,20,20,20,,Fuel conservation,,Rangpur,,,
saidpur20g,HSD,PDB,1*20,20,20,20,,Fuel conservation,,Rangpur,,,
ghorasal12,Gas,PDB,2*55,110,85,,50,Unit-2 Under maint,,Dhaka,,,
ghorasal3657,Gas,PDB,1*243+1*122,365,365,,,,,Dhaka,,,
meghnaghat450mpl,Gas,IPP,2*150+1*150,450,450,,,,,Dhaka,,,
madanganj55summit,HFO,(IPP),3*17.08+1*11.3,55,55,,14,Engine problem,,Dhaka,,,
siddhirgonj2120g,Gas,EGCB, 2*105,210,210,110,,Gas Shortage,,Dhaka,,,
siddhirganj335,Gas,EGCB,1*217+118,335,335,,115,ST-under maint.,,Dhaka,,,
summitpowermadhabdiashulia,Gas,"SIPP,REB",3*3.67+4*8.73,80,80,,25,Engine problem,,Dhaka,,,
sonargoan104orion,HFO,IPP,18.5*6,0,0,,,,,Dhaka,,,
chattogram1,Gas,PDB,1*210,210,180,90,,Gas shortage,,Chattogram,,,
karnaphulihydro12345,Hydro,PDB,2*40+3*50,230,230,130,,Low water level,,Chattogram,,,
sikalbaha225,Gas/HSD,PDB,1*150+1*175,225,225,,225,Under maint.,,Chattogram,,,
hathazari100peaking,HFO,PDB,11*8.9,98,98,,,,,Chattogram,,,
ashuganj3,Gas,APSCL,1*150,150,135,35,,,,Cumilla,,,
ashuganj4,Gas,APSCL,1*150,150,129,29,,Gas shortage,,Cumilla,,,
ashuganj5,Gas,APSCL,1*150,150,134,134,,Gas Shortage,,Cumilla,,,
ashuganj50,Gas,APSCL,14*3.968,53,45,,3,Engine problem,,Cumilla,,,
ashuganj195apscled,Gas,IPP,20*9.73+1*16,195,195,169,,Gas shortage,,Cumilla,,,
ashuganj51midland,Gas,IPP,6*9.34,51,51,,8,Engine problem,,Cumilla,,,
chandpur150,Gas,PDB,1*106+1*57,163,163,,73,ST Under maint.,,Cumilla,,,
rpcl210,Gas,IPP,4*35+1*70,210,202,42,,Gas shortage,,Mymensingh,,,
jamalpur95powerpac,HFO,IPP,12*8.924,95,95,,,Cable fault,,Mymensingh,,,
fenchugonjphase2,Gas,PDB,2*35+1*35,104,90,,60,GT-4 under  maint.,,Sylhet,,,
shajibazar330,Gas,PDB,3*110,330,330,,,,,Sylhet,,,
bibiyanasouth400,Gas,PDB,400 MW,0,0,,,,,Sylhet,,,
bhola225,Gas,PDB,2*63+1*68,194,194,,126, GT-2 & ST Under maint.,,Barisal,,,
bhola95aggreko,Gas,QRPP,96*1.10,95,95,,17,Engine problem,,Barisal,,,
payra1320,Coal,BCPCL,1*622,622,622,,,,,Barisal,,,
amnura50sinha,HFO,QRPP,7*7.79,50,50,,10,Engine problem,,Rajshahi,,,
sirajgonj2251,Gas/HSD,NWPGCL,1*150+1*75,210,210,210,,S/D for ST Under maint.,,Rajshahi,,,
barapukuria1,Coal,PDB,1*125,125,85,85,,Coal Shortage.,,Rangpur,,,
keraniganj100powerpac,HFO,NENP,8*13.45,100,75,62,,Engine problem,,Dhaka,,,
nababganj55southernpower,HFO,IPP,3*19.3,55,55,20,,Fuel shortage,,Dhaka,,,
maona33summit,Gas,"SIPP,REB",4*8.73,33,33,,,Engine problem,,Dhaka,,,
gazipur52,HFO,RPCL,6*8.9,52,52,18,,Fuel shortage,,Dhaka,,,
kodda3002summit,HFO,IPP,18*17.076,300,300,255,,Fuel shortage,,Dhaka,,,
manikgonj162mpgl,HFO,IPP,9*18,162,162,54,,Fuel shortage,,Dhaka,,,
kanchanpurbachalpowergeneration,HFO,IPP,18.4*3,55,55,,37,Fuel shortage,,Dhaka,,,
meghnaghatuniquepower,Gas,IPP,586,584,584,584,,Gas shortage,,Dhaka,,,
meghnaghatreliance718,Gas,IPP,718,0,0,,,On test.,,Dhaka,,,
karnaphulihydro12345,Hydro,PDB,2*40+3*50,230,230,,15,,,Chattogram,,,
sikalbaha225,Gas/HSD,PDB,1*150+1*75,225,225,,0,,,Chattogram,,,
hathazari100peaking,HFO,PDB,11*8.9,98,98,,13,Engine problem,,Chattogram,,,
dohazarikalaish100peaking,HFO,PDB,6*17,102,102,,17,Engine problem,,Chattogram,,,
chattogram108ecpv,HFO,IPP,16*7,108,108,88,,Fuel shortage,,Chattogram,,,
anwara300ed,HFO,IPP,17*17+24,300,300,250,,Fuel shortage,,Chattogram,,,
jodiacpower,HFO,IPP,3*18.55+1*3.6,54,54,3,,Fuel shortage,,Chattogram,,,
karnaphulipower,HFO,IPP,18.415*6+6.5,110,110,76,,Fuel shortage,,Chattogram,,,
juldah2acorn,HFO,IPP,8*13.6,100,100,88,,Fuel shortage,,Chattogram,,,
anlimaenergy,HFO,IPP,6*21.2,116,116,81,,Fuel shortage,,Chattogram,,,
sspoweri,Coal,IPP,2*612,1224,1224,,612,Unit-2 under maint,,Chattogram,,,
matarbari2600cpgcl,Coal,CPGCL,2*575,1150,1150,875,,Coal shortage,,Chattogram,,,
ashuganj420east,Gas,APSCL,284*1+116*1,400,400,,,FGMO,,Cumilla,,,
ashuganj55precision,Gas,NENP,0,55,55,35,,Gas shortage,,Cumilla,,,
ashuganj150midland,HFO,IPP,23*7.015,150,150,50,,Fuel shortage,,Cumilla,,,
titas50peaking,HFO,PDB,6*8.92,52,52,,22,Engine problem,,Cumilla,,,
chandpur150,Gas,PDB,1*106+1*57,163,163,93,,Gas shortage,,Cumilla,,,
cumilla25summit,Gas,"SIPP, REB",3*3.67+2*6.97,25,25,,7,Engine problem,,Cumilla,,,
fenilankapower,HFO,IPP,7*18.415+1*9.78,114,114,,8,Engine problem,,Cumilla,,,
chowmuhani113,HFO,IPP,12*9.78+2*3.1,113,113,67,,Fuel shortage,,Cumilla,,,
rpcl210,Gas,IPP,4*35+1*70,210,202,184,,Gas shortage,,Mymensingh,,,
mymensingh200ed,HFO,IPP,9.78*21,200,200,45,,Fuel shortage,,Mymensingh,,,
jamalpur115ed,HFO,IPP,9.78*12,115,115,19,,Fuel shortage,,Mymensingh,,,
bhairob545,HFO,IPP,3*18.2,54,54,19,,Fuel shortage,,Mymensingh,,,
fenchugonjphase1,Gas,PDB,2*32+1*33,97,70,,42,Gas shortage,,Sylhet,,,
fenchugonjphase2,Gas,PDB,2*35+1*35,104,90,,60,Gas shortage,,Sylhet,,,
fenchugonj51barakatullah,Gas,RPP ,19*2.90,51,51,,,Contract Expired,,Sylhet,,,
fenchuganj44energyprima,Gas,NENP,12*3.3+5*2,50,50,14,,Gas shortage,,Sylhet,,,
hobiganj11cofidencee,Gas,"SIPP, REB",4*2.90,11,11,,6,Engine problem,,Sylhet,,,
sylhet225,Gas,PDB,1*142+1*89,231,231,,21,Machine problem,,Sylhet,,,
shahjahanulla25,Gas,"SIPP, REB",3*9.34,25,25,,13,Engine problem,,Sylhet,,,
bibiyanaiii400,Gas,PDB,285*1+134*1,400,400,,,FGMO,,Sylhet,,,
bibiyanasouth400,Gas,PDB,400 MW,383,383,,383,Under maint.,,Sylhet,,,
bheramara410,Gas,NWPGCL,1*278+1*132,410,410,110,,Gas shortage,,Khulna,,,
rupsha105orionrupsha,HFO,IPP,6*18.445,105,105,88,,Fuel shortage,,Khulna,,,
madhumati100,HFO,NWPGCL,6*18,105,105,,,,,Khulna,,,
khulna330,Gas/HSD,PDB,1*220+1*110,336,336,336,,Fuel shortage,,Khulna,,,
rampal1320bifpcl,Coal,NTPC&BPDB,617*2,1234,1234,614,,Coal shortage,,Khulna,,,
bhola225,Gas,PDB,2*63+1*68,194,194,,62,Machine problem,,Barisal,,,
baghabari50peaking,HFO,PDB,6*8.9,52,52,,14,Engine problem,,Rajshahi,,,
bera70peaking,HFO,PDB,9*8.29,71,71,,47,Engine problem,,Rajshahi,,,
sirajgonj2251,Gas/HSD,NWPGCL,1*150+1*75,210,210,20,,Gas shortage,,Rajshahi,,,
sirajgonj4004,Gas/HSD,"IPP, SNWPGCL",1*282+1*132,414,414,,,,,Rajshahi,,,
santahar50peaking,HFO,PDB,6*8.7,50,50,,22,Engine problem,,Rajshahi,,,
sirajganj68solarpark,Solar,NWPGCL,68,68,68,,,,,Rajshahi,,,
barapukuria1,Coal,PDB,1*125,125,85,,19,,,Rangpur,,,
ghorasalrepowered3,Gas,PDB,1*210,210,170,,170,Under maint.,                                          ,Dhaka,,,
ghorasalrepowered4,Gas,PDB,1*210,210,180,,180,Under maint.,,Dhaka,,,
ghorasal3657,Gas,PDB,1*243+1*122,365,365,,65,,,Dhaka,,,
ghorashal785max,Gas,QRPP,2*40,78,78,,,Contract Expired,,Dhaka,,,
haripur412,Gas,EGCB,1*273+1*139,412,412,,,FGMO,,Dhaka,,,
haripur360hpl,Gas,IPP,1*235+1*125,360,360,,360,Under maint.,27-02-2021,Dhaka,,,
meghnaghat450mpl,Gas,IPP,2*150+1*150,450,450,,225,,2021-10-02 00:00:00,Dhaka,,,
keraniganj100powerpac,HFO,QRPP,8*13.45,100,100,,40,Engine problem,,Dhaka,,,
siddhirgonj2120g,Gas,EGCB, 2*105,210,210,,,,,Dhaka,,,
siddhirganj335,Gas,EGCB,1*217+118,335,335,,335,Under maint,,Dhaka,,,
bosila108clc,HFO,IPP,12*8.775+1*3.5,108,108,108,,Fuel shortage,,Dhaka,,,
summitpowermadhabdiashulia,Gas,"SIPP,REB",3*3.67+4*8.73,80,80,,22,Engine problem,,Dhaka,,,
manikgonj162mpgl,HFO,IPP,9*18,162,162,,18,Engine problem,,Dhaka,,,
spectrasolarplant,Solar,IPP,35,0,0,,,,,Dhaka,,,
karnaphulihydro12345,Hydro,PDB,2*40+3*50,230,230,160,,Low water level,,Chattogram,,,
sikalbaha225,Gas/HSD,PDB,1*150+1*175,225,225,225,,Gas shortage,,Chattogram,,,
sikalbahapeakinggt,Gas/HSD,PDB,1*150 ,150,150,150,,Gas shortage,,Chattogram,,,
ashuganj450north,Gas,APSCL,1*360,360,360,60,,Gas shortage,,Cumilla,,,
ashuganj450south,Gas,APSCL,1*360,360,360,75,,Gas shortage,,Cumilla,,,
ashuganj50,Gas,APSCL,14*3.968,53,45,19,,Gas shortage,,Cumilla,,,
ashuganj55precision,Gas,RPP ,15*4,55,55,15,,Gas shortage,,Cumilla,,,
ashuganj51midland,Gas,IPP,6*9.34,51,51,,,Under ground cable fault,,Cumilla,,,
ashuganj150midland,HFO,IPP,23*7.015,150,150,,,Under ground cable fault,,Cumilla,,,
chandpur150,Gas,PDB,1*106+1*57,163,163,,73,,,Cumilla,,,
cumilla25summit,Gas,"SIPP, PDB",3*3.67+2*6.97,25,25,,5,,,Cumilla,,,
bhairob545,HFO,IPP,3*18.2,0,0,,,,,Cumilla,,,
rpcl210,Gas,IPP,4*35+1*70,210,202,152,,Gas shortage,,Mymensingh,,,
jamalpur95powerpac,HFO,IPP,12*8.924,95,95,,15,Engine problem,,Mymensingh,,,
fenchugonjphase1,Gas,PDB,2*32+1*33,97,70,,70,Under maint.,,Sylhet,,,
fenchugonjphase2,Gas,PDB,2*35+1*35,104,90,,47,Engine problem,,Sylhet,,,
kushiara163kp,Gas,IPP,1*109+1*54,163,163,,163,under maint,,Sylhet,,,
shajibazar330,Gas,PDB,3*110,330,330,,175,GT-2 under maint.,,Sylhet,,,
fenchuganj44energyprima,Gas,RPP,12*3.3+5*2,44,44,,,Contract Expired,,Sylhet,,,
shahjibazarg89,Gas,PDB,2*35,70,66,,66,Under maint,,Sylhet,,,
shahjibazar86shahjibazar,Gas,RPP ,32*2.90,86,86,,11,Engine problem,,Sylhet,,,
shahjibazar100g,Gas,PDB,1*100,0,0,,,Under maint,20/04/2021,Sylhet,,,
sylhet225,Gas,PDB,1*142+1*89,231,231,,231,,,Sylhet,,,
shahjahanulla25,Gas,"SIPP, REB",3*9.34,25,25,,9,Engine problem,,Sylhet,,,
bibiyanasouth400,Gas,PDB,400 MW,0,0,,,On Test,,Sylhet,,,
faridpur50peaking,HFO,PDB,8*6.89,54,54,,29,Engine problem,,Khulna,,,
rupsha105orionrupsha,HFO,IPP,6*18.445,105,105,,15,Engine problem,,Khulna,,,
madhumati100,HFO,SWPGCL,100 MW,105,105,,,,,Khulna,,,
bhola33venture,Gas,RPP,1*34.50,33,33,,7,Engine problem,,Barisal,,,
bhola225,Gas,PDB,2*63+1*68,194,194,,194,Under maintenance,,Barisal,,,
bholanutanbiddutbd,Gas,IPP,220,0,0,,,On Test,,Barisal,,,
amnura50sinha,HFO,QRPP,7*7.79,50,50,,38,Engine problem,,Rajshahi,,,
katakhali50northern,HFO,QRPP,6*8.9,50,50,50,,Fuel shortage,,Rajshahi,,,
bogura20energyprima,Gas,RPP ,5*3.3+5*2,20,10,,,Contract Expired,,Rajshahi,,,
barapukuria1,Coal,PDB,1*125,125,85,,85,Under maint.,,Rangpur,,,
barapukuria2753,Coal,PDB,1*275,274,274,124,,Coal Shortage,,Rangpur,,,
rangpur20g,HSD,PDB,1*20,20,20,,20,Under maint.,,Rangpur,,,
saidpur20g,HSD,PDB,1*20,20,20,,20,Engine problem,,Rangpur,,,
haripur412,Gas,EGCB,1*273+1*139,412,412,82,,Gas shortage,,Dhaka,,,
haripur360hpl,Gas,IPP,1*235+1*125,360,360,60,,Gas shortage,,Dhaka,,,
meghnaghat450mpl,Gas,IPP,2*150+1*150,450,450,325,,Gas shortage,,Dhaka,,,
meghnaghat100iel,HFO,NENP,12*8.9,100,100,75,,Fuel shortage,,Dhaka,,,
madanganj102summit,HFO,NENP,6*17,102,102,,5,Engine problem,,Dhaka,,,
siddhirgonj2120g,Gas,EGCB, 2*105,210,210,,210,GT-1 Under maint & Gas Shortage,,Dhaka,,,
siddhirganj100dutchbangla,HFO,NENP,12*8.9,100,100,84,,Fuel shortage,,Dhaka,,,
gagnagar102digitalpower,HFO,IPP,12*8.924,102,102,,52,Fuel shortage,,Dhaka,,,
kamalaghat54bancoenergy,HFO,IPP,3*18,54,54,19,,Fuel shortage,,Dhaka,,,
rupganj33summit,Gas,"SIPP,REB",4*8.73,33,33,,,Engine problem,,Dhaka,,,
bramhangoan100aggreko,HSD,IPP,114*0.959,100,100,20,,Fuel shortage,,Dhaka,,,
aurahati100aggreko,HSD,IPP,0.85*23+0.95*91,100,100,,20,Engine problem,,Dhaka,,,
gazipur100,HFO,RPCL,6*17.5,105,105,,17,Engine problem,,Dhaka,,,
manikgonj162mpgl,HFO,IPP,9*18,162,162,,,Fuel shortage,,Dhaka,,,
patenga50baraka,HFO,IPP,8*6.98,50,50,6,,Fuel shortage,,Chattogram,,,
karnaphulihydro12345,Hydro,PDB,2*40+3*50,230,230,205,,Low Water Level ,,Chattogram,,,
sikalbaha225,Gas/HSD,PDB,1*150+1*75,225,225,225,,Gas shortage,,Chattogram,,,
sikalbaha105barakasikalbaha,HFO,IPP,6*17.5,105,105,,,Fuel shortage,,Chattogram,,,
hathazari100peaking,HFO,PDB,11*8.9,98,98,,41,Engine problem,,Chattogram,,,
dohazarikalaish100peaking,HFO,PDB,6*17,102,102,,18,Engine problem,,Chattogram,,,
juldah1001acorn,HFO,NENP,8*13.45,100,100,78,,Fuel shortage,,Chattogram,,,
barabkunda22regent,Gas,"SIPP, PDB",8*2.90,22,22,12,,Gas shortage,,Chattogram,,,
chattogram108ecpv,HFO,IPP,16*7,108,108,78,,Fuel shortage,,Chattogram,,,
jodiacpower,HFO,IPP,3*18.55+1*3.6,54,54,,,Fuel shortage,,Chattogram,,,
karnaphulipower,HFO,IPP,18.415*6+6.5,110,110,10,,Fuel shortage,,Chattogram,,,
mirsharai150,Gas/HFO,BPDB-RPCL,18.5*9,0,0,,,On test.,,Chattogram,,,
ashuganj450south,Gas,APSCL,1*360,360,360,,,under maint.,,Cumilla,,,
ashuganj55precision,Gas,QRPP,15*4,55,55,,,Contract Expired,,Cumilla,,,
ashuganj195apscled,Gas,IPP,20*9.73+1*16,195,195,10,,,,Cumilla,,,
titas50peaking,HFO,PDB,6*8.92,52,52,,17,Engine problem,,Cumilla,,,
chandpur200deshenergy,HFO,IPP,12*18.4,200,200,183,,Fuel shortage,,Cumilla,,,
feni22doreen,Gas,"SIPP, PDB",8*2.90,22,22,,4,Engine problem,,Cumilla,,,
feni11doreen,Gas,"SIPP, REB",4*2.90,11,11,,4,Engine problem,,Cumilla,,,
jangalia52lakdanavi,HFO,IPP,6*8.92,52,52,,,Fuel shortage,,Cumilla,,,
daudkandi200btrac,HSD,IPP,154*1.4,200,200,,,Contract Expired,,Cumilla,,,
fenilankapower,HFO,IPP,7*18.415+1*9.78,114,114,114,,Fuel shortage,,Cumilla,,,
chowmuhani113,HFO,IPP,12*9.78+2*3.1,113,113,17,,Fuel shortage,,Cumilla,,,
chandpur115doreen,HFO,IPP,4*18.5+2*22.5,115,115,21,,Fuel shortage,,Cumilla,,,
rpcl210,Gas,IPP,4*35+1*70,210,202,101,,Gas shortage,,Mymensingh,,,
tangail22doreen,Gas,"SIPP, PDB",8*2.90,22,22,3,,Gas shortage,,Mymensingh,,,
jamalpur95powerpac,HFO,IPP,12*8.924,95,0,,,,,Mymensingh,,,
mymensingh200ed,HFO,IPP,9.78*21,200,200,110,,Fuel shortage,,Mymensingh,,,
jamalpur115ed,HFO,IPP,9.78*12,115,115,21,,Fuel shortage,,Mymensingh,,,
tangailpallipowergen22,HFO,IPP,4*6.7,22,22,10,,Fuel shortage,,Mymensingh,,,
fenchugonjphase2,Gas,PDB,2*35+1*35,104,90,,61,Machine problem,,Sylhet,,,
kushiara163kp,Gas,IPP,1*109+1*54,163,163,,163,Under maint,,Sylhet,,,
fenchuganj44energyprima,Gas,NENP,12*3.3+5*2,50,50,,,,,Sylhet,,,
shahjahanulla25,Gas,"SIPP, REB",3*9.34,25,25,17,,Gas shortage,,Sylhet,,,
khulna115kpcl2,HFO,NENP,7*17,115,115,,17,Engine problem,,Khulna,,,
faridpur50peaking,HFO,PDB,8*6.89,54,54,,11,Engine problem,,Khulna,,,
gopalganj100peaking,HFO,PDB,16*6.98,109,109,,27,Engine problem,,Khulna,,,
noapara40khanjahanali,HFO,NENP,5*8.5,40,40,,,,,Khulna,,,
noapara100banglatrac,HSD,IPP,70*1.4,100,100,100,,Fuel shortage,,Khulna,,,
rampal1320bifpcl,Coal,NTPC&BPDB,660*2,617,617,,,Coal Shortage.,,Khulna,,,
bhola33venture,Gas,NENP,1*34.50,40,40,,8,Engine problem,,Barisal,,,
bholanutanbiddutbd,Gas,IPP,220,220,220,,220,Under maintenance,,Barisal,,,
barisal307,Coal,BCPCL,307*1,307,307,,,,,Barisal,,,
baghabari50peaking,HFO,PDB,6*8.9,52,52,,24,Engine problem,,Rajshahi,,,
bera70peaking,HFO,PDB,9*8.29,71,71,,36,Engine problem,,Rajshahi,,,
amnura50sinha,HFO,QRPP,7*7.79,50,0,,,,,Rajshahi,,,
katakhali50peaking,HFO,PDB,6*8.7,50,50,,10,Engine problem,,Rajshahi,,,
sirajgonj2251,Gas/HSD,NWPGCL,1*150+1*75,210,210,40,,Gas shortage,,Rajshahi,,,
sirajgonj2253,Gas/HSD,NWPGCL,1*141,220,220,60,,Gas shortage,,Rajshahi,,,
sirajgonj4004,Gas/HSD,SNWPGCL,1*282+1*132,414,414,34,,Gas shortage,,Rajshahi,,,
ullapara11summit,Gas,"SIPP, REB",4*2.90,11,11,,3,Engine problem,,Rajshahi,,,
chapainawabganj100peaking,HFO,PDB,12*8.924,104,104,,21,Enginr problem,,Rajshahi,,,
bagura113confidence2,HFO,IPP,6*18.55+7.2,113,113,63,,Fuel shortage,,Rajshahi,,,
confidencepowerbogura1113,HFO,IPP,6*18.55,113,113,58,,Fuel shortage,,Rajshahi,,,
adanipowerjharkhanda,Coal,Import,0,0,0,,,On test.,,Rajshahi,,,
barapukuria1,Coal,PDB,1*125,125,85,10,,Coal Shortage.,,Rangpur,,,
rangpur113confidence,HFO,IPP,9*6.984+7*7.015+3.15*2,113,113,,,Fuel shortage,,Rangpur,,,
teestasolarlimited,Solar,BPCL ,16*12.5,0,0,,,,,Rangpur,,,
ghorasal12,Gas,PDB,2*55,110,85,,85,#1 & 2 Under maint.,,Dhaka,,,
ghorasalrepowered3,Gas,PDB,1*210,210,170,,,,,Dhaka,,,
ghorasal3657,Gas,PDB,1*243+1*122,365,365,,365,Under maint.,,Dhaka,,,
haripurg,Gas,"SBU, PDB",2*32,64,40,40,,Gas shortage,,Dhaka,,,
haripur360hpl,Gas,IPP,1*235+1*125,360,360,,,Under shut down.,,Dhaka,,,
siddhirganjdesh,HSD,QRPP,96*1.2,0,0,,,Contract expired,,Dhaka,,,
siddhirganj335,Gas,EGCB,1*217,217,217,,,Test,,Dhaka,,,
bosila108clc,HFO,IPP,12*8.775+1*3.5,108,108,,36,Engine problem,,Dhaka,,,
gazipur52,HFO,IPP,6*8.9,52,52,,10,Engine problem,,Dhaka,,,
chattogram2,Gas,PDB,1*210,210,180,60,,Gas shortage,,Chattogram,,,
karnaphulihydro12345,Hydro,PDB,2*40+3*50,230,230,,,,,Chattogram,,,
sikalbaha51energis,HFO,RPP ,4*12.5+2*11.9+1*3+1*1.5,51,51,,,Contract expired,,Chattogram,,,
chattogram108ecpv,HFO,IPP,16*7,108,108,,11,Engine problem,,Chattogram,,,
anwara300ed,HFO,IPP,300 MW,300,300,,,,,Chattogram,,,
jodiacpower,HFO,IPP,54.36,0,0,,,,,Chattogram,,,
karnaphulipower,HFO,IPP,110,0,0,,,,,Chattogram,,,
ashuganj450north,Gas,APSCL,1*360,360,360,,,,,Cumilla,,,
ashuganj50,Gas,APSCL,14*3.968,53,45,,9,Engine problem,,Cumilla,,,
ashuganj53ed,Gas,QRPP,14*4,53,53,,,Contract expired,,Cumilla,,,
ashuganj195apscled,Gas,IPP,20*9.73+1*16,195,195,117,,Gas shortage,,Cumilla,,,
chandpur150,Gas,PDB,1*106+1*57,163,163,,,,,Cumilla,,,
cumilla25summit,Gas,"SIPP, PDB",3*3.67+2*6.97,25,25,,5,Engine problem,,Cumilla,,,
rpcl210,Gas,IPP,4*35+1*70,210,202,,57,GT-1 Under maint.,,Mymensingh,,,
fenchugonjphase2,Gas,PDB,!F71,104,90,,,,,Sylhet,,,
shahjibazar50epl,Gas,RPP,27*2.0,50,50,,6,Engine problem,,Sylhet,,,
sylhet150,Gas,PDB,1*142,142,142,,,,,Sylhet,,,
sylhet20g,Gas,PDB,1*20,20,20,,3,Engine problem,,Sylhet,,,
sylhet50epl,Gas,RPP ,27*2,50,50,,5,Engine problem,,Sylhet,,,
bibiyanaiii400,Gas,PDB,285 MW,285,285,,,,,Sylhet,,,
khulna115kpcl13,HFO,IPP,19*6.5,0,0,,,Contract expired,,Khulna,,,
madhumati100,HFO,IPP,100 MW,105,105,,20,Engine problem,,Khulna,,,
baghabari100g,Gas,PDB,1*100,100,100,,100,Under maint.,,Rajshahi,,,
bagura113confidence,HFO,IPP,113 MW,113,113,,,,,Rajshahi,,,
rangpur113confidence,HFO,IPP,113 MW,0,0,,,,,Rangpur,,,
sympasolarpower8,Solar,IPP,8 MW,0,0,,,,,Rangpur,,,
ghorasal3657,Gas,PDB,1*243+1*122,365,365,365,,Gas shortage,,Dhaka,,,
haripur360hpl,Gas,IPP,1*235+1*125,360,360,110,,Gas shortage,,Dhaka,,,
meghnaghat450mpl,Gas,IPP,2*150+1*150,450,450,270,,Gas shortage,,Dhaka,,,
meghnaghatsummit,Gas,IPP,2*110+1*110,305,305,305,,Gas shortage,,Dhaka,,,
keraniganj100powerpac,HFO,QRPP,8*13.45,100,100,,64,Engine problem,,Dhaka,,,
narshingdi22doreen,Gas,"SIPP, REB",8*2.90,22,22,,3,Engine problem,,Dhaka,,,
patenga50baraka,HFO,IPP,8*6.98,50,50,,30,Engine problem,,Chattogram,,,
karnaphulihydro12345,Hydro,PDB,2*40+3*50,230,230,,147,Low Water Level ,,Chattogram,,,
chattogram108ecpv,HFO,IPP,16*7,108,108,18,,Engine problem,,Chattogram,,,
ashuganj225,Gas,APSCL,1*142+1*75,221,221,51,,Gas shortage,,Cumilla,,,
ashuganj450north,Gas,APSCL,1*360,360,360,210,,Gas shortage.,,Cumilla,,,
ashuganj50,Gas,APSCL,14*3.968,53,45,40,,Gas shortage,,Cumilla,,,
chandpur150,Gas,PDB,1*106+1*57,163,163,,163,Under maintenance,2022-01-19 00:00:00,Cumilla,,,
rpcl210,Gas,IPP,4*35+1*70,210,202,147,,Gas shortage,,Mymensingh,,,
jamalpur95powerpac,HFO,IPP,12*8.924,95,8,,8,Under maint.,,Mymensingh,,,
fenchugonjphase1,Gas,PDB,2*32+1*33,97,70,,28,Machine problem.,,Sylhet,,,
fenchugonjphase2,Gas,PDB,2*35+1*35,104,90,,90,Under maintenance,,Sylhet,,,
shahjibazar100g,Gas,PDB,1*100,100,100,,100,Machine problem,,Sylhet,,,
sylhet225,Gas,PDB,1*142+1*89,231,231,,41,Machine problem,,Sylhet,,,
bibianaii341summit,Gas,IPP,1*222+1*119,341,341,,,,,Sylhet,,,
bhola33venture,Gas,RPP,1*34.50,33,33,,8,Engine problem,,Barisal,,,
bhola225,Gas,PDB,2*63+1*68,194,194,103,,Gas shortage,,Barisal,,,
amnura50sinha,HFO,QRPP,7*7.79,50,50,,50,Fuel shortage,,Rajshahi,,,
santahar50peaking,HFO,PDB,6*8.7,50,50,,50,Under maint ,,Rajshahi,,,
natore52rajlanka,HFO,IPP,52,52,52,25,,Fuel shortage,,Rajshahi,,,
haripur412,Gas,EGCB,1*273+1*139,412,412,12,,,,Dhaka,,,
haripur360hpl,Gas,IPP,1*235+1*125,360,360,30,,Gas shortage,,Dhaka,,,
meghnaghat100iel,HFO,NENP,12*8.9,100,100,67,,Fuel shortage,,Dhaka,,,
meghnaghatsummit,Gas,IPP,2*110+1*110,335,335,,335,Under maint,,Dhaka,,,
madanganj102summit,HFO,NENP,6*17,102,102,51,,Fuel shortage,,Dhaka,,,
keraniganj100powerpac,HFO,NENP,8*13.45,100,75,15,,Fuel shortage,,Dhaka,,,
siddhirgonj2120g,Gas,EGCB, 2*105,210,210,117,,Gas shortage,,Dhaka,,,
siddhirganj100dutchbangla,HFO,NENP,12*8.9,100,100,,62,Engine problem,,Dhaka,,,
kodda150,HFO,BPDB-RPCL,9*17.06,149,149,85,,Fuel shortage,,Dhaka,,,
manikganj55northern,HFO,IPP,3*19.3,55,55,20,,Fuel shortage,,Dhaka,,,
summitpowermadhabdiashulia,Gas,"SIPP,REB",3*3.67+4*8.73,80,80,,40,Engine problem,,Dhaka,,,
gazipur52,HFO,RPCL,6*8.9,52,52,27,,Fuel shortage,,Dhaka,,,
kodda3002summit,HFO,IPP,18*17.076,300,300,155,,Fuel shortage,,Dhaka,,,
keranigonj300apr,HSD,IPP,256*1.4,300,300,,,Contract Expired,,Dhaka,,,
gazipur100,HFO,RPCL,6*17.5,105,105,17,,Fuel shortage,,Dhaka,,,
meghnaghat104opcl,HFO,IPP,18.5*6,104,104,49,,Fuel shortage,,Dhaka,,,
chattogram1,Gas,PDB,1*210,210,180,,60,,,Chattogram,,,
patenga50baraka,HFO,IPP,8*6.98,50,50,3,,,,Chattogram,,,
sikalbaha105barakasikalbaha,HFO,IPP,6*17.5,105,105,37,,Fuel shortage,,Chattogram,,,
hathazari100peaking,HFO,PDB,11*8.9,98,98,39,,Fuel shortage,,Chattogram,,,
dohazarikalaish100peaking,HFO,PDB,6*17,102,102,,68,Fuel shortage,,Chattogram,,,
juldah1001acorn,HFO,NENP,8*13.45,100,100,54,,Fuel shortage,,Chattogram,,,
juldah1003acorn,HFO,IPP,8*13.5,100,100,50,,Fuel shortage,,Chattogram,,,
chattogram108ecpv,HFO,IPP,16*7,108,108,96,,Fuel shortage,,Chattogram,,,
anwara300ed,HFO,IPP,17*17+24,300,300,3,,Fuel shortage,,Chattogram,,,
jodiacpower,HFO,IPP,3*18.55+1*3.6,54,54,37,,Fuel shortage,,Chattogram,,,
karnaphulipower,HFO,IPP,18.415*6+6.5,110,110,55,,Engine problem.,,Chattogram,,,
juldah2acorn,HFO,IPP,8*13.6,100,100,50,,Fuel shortage,,Chattogram,,,
anlimaenergy,HFO,IPP,6*21.2,116,116,65,,Fuel shortage,,Chattogram,,,
mirsharai150,Gas/HFO,BPDB-RPCL,18.5*9,163,163,21,,Fuel shortage,,Chattogram,,,
sspoweri,Coal,SS Power ,0,0,0,,,On test.,,Chattogram,,,
matarbari2600cpgcl,Coal,CPGCL,0,0,0,,,,,Chattogram,,,
ashuganj450north,Gas,APSCL,1*360,360,360,80,,Gas shortage,,Cumilla,,,
ashuganj450south,Gas,APSCL,1*360,360,360,90,,Gas shortage,,Cumilla,,,
ashuganj420east,Gas,APSCL,284*1+116*1,400,400,160,,Gas shortage,,Cumilla,,,
ashuganj50,Gas,APSCL,14*3.968,53,45,45,,Gas shortage,,Cumilla,,,
ashuganj55precision,Gas,QRPP,15*4,55,0,,,Contract Expired,,Cumilla,,,
chandpur200deshenergy,HFO,IPP,12*18.4,200,200,100,,Fuel shortage,,Cumilla,,,
jangalia52lakdanavi,HFO,IPP,6*8.92,52,52,52,,Fuel shortage,,Cumilla,,,
cumilla25summit,Gas,"SIPP, REB",3*3.67+2*6.97,25,25,,5,Engine problem,,Cumilla,,,
fenilankapower,HFO,IPP,7*18.415+1*9.78,114,114,9,,Fuel shortage,,Cumilla,,,
chowmuhani113,HFO,IPP,12*9.78+2*3.1,113,113,85,,Fuel shortage,,Cumilla,,,
rpcl210,Gas,IPP,4*35+1*70,210,202,117,,Gas shortage,,Mymensingh,,,
tangail22doreen,Gas,"SIPP, PDB",8*2.90,22,22,,6,Engine problem,,Mymensingh,,,
mymensingh200ed,HFO,IPP,9.78*21,200,200,58,,Fuel shortage,,Mymensingh,,,
jamalpur115ed,HFO,IPP,9.78*12,115,115,30,,Fuel shortage,,Mymensingh,,,
kushiara163kp,Gas,IPP,1*109+1*54,163,163,,51,ST Under maint.,,Sylhet,,,
shahjibazarg89,Gas,PDB,2*35,70,66,,16,,,Sylhet,,,
sylhet225,Gas,PDB,1*142+1*89,231,231,,51,Machine problem,,Sylhet,,,
bibiyanaiii400,Gas,PDB,285*1+134*1,400,400,,50,,,Sylhet,,,
khulna115kpcl2,HFO,NENP,7*17,115,115,,67,Engine problem,,Khulna,,,
faridpur50peaking,HFO,PDB,8*6.89,54,54,,14,Engine problem,,Khulna,,,
gopalganj100peaking,HFO,PDB,16*6.98,109,109,58,,Fuel shortage,,Khulna,,,
bheramara410,Gas,NWPGCL,1*278+1*132,410,410,120,,Gas shortage,,Khulna,,,
rupsha105orionrupsha,HFO,IPP,6*18.445,105,105,70,,Fuel shortage,,Khulna,,,
khulna330,Gas/HSD,BPDB,1*220+1*110,220,220,,,,,Khulna,,,
rampal1320bifpcl,Coal,NTPC&BPDB,660*2,617,617,49,,Coal shortage,,Khulna,,,
bhola33venture,Gas,NENP,1*34.50,40,40,,10,Engine problem,,Barisal,,,
barisal307,Coal,IPP,307*1,307,307,307,,Coal shortage,,Barisal,,,
baghabari50peaking,HFO,PDB,6*8.9,52,52,17,,Fuel shortage,,Rajshahi,,,
katakhali50northern,HFO,QRPP,6*8.9,50,50,16,,Fuel shortage,,Rajshahi,,,
katakhali50peaking,HFO,PDB,6*8.7,50,50,15,,Fuel shortage,,Rajshahi,,,
sirajgonj2251,Gas/HSD,NWPGCL,1*150+1*75,210,210,,210,Gas shortage,,Rajshahi,,,
sirajgonj2252,Gas/HSD,NWPGCL,1*150+1*75,220,220,,,Fuel shortage,,Rajshahi,,,
sirajgonj2253,Gas/HSD,NWPGCL,1*141,220,220,20,,,,Rajshahi,,,
sirajgonj4004,Gas/HSD,SNWPGCL,1*282+1*132,414,414,14,,,,Rajshahi,,,
santahar50peaking,HFO,PDB,6*8.7,50,50,20,,Fuel shortage,,Rajshahi,,,
bogra22gbb,Gas,RPP ,6*4,22,0,,,Contract Expired,,Rajshahi,,,
chapainawabganj100peaking,HFO,PDB,12*8.924,104,104,14,,Fuel shortage,,Rajshahi,,,
baghabari200paramount,HSD,IPP,135*1.6,200,200,,,,,Rajshahi,,,
confidencepowerbogura1113,HFO,IPP,6*18.55,113,113,56,,Fuel shortage,,Rajshahi,,,
adanipowerjharkhanda,Coal,Import,748*2,1496,1496,,,,,Rajshahi,,,
barapukuria1,Coal,PDB,1*125,125,85,85,,,,Rangpur,,,
rangpur113confidence,HFO,IPP,9*6.984+7*7.015+3.15*2,113,113,57,,Fuel shortage,,Rangpur,,,
ghorashal785max,Gas,QRPP,2*40,78,78,,12,Engine problem,,Dhaka,,,
meghnaghatsummit,Gas,IPP,2*110+1*110,305,305,155,,GT-1 Under shut down.,,Dhaka,,,
siddhirgonj2120g,Gas,EGCB, 2*105,210,210,210,,Gas Shortage,,Dhaka,,,
siddhirganj100dutchbangla,HFO,QRPP ,12*8.9,100,100,,18,Engine problem,,Dhaka,,,
gagnagar102digitalpower,HFO,IPP,12*8.924,102,102,,9,Engine problem,,Dhaka,,,
katpotti52sinha,HFO,IPP,7*7.9,51,51,51,,Fuel Shortage.,,Dhaka,,,
karnaphulihydro12345,Hydro,PDB,2*40+3*50,230,230,158,,Low water level & Unit-4&5 under maint.,,Chattogram,,,
barabkunda22regent,Gas,"SIPP, PDB",8*2.90,22,22,,4,Engine problem,,Chattogram,,,
ashuganj3,Gas,APSCL,1*150,150,135,135,,Gas Shortage,,Cumilla,,,
ashuganj4,Gas,APSCL,1*150,150,129,29,,Gas Shortage,,Cumilla,,,
ashuganj50,Gas,APSCL,14*3.968,53,45,,25,Engine problem,,Cumilla,,,
ashuganj55precision,Gas,RPP ,15*4,55,55,45,,Gas shortage,,Cumilla,,,
chandpur150,Gas,PDB,1*106+1*57,163,163,,73,ST under shut down,,Cumilla,,,
rpcl210,Gas,IPP,4*35+1*70,210,202,52,,Gas shortage,,Mymensingh,,,
fenchugonjphase2,Gas,PDB,2*35+1*35,104,90,,,,,Sylhet,,,
shahjibazar86shahjibazar,Gas,RPP ,32*2.90,86,86,,10,Engine problem,,Sylhet,,,
amnura50sinha,HFO,QRPP,7*7.79,50,50,50,,Fuel shortage.,,Rajshahi,,,
barapukuria2753,Coal,PDB,1*275,274,274,,,Coal Shortage.,,Rangpur,,,
saidpur20g,HSD,PDB,1*20,20,20,,10,Engine problem,,Rangpur,,,
haripur412,Gas,EGCB,1*273+1*139,412,400,,400,Under maint.,2024-11-17 00:00:00,Dhaka,,,
keraniganj100powerpac,HFO,NENP,8*13.45,100,75,,75,Under maint.,,Dhaka,,,
summitpowermadhabdiashulia,Gas,"SIPP,REB",3*3.67+4*8.73,80,80,,38,Engine problem,,Dhaka,,,
maona33summit,Gas,"SIPP,REB",4*8.73,33,33,,10,Engine problem,,Dhaka,,,
meghnaghat104opcl,HFO,IPP,18.5*6,104,104,88,,Fuel shortage,,Dhaka,,,
kanchanpurbachalpowergeneration,HFO,IPP,18.4*3,55,55,,19,Fuel shortage,,Dhaka,,,
summitmeghanghat2589,Gas,IPP,589,583,583,183,,Gas shortage,,Dhaka,,,
karnaphulihydro12345,Hydro,PDB,2*40+3*50,230,230,98,,Low water level,,Chattogram,,,
hathazari100peaking,HFO,PDB,11*8.9,98,98,,28,Engine problem,,Chattogram,,,
chattogram108ecpv,HFO,IPP,16*7,108,108,73,,Fuel shortage,,Chattogram,,,
anwara300ed,HFO,IPP,17*17+24,300,300,150,,Fuel shortage,,Chattogram,,,
jodiacpower,HFO,IPP,3*18.55+1*3.6,54,54,19,,Fuel shortage,,Chattogram,,,
anlimaenergy,HFO,IPP,6*21.2,116,116,63,,Fuel shortage,,Chattogram,,,
sspoweri,Coal,IPP,2*612,1224,1224,,612,Partial Shutdown due to maintenance,,Chattogram,,,
matarbari2600cpgcl,Coal,CPGCL,2*575,1150,1150,1150,,Coal shortage,,Chattogram,,,
ashuganj420east,Gas,APSCL,284*1+116*1,400,400,,,,,Cumilla,,,
ashuganj150midland,HFO,IPP,23*7.015,150,150,30,,Fuel shortage,,Cumilla,,,
titas50peaking,HFO,PDB,6*8.92,52,52,,16,Engine problem,,Cumilla,,,
chowmuhani113,HFO,IPP,12*9.78+2*3.1,113,113,58,,Fuel shortage,,Cumilla,,,
rpcl210,Gas,IPP,4*35+1*70,210,202,172,,Gas shortage,,Mymensingh,,,
mymensingh200ed,HFO,IPP,9.78*21,200,200,104,,Fuel shortage,,Mymensingh,,,
jamalpur115ed,HFO,IPP,9.78*12,115,115,58,,Fuel shortage,,Mymensingh,,,
fenchugonjphase1,Gas,PDB,2*32+1*33,97,70,,70,Gas shortage,,Sylhet,,,
kushiara163kp,Gas,IPP,1*109+1*54,163,163,,163,S/D for FGMO implementation,,Sylhet,,,
sylhet20g,Gas,PDB,1*20,20,20,20,,Gas shortage,,Sylhet,,,
shahjahanulla25,Gas,"SIPP, REB",3*9.34,25,25,,12,Engine problem,,Sylhet,,,
rampal1320bifpcl,Coal,NTPC&BPDB,617*2,1234,1234,617,,Coal shortage,,Khulna,,,
bhola225,Gas,PDB,2*63+1*68,194,194,,67,Machine problem,,Barisal,,,
edpayrapower,HFO,IPP,8*18.5+1*9.5,150,150,,13,Engine problem,,Barisal,,,
barisal307,Coal,IPP,307*1,307,307,,307,Under maint,,Barisal,,,
baghabari50peaking,HFO,PDB,6*8.9,52,52,,7,Engine problem,,Rajshahi,,,
katakhali50peaking,HFO,PDB,6*8.7,50,50,,7,Engine problem,,Rajshahi,,,
sirajgonj2251,Gas/HSD,NWPGCL,1*150+1*75,210,210,30,,Gas shortage,,Rajshahi,,,
sirajgonj4004,Gas/HSD,"IPP, SNWPGCL",1*282+1*132,414,414,,,FGMO,,Rajshahi,,,
natore52rajlanka,HFO,IPP,6*8.92,52,52,52,,Fuel shortage,,Rajshahi,,,
bagura113confidence2,HFO,IPP,6*18.55+7.2,113,113,,18,Engine problem,,Rajshahi,,,
barapukuria1,Coal,PDB,1*125,125,85,,18,Machine problem,,Rangpur,,,
barapukuria2753,Coal,PDB,1*275,274,274,,144,Machine problem,,Rangpur,,,
ghorasalrepowered4,Gas,PDB,1*210,210,180,50,,Gas shortage,,Dhaka,,,
meghnaghatsummit,Gas,IPP,2*110+1*110,335,335,,,FGMO,,Dhaka,,,
madanganj102summit,HFO,NENP,6*17,102,102,,3,,,Dhaka,,,
keraniganj100powerpac,HFO,QRPP,8*13.45,100,20,,,Contract Expired,,Dhaka,,,
siddhirgonj2120g,Gas,EGCB, 2*105,210,210,10,,,,Dhaka,,,
siddhirganj100dutchbangla,HFO,NENP,12*8.9,100,100,75,,Fuel shortage,,Dhaka,,,
siddhirganj335,Gas,EGCB,1*217+118,335,335,,125,ST under maint.,,Dhaka,,,
kamalaghat54bancoenergy,HFO,IPP,3*18,54,54,37,,Fuel shortage,,Dhaka,,,
summitpowermadhabdiashulia,Gas,"SIPP,REB",3*3.67+4*8.73,80,80,,34,Engine problem,,Dhaka,,,
tongi80g,Gas,PDB,1* 105,105,105,65,,Gas shortage,,Dhaka,,,
kodda3002summit,HFO,IPP,18*17.076,300,300,150,,Fuel shortage,,Dhaka,,,
bramhangoan100aggreko,HSD,IPP,114*0.959,100,100,,100,Contract Expired,,Dhaka,,,
manikgonj162mpgl,HFO,IPP,9*18,162,162,108,,Fuel shortage,,Dhaka,,,
kanchanpurbachalpowergeneration,HFO,IPP,18.4*3,55,55,20,,Fuel shortage,,Dhaka,,,
hathazari100peaking,HFO,PDB,11*8.9,98,98,,38,Engine problem,,Chattogram,,,
dohazarikalaish100peaking,HFO,PDB,6*17,102,102,,51,Engine problem,,Chattogram,,,
juldah1001acorn,HFO,NENP,8*13.45,100,100,67,,Fuel shortage,,Chattogram,,,
juldah1003acorn,HFO,IPP,8*13.5,100,100,,10,Engine problem,,Chattogram,,,
karnaphulipower,HFO,IPP,18.415*6+6.5,110,110,56,,Fuel shortage,,Chattogram,,,
juldah2acorn,HFO,IPP,8*13.6,100,100,,10,Engine problem,,Chattogram,,,
anlimaenergy,HFO,IPP,6*21.2,116,116,48,,Fuel shortage,,Chattogram,,,
mirsharai150,Gas/HFO,BPDB-RPCL,18.5*9,163,163,,,On test.,,Chattogram,,,
coxsbazarwind,Wind,IPP,66,0,0,,,,,Chattogram,,,
ashuganj420east,Gas,APSCL,284*1+116*1,400,400,,,ST process,,Cumilla,,,
titas50peaking,HFO,PDB,6*8.92,52,52,,8,Engine problem,,Cumilla,,,
jangalia33summit,Gas,"SIPP, PDB",4*8.73,33,33,,8,Engine problem,,Cumilla,,,
jangalia52lakdanavi,HFO,IPP,6*8.92,52,52,,9,Engine problem,,Cumilla,,,
rpcl210,Gas,IPP,4*35+1*70,210,202,102,,Gas shortage,,Mymensingh,,,
tangail22doreen,Gas,"SIPP, PDB",8*2.90,22,22,6,,Gas shortage,,Mymensingh,,,
mymensingh200ed,HFO,IPP,9.78*21,200,200,114,,Fuel shortage,,Mymensingh,,,
jamalpur115ed,HFO,IPP,9.78*12,115,115,29,,Fuel shortage,,Mymensingh,,,
kushiara163kp,Gas,IPP,1*109+1*54,163,163,,51,ST under maint.,,Sylhet,,,
sylhet225,Gas,PDB,1*142+1*89,231,231,,48,Machine problem,,Sylhet,,,
shahjahanulla25,Gas,"SIPP, REB",3*9.34,25,25,9,,Gas shortage,,Sylhet,,,
bibianaii341summit,Gas,IPP,1*222+1*119,341,341,,21,FGMO,,Sylhet,,,
bibiyanasouth400,Gas,PDB,400 MW,383,383,,128,ST under maint.,,Sylhet,,,
khulna225,HSD,NWPGCL,1*150+1*75,230,230,30,,,,Khulna,,,
bheramara410,Gas,NWPGCL,1*278+1*132,410,410,270,,Gas shortage,,Khulna,,,
rupsha105orionrupsha,HFO,IPP,6*18.445,105,105,71,,Fuel shortage,,Khulna,,,
rampal1320bifpcl,Coal,NTPC&BPDB,660*2,617,617,247,,Coal Shortage.,,Khulna,,,
bhola33venture,Gas,NENP,1*34.50,40,40,,7,Engine problem,,Barisal,,,
bhola225,Gas,PDB,2*63+1*68,194,194,,24,Machine problem,,Barisal,,,
payra1320,Coal,BCPCL,2*622,1244,1244,1244,,Coal Shortage.,,Barisal,,,
barisal307,Coal,BCPCL,307*1,307,307,157,,Coal Shortage.,,Barisal,,,
amnura50sinha,HFO,QRPP,7*7.79,50,28,,,,,Rajshahi,,,
katakhali50northern,HFO,QRPP,6*8.9,50,50,,7,Engine problem,,Rajshahi,,,
katakhali50peaking,HFO,PDB,6*8.7,50,50,,14,Engine problem,,Rajshahi,,,
sirajgonj2251,Gas/HSD,NWPGCL,1*150+1*75,210,210,50,,Gas shortage,,Rajshahi,,,
sirajgonj2253,Gas/HSD,NWPGCL,1*141,220,220,80,,Gas shortage,,Rajshahi,,,
natore52rajlanka,HFO,IPP,6*8.92,52,52,,10,Engine problem,,Rajshahi,,,
adanipowerjharkhanda,Coal,Import,748*1,748,748,,,On test.,,Rajshahi,,,
barapukuria1,Coal,PDB,1*125,125,85,13,,,,Rangpur,,,
rangpur113confidence,HFO,IPP,9*6.984+7*7.015+3.15*2,113,113,58,,Fuel shortage,,Rangpur,,,
ghorasal12,Gas,PDB,2*55,110,85,,85,"Unit-1,2 Under maint",,Dhaka,,,
ghorashal785max,Gas,QRPP,2*40,78,78,78,,Gas shortage,,Dhaka,,,
katpotti52sinha,HFO,IPP,7*7.9,51,51,51,,Fuel shortage,,Dhaka,,,
chattogram1,Gas,PDB,1*210,210,180,50,,Gas shortage,,Chattogram,,,
chattogram108ecpv,HFO,IPP,16*7,108,108,,23,Engine problem,,Chattogram,,,
ashuganj225,Gas,APSCL,1*142+1*75,221,221,,,STG U/M,,Cumilla,,,
ashuganj55precision,Gas,RPP ,15*4,55,55,40,,Gas shortage,,Cumilla,,,
chandpur150,Gas,PDB,1*106+1*57,163,163,,63,ST under shut down,,Cumilla,,,
rpcl210,Gas,IPP,4*35+1*70,210,202,62,,Gas shortage,,Mymensingh,,,
jamalpur95powerpac,HFO,IPP,12*8.924,95,95,,40,Engine problem,,Mymensingh,,,
fenchugonjphase2,Gas,PDB,2*35+1*35,104,90,,60,Unit-4 under shut down,,Sylhet,,,
shahjibazarg89,Gas,PDB,2*35,70,66,,,Unit 8 U/M,,Sylhet,,,
bhola225,Gas,PDB,2*63+1*68,194,194,,126,GT-2 & ST Under maint.,,Barisal,,,
bhola95aggreko,Gas,QRPP,96*1.10,95,95,,18,Engine problem,,Barisal,,,
katakhali50northern,HFO,QRPP,6*8.9,50,50,50,,Fuel shortage.,,Rajshahi,,,
sirajgonj2251,Gas/HSD,NWPGCL,1*150+1*75,210,210,,75,ST Under maint & gas shoratge,,Rajshahi,,,
barapukuria2753,Coal,PDB,1*275,274,274,124,,Coal Shortage.,,Rangpur,,,
ghorasal12,Gas,PDB,2*55,110,85,,53,#2 Under maint.,,Dhaka,,,
haripur360hpl,Gas,IPP,1*235+1*125,360,360,,,Gas shortage,,Dhaka,,,
meghnaghat450mpl,Gas,IPP,2*150+1*150,450,450,,,Gas shortage,,Dhaka,,,
chattogram1,Gas,PDB,1*210,210,180,85,,Gas shortage,,Chattogram,,,
chattogram108ecpv,HFO,IPP,16*7,108,108,,,Engine problem,,Chattogram,,,
ashuganj50,Gas,APSCL,14*3.968,53,45,,8,Engine problem,,Cumilla,,,
ashuganj195apscled,Gas,IPP,20*9.73+1*16,195,195,127,,Gas shortage,,Cumilla,,,
ashuganj51midland,Gas,IPP,6*9.34,51,51,,5,Engine problem,,Cumilla,,,
shahjibazar50epl,Gas,RPP,27*2.0,50,50,,8,Engine problem,,Sylhet,,,
sylhet50epl,Gas,RPP ,27*2,50,50,,,,,Sylhet,,,
khulna225,HSD,NWPGCL,1*150+1*75,230,230,,80,ST Under maint,,Khulna,,,
haripur412,Gas,EGCB,1*273+1*139,412,412,12,,Gas shortage,,Dhaka,,,
haripur360hpl,Gas,IPP,1*235+1*125,360,360,,,Contract Expired,,Dhaka,,,
meghnaghat100iel,HFO,NENP,12*8.9,100,100,,,,,Dhaka,,,
madanganj102summit,HFO,NENP,6*17,102,102,,17,Engine problem,,Dhaka,,,
keraniganj100powerpac,HFO,NENP,8*13.45,100,75,35,,Fuel shortage,,Dhaka,,,
siddhirganj100dutchbangla,HFO,NENP,12*8.9,100,100,,,,,Dhaka,,,
gagnagar102digitalpower,HFO,IPP,12*8.924,102,102,,12,Engine problem,,Dhaka,,,
kodda150,HFO,BPDB-RPCL,9*17.06,149,149,51,,Fuel shortage,,Dhaka,,,
rupganj33summit,Gas,"SIPP,REB",4*8.73,33,33,,9,Engine problem,,Dhaka,,,
gazipur52,HFO,RPCL,6*8.9,52,52,36,,Fuel shortage,,Dhaka,,,
kodda1491summit,HFO,IPP,8*18.45+8.97,149,149,69,,Fuel shortage,,Dhaka,,,
meghnaghat104opcl,HFO,IPP,18.5*6,104,104,51,,Fuel shortage,,Dhaka,,,
meghnaghatuniquepower,Gas,IPP,586,0,0,,,,,Dhaka,,,
summitmeghanghat2589,Gas,IPP,589,0,0,,,,,Dhaka,,,
patenga50baraka,HFO,IPP,8*6.98,50,50,32,,Fuel shortage,,Chattogram,,,
karnaphulihydro12345,Hydro,PDB,2*40+3*50,230,230,154,,Low water lavel,,Chattogram,,,
sikalbaha225,Gas/HSD,PDB,1*150+1*75,225,225,25,,Gas shortage,,Chattogram,,,
hathazari100peaking,HFO,PDB,11*8.9,98,98,33,,Fuel shortage,,Chattogram,,,
juldah1003acorn,HFO,IPP,8*13.5,100,100,88,,Fuel shortage,,Chattogram,,,
barabkunda22regent,Gas,"SIPP, PDB",8*2.90,22,22,4,,Gas shortage,,Chattogram,,,
anwara300ed,HFO,IPP,17*17+24,300,300,40,,Fuel shortage,,Chattogram,,,
mirsharai150,HFO,BPDB-RPCL,18.5*9,163,163,13,,Fuel shortage,,Chattogram,,,
sspoweri,Coal,SS Power ,2*612,1224,1224,774,,Coal Shortage.,,Chattogram,,,
matarbari2600cpgcl,Coal,CPGCL,0,0,0,,,On test.,,Chattogram,,,
ashuganj225,Gas,APSCL,1*142+1*75,221,221,221,,Gas shortage,,Cumilla,,,
ashuganj450south,Gas,APSCL,1*360,360,360,80,,Gas shortage,,Cumilla,,,
ashuganj420east,Gas,APSCL,284*1+116*1,400,400,400,,under maint,,Cumilla,,,
ashuganj55precision,Gas,QRPP,0,55,0,,,,,Cumilla,,,
ashuganj150midland,HFO,IPP,23*7.015,150,150,75,,Fuel shortage,,Cumilla,,,
titas50peaking,HFO,PDB,6*8.92,52,52,22,,Fuel shortage,,Cumilla,,,
fenilankapower,HFO,IPP,7*18.415+1*9.78,114,114,14,,Engine problem,,Cumilla,,,
chandpur115doreen,HFO,IPP,4*18.5+2*22.5,115,115,97,,Fuel shortage,,Cumilla,,,
mymensingh200ed,HFO,IPP,9.78*21,200,200,170,,Fuel shortage,,Mymensingh,,,
jamalpur115ed,HFO,IPP,9.78*12,115,115,35,,Fuel shortage,,Mymensingh,,,
fenchugonjphase2,Gas,PDB,2*35+1*35,104,90,,90,Machine problem,,Sylhet,,,
shahjibazar86shahjibazar,Gas,RPP ,32*2.90,86,86,36,,Gas shortage,,Sylhet,,,
bibiyanasouth400,Gas,PDB,400 MW,383,383,,383,Under maint,,Sylhet,,,
khulna115kpcl2,HFO,NENP,7*17,115,115,83,,Fuel shortage,,Khulna,,,
gopalganj100peaking,HFO,PDB,16*6.98,109,109,,109,Under maint.,,Khulna,,,
rampal1320bifpcl,Coal,NTPC&BPDB,660*2,617,617,,,,,Khulna,,,
bhola33venture,Gas,NENP,1*34.50,40,40,,20,Engine problem,,Barisal,,,
bhola225,Gas,PDB,2*63+1*68,194,194,,74,ST Under maint.,,Barisal,,,
payra1320,Coal,BCPCL,2*622,1244,1244,,622,#01 Under maint.,,Barisal,,,
edpayrapower,HFO,IPP,8*18.5+1*9.5,150,150,115,,Fuel shortage,,Barisal,,,
baghabari50peaking,HFO,PDB,6*8.9,52,52,18,,Fuel shortage,,Rajshahi,,,
bera70peaking,HFO,PDB,9*8.29,71,71,,51,Engine problem,,Rajshahi,,,
sirajgonj4004,Gas/HSD,SNWPGCL,1*282+1*132,414,414,,,Gas shortage,,Rajshahi,,,
santahar50peaking,HFO,PDB,6*8.7,50,50,12,,Engine problem,,Rajshahi,,,
bogra22gbb,Gas,RPP ,0,22,0,,,Contract Expired,,Rajshahi,,,
natore52rajlanka,HFO,IPP,6*8.92,52,52,31,,Fuel shortage,,Rajshahi,,,
bagura113confidence2,HFO,IPP,6*18.55+7.2,113,113,78,,Fuel shortage,,Rajshahi,,,
confidencepowerbogura1113,HFO,IPP,6*18.55,113,113,78,,Fuel shortage,,Rajshahi,,,
rangpur113confidence,HFO,IPP,9*6.984+7*7.015+3.15*2,113,113,64,,Fuel shortage,,Rangpur,,,
ghorasal3657,Gas,PDB,1*243+1*122,365,365,,165,Machine problem,,Dhaka,,,
ghorashal108regent,Gas,IPP,34*3.35,108,108,86,,Gas shortage,,Dhaka,,,
haripur412,Gas,EGCB,1*273+1*139,412,412,132,,Gas shortage,,Dhaka,,,
haripur360hpl,Gas,IPP,1*235+1*125,360,360,360,,Gas shortage,,Dhaka,,,
meghnaghat100iel,HFO,NENP,12*8.9,100,100,,27,Engine problem,,Dhaka,,,
meghnaghatsummit,Gas,IPP,2*110+1*110,335,335,120,,FGMO,,Dhaka,,,
madanganj55summit,HFO,IPP,3*17.08+1*11.3,55,55,,10,Engine problem,,Dhaka,,,
narshingdi22doreen,Gas,"SIPP, REB",8*2.90,22,22,,6,Engine problem,,Dhaka,,,
siddhirganj100dutchbangla,HFO,NENP,12*8.9,100,100,,20,Engine problem,,Dhaka,,,
gagnagar102digitalpower,HFO,IPP,12*8.924,102,102,52,,Fuel shortage,,Dhaka,,,
kodda150,HFO,BPDB-RPCL,9*17.06,149,149,117,,Fuel shortage,,Dhaka,,,
rupganj33summit,Gas,"SIPP,REB",4*8.73,33,33,,8,Engine problem,,Dhaka,,,
kodda3002summit,HFO,IPP,18*17.076,300,300,,15,Engine problem,,Dhaka,,,
kodda1491summit,HFO,IPP,8*18.45+8.97,149,149,85,,Fuel shortage,,Dhaka,,,
meghnaghat104opcl,HFO,IPP,18.5*6,104,104,22,,Fuel shortage,,Dhaka,,,
kanchanpurbachalpowergeneration,HFO,IPP,18.4*3,55,55,25,,Fuel shortage,,Dhaka,,,
raozan25,HFO,RPCL,3*8.9,25,25,,8,Engine problem,,Chattogram,,,
karnaphulihydro12345,Hydro,PDB,2*40+3*50,230,230,184,,Low Water Level ,,Chattogram,,,
sikalbaha225,Gas/HSD,PDB,1*150+1*175,225,225,,74,ST under maint,,Chattogram,,,
hathazari100peaking,HFO,PDB,11*8.9,98,98,66,,Fuel shortage,,Chattogram,,,
juldah1001acorn,HFO,NENP,8*13.45,100,100,90,,Fuel shortage,,Chattogram,,,
anwara300ed,HFO,IPP,17*17+24,300,300,,10,Engine problem,,Chattogram,,,
jodiacpower,HFO,IPP,3*18.55+1*3.6,54,54,,18,Engine problem,,Chattogram,,,
karnaphulipower,HFO,IPP,18.415*6+6.5,110,110,,36,Engine problem,,Chattogram,,,
ashuganj450north,Gas,APSCL,1*360,360,360,,360,Gas shortage,,Cumilla,,,
ashuganj450south,Gas,APSCL,1*360,360,360,0,,,,Cumilla,,,
ashuganj50,Gas,APSCL,14*3.968,53,45,2,,Gas shortage,,Cumilla,,,
ashuganj55precision,Gas,QRPP,15*4,55,55,0,,Gas shortae,,Cumilla,,,
ashuganj195apscled,Gas,IPP,20*9.73+1*16,195,195,95,,Gas shortage,,Cumilla,,,
ashuganj51midland,Gas,IPP,6*9.34,51,51,1,,Gas shortage,,Cumilla,,,
ashuganj150midland,HFO,IPP,23*7.015,150,150,,,Fuel shortage,,Cumilla,,,
titas50peaking,HFO,PDB,6*8.92,52,52,,20,Engine problem,,Cumilla,,,
chandpur150,Gas,PDB,1*106+1*57,163,163,93,,Gas shortage.,,Cumilla,,,
fenilankapower,HFO,IPP,7*18.415+1*9.78,114,114,15,,Fuel shortage,,Cumilla,,,
bhairob545,HFO,IPP,3*18.2,54,54,,18,Engine problem,,Cumilla,,,
rpcl210,Gas,IPP,4*35+1*70,210,202,130,,Gas shortage,,Mymensingh,,,
tangail22doreen,Gas,"SIPP, PDB",8*2.90,22,22,15,,Gas shortage,,Mymensingh,,,
mymensingh200ed,HFO,IPP,9.78*21,200,200,143,,Fuel shortage,,Mymensingh,,,
jamalpur115ed,HFO,IPP,9.78*12,115,115,57,,Fuel shortage,,Mymensingh,,,
tangailpallipowergen22,HFO,IPP,4*6.7,22,22,,10,Engine problem,,Mymensingh,,,
fenchugonjphase2,Gas,PDB,2*35+1*35,104,90,,69,Machine problem,,Sylhet,,,
kushiara163kp,Gas,IPP,1*109+1*54,163,163,78,,Gas shortage,,Sylhet,,,
hobiganj11cofidencee,Gas,"SIPP, REB",4*2.90,11,11,3,,Gas shortage,,Sylhet,,,
sylhet225,Gas,PDB,1*142+1*89,231,231,,231,Under maint,,Sylhet,,,
sylhet50epl,Gas,NENP,27*2,50,50,18,,Gas shortage,,Sylhet,,,
bibianaii341summit,Gas,IPP,1*222+1*119,341,341,,341,Under maint.,2022-12-23 00:00:00,Sylhet,,,
gopalganj100peaking,HFO,PDB,16*6.98,109,109,,34,Engine problem,,Khulna,,,
bheramara410,Gas,NWPGCL,1*278+1*132,410,410,230,,Gas shortage,,Khulna,,,
rupsha105orionrupsha,HFO,IPP,6*18.445,105,105,,30,Engine problem,,Khulna,,,
bhola33venture,Gas,NENP,1*34.50,40,40,,21,Engine problem,,Barisal,,,
bhola225,Gas,PDB,2*63+1*68,194,194,,49,Machine problem,,Barisal,,,
payra1320,Coal,BCPCL,2*622,1244,1244,,622,Unit-1 under maint,,Barisal,,,
baghabari50peaking,HFO,PDB,6*8.9,52,52,,18,Engine problem,,Rajshahi,,,
bera70peaking,HFO,PDB,9*8.29,71,71,,42,Engine problem,,Rajshahi,,,
katakhali50northern,HFO,QRPP,6*8.9,50,50,,0,Engine problem,,Rajshahi,,,
sirajgonj4004,Gas/HSD,SNWPGCL,1*282+1*132,414,414,149,,Gas shortage,,Rajshahi,,,
natore52rajlanka,HFO,IPP,6*8.92,52,52,,44,Engine problem,,Rajshahi,,,
chapainawabganj100peaking,HFO,PDB,12*8.924,104,104,,,,,Rajshahi,,,
confidencepowerbogura1113,HFO,IPP,6*18.55,113,113,,18,Engine problem,,Rajshahi,,,
adanipowerjharkhanda,Coal,Import,0,0,0,,,,,Rajshahi,,,
barapukuria1,Coal,PDB,1*125,125,85,85,,Coal shortage,,Rangpur,,,
rangpur113confidence,HFO,IPP,9*6.984+7*7.015+3.15*2,113,113,,28,Engine problem,,Rangpur,,,
ghorashal108regent,Gas,IPP,34*3.35,108,108,33,,Gas shortage,,Dhaka,,,
meghnaghat100iel,HFO,NENP,12*8.9,0,0,,,,,Dhaka,,,
madanganj102summit,HFO,NENP,6*17,0,0,,,,,Dhaka,,,
madanganj55summit,HFO,IPP,3*17.08+1*11.3,55,55,15,,Fuel shortage,,Dhaka,,,
keraniganj100powerpac,HFO,NENP,8*13.45,100,75,75,,Engine problem.,,Dhaka,,,
siddhirgonj2120g,Gas,EGCB, 2*105,210,210,110,,Titas gas line problem.,,Dhaka,,,
siddhirganj100dutchbangla,HFO,NENP,12*8.9,0,0,,,,,Dhaka,,,
gagnagar102digitalpower,HFO,IPP,12*8.924,102,102,12,,Engine problem,,Dhaka,,,
summitpowermadhabdiashulia,Gas,"SIPP,REB",3*3.67+4*8.73,80,80,,44,Engine problem,,Dhaka,,,
meghnaghat104opcl,HFO,IPP,18.5*6,104,104,32,,Lube oil shortage.,,Dhaka,,,
kanchanpurbachalpowergeneration,HFO,IPP,18.4*3,55,55,55,,engine problem.,,Dhaka,,,
meghnaghatuniquepower,Gas,IPP,586,584,584,,,,,Dhaka,,,
chattogram1,Gas,PDB,1*210,210,180,65,,Gas shortage,,Chattogram,,,
karnaphulihydro12345,Hydro,PDB,2*40+3*50,230,230,200,,Low water lavel,,Chattogram,,,
sikalbaha105barakasikalbaha,HFO,IPP,6*17.5,105,105,71,,Fuel shortage,,Chattogram,,,
hathazari100peaking,HFO,PDB,11*8.9,98,98,41,,,,Chattogram,,,
dohazarikalaish100peaking,HFO,PDB,6*17,102,102,,35,Engine problem,,Chattogram,,,
juldah1001acorn,HFO,NENP,8*13.45,100,100,,,,,Chattogram,,,
chattogram108ecpv,HFO,IPP,16*7,108,108,70,,Fuel shortage,,Chattogram,,,
anwara300ed,HFO,IPP,17*17+24,300,300,284,,,,Chattogram,,,
jodiacpower,HFO,IPP,3*18.55+1*3.6,54,54,18,,Fuel shortage,,Chattogram,,,
juldah2acorn,HFO,IPP,8*13.6,100,100,100,,Fuel shortage,,Chattogram,,,
sspoweri,Coal,SS Power ,2*612,1224,1224,954,,Coal Shortage.,,Chattogram,,,
matarbari2600cpgcl,Coal,CPGCL,0,575,575,,,Unit-2 on test,,Chattogram,,,
sonagazi75solarplant,Solar,EGCB,75,0,0,,,on test,,Chattogram,,,
ashuganj50,Gas,APSCL,14*3.968,53,45,11,,,,Cumilla,,,
ashuganj55precision,Gas,QRPP,0,55,55,5,,,,Cumilla,,,
ashuganj150midland,HFO,IPP,23*7.015,150,150,144,,Fuel shortage,,Cumilla,,,
titas50peaking,HFO,PDB,6*8.92,52,52,,11,Engine problem,,Cumilla,,,
chandpur150,Gas,PDB,1*106+1*57,163,163,,163,Machine problem,,Cumilla,,,
chandpur200deshenergy,HFO,IPP,12*18.4,200,200,50,,Fuel shortage,,Cumilla,,,
feni11doreen,Gas,"SIPP, REB",4*2.90,11,11,,5,Contract Expired,,Cumilla,,,
chowmuhani113,HFO,IPP,12*9.78+2*3.1,113,113,40,,Fuel shortage,,Cumilla,,,
chandpur115doreen,HFO,IPP,4*18.5+2*22.5,115,115,,20,Engine problem,,Cumilla,,,
mymensingh200ed,HFO,IPP,9.78*21,200,200,92,,Fuel shortage,,Mymensingh,,,
jamalpur115ed,HFO,IPP,9.78*12,115,115,18,,Fuel shortage,,Mymensingh,,,
tangailpallipowergen22,HFO,IPP,4*6.7,22,22,4,,Fuel shortage,,Mymensingh,,,
fenchugonjphase2,Gas,PDB,2*35+1*35,104,90,,60,Machine problem,,Sylhet,,,
shahjibazar86shahjibazar,Gas,RPP ,32*2.90,86,0,,,Contract Expired,,Sylhet,,,
khulna115kpcl2,HFO,NENP,7*17,0,0,,,,,Khulna,,,
faridpur50peaking,HFO,PDB,8*6.89,54,54,,12,Engine problem,,Khulna,,,
gopalganj100peaking,HFO,PDB,16*6.98,109,109,,47,Engine problem,,Khulna,,,
noapara40khanjahanali,HFO,NENP,5*8.5,0,0,,,,,Khulna,,,
rupsha105orionrupsha,HFO,IPP,6*18.445,105,105,15,,Fuel shortage,,Khulna,,,
bhola225,Gas,PDB,2*63+1*68,194,194,,64,ST Under maint.,,Barisal,,,
edpayrapower,HFO,IPP,8*18.5+1*9.5,150,150,123,,fuel shortage.,,Barisal,,,
baghabari50peaking,HFO,PDB,6*8.9,52,52,14,,Fuel shortage,,Rajshahi,,,
santahar50peaking,HFO,PDB,6*8.7,50,50,17,,Engine problem,,Rajshahi,,,
bagura113confidence2,HFO,IPP,6*18.55+7.2,113,113,36,,Fuel shortage,,Rajshahi,,,
confidencepowerbogura1113,HFO,IPP,6*18.55,113,113,38,,Fuel shortage,,Rajshahi,,,
adanipowerjharkhanda,Coal,Imported power,748*2,1496,1496,,,Engine problem,,Rajshahi,,,
barapukuria1,Coal,PDB,1*125,125,85,10,,Under maint,,Rangpur,,,
barapukuria2753,Coal,PDB,1*275,274,274,,44,Coal Shortage.,,Rangpur,,,
ghorasal5,Gas,PDB,1*210,210,190,,190,Gas shortage,,Dhaka,,,
haripur360hpl,Gas,IPP,1*235+1*125,360,360,160,,Gas shortage,,Dhaka,,,
meghnaghat450mpl,Gas,IPP,2*150+1*150,450,450,280,,Gas shortage,,Dhaka,,,
madanganj55summit,HFO,(IPP),3*17.08+1*11.3,55,55,,15,Engine problem,,Dhaka,,,
maona33summit,Gas,"SIPP,REB",4*8.73,33,33,,13,Engine problem,,Dhaka,,,
kanchanpurbachalpowergeneration,HFO,IPP,55,55,55,,,,,Dhaka,,,
raozan25,HFO,IPP,3*8.9,25,25,,8,Engine problem,,Chattogram,,,
patenga50baraka,HFO,IPP,8*6.98,50,50,,10,Engine problem,,Chattogram,,,
karnaphulihydro12345,Hydro,PDB,2*40+3*50,230,230,,146,Low Water Level ,,Chattogram,,,
dohazarikalaish100peaking,HFO,PDB,6*17,102,102,,51,Fuel shortage,,Chattogram,,,
barabkunda22regent,Gas,"SIPP, PDB",8*2.90,22,22,,2,Engine problem,,Chattogram,,,
ashuganj3,Gas,APSCL,1*150,0,0,0,,Contract Expired,,Cumilla,,,
ashuganj450north,Gas,APSCL,1*360,360,360,160,,"ST under maint, Gas shortage",,Cumilla,,,
ashuganj50,Gas,APSCL,14*3.968,53,45,16,,Gas shortage,,Cumilla,,,
chandpur150,Gas,PDB,1*106+1*57,163,163,,75,ST under maint ,,Cumilla,,,
cumilla25summit,Gas,"SIPP, PDB",3*3.67+2*6.97,25,25,,16,Engine problem,,Cumilla,,,
fenchugonjphase2,Gas,PDB,2*35+1*35,104,90,,60,GT-4 under maint.,,Sylhet,,,
kushiara163kp,Gas,IPP,1*109+1*54,163,163,53,,Gas shortage,,Sylhet,,,
shajibazar330,Gas,PDB,3*110,330,330,,180,GT-2  under S/D due to gas,,Sylhet,,,
fenchugonj51barakatullah,Gas,RPP ,19*2.90,51,51,,, ,,Sylhet,,,
sylhet10desh,Gas,RPP ,6*1.95,10,10,10,,Gas shortage,,Sylhet,,,
bhola225,Gas,PDB,2*63+1*68,194,194,102,,Gas shortage,,Barisal,,,
bera70peaking,HFO,PDB,9*8.29,71,71,,21,Engine problem,,Rajshahi,,,
amnura50sinha,HFO,QRPP,7*7.79,50,50,,,Contact expired,,Rajshahi,,,
sirajgonj4004,Gas/HSD,SNWPGCL,1*282+1*132,414,414,114,,Gas shortage,,Rajshahi,,,
santahar50peaking,HFO,PDB,6*8.7,50,50,,19,Engine problem,,Rajshahi,,,
rangpur20g,HSD,PDB,1*20,20,20,,5,,,Rangpur,,,
ghorasalst12,Gas,PDB,2*55,110,85,,50,Unit #1 Under maint.,,Dhaka,,,
ghorasalgt3,Gas,PDB,1*210,210,170,,170,Under maint.,,Dhaka,,,
ghorasalst5,Gas,PDB,1*210,210,190,,190,Under maint.,,Dhaka,,,
haripur412,Gas,EGCB,1*273+1*139,412,412,,139,ST under maint. & FGMO,,Dhaka,,,
haripurnepc110,HFO,IPP,8*15,110,110,,15,Engine problem,,Dhaka,,,
meghnaghat450,Gas,IPP,2*150+1*150,450,450,,, ,,Dhaka,,,
meghnaghatsummit,HSD,IPP,2*110+1*110,305,305,,305,Reserve,,Dhaka,,,
siddhirgonjgt12,Gas,EGCB, 2*105,210,210,210,,Gas shortage,,Dhaka,,,
siddhirganjdesh,HSD,QRPP ,96*1.2,100,100,,,,,Dhaka,,,
siddhirganj335,Gas,EGCB,1*217,217,217,217,,Gas shortage,,Dhaka,,,
northern55,HFO,IPP,3*19.3,55,55,,18,Engine problem,,Dhaka,,,
bosila108,HFO,IPP,12*8.775+1*3.5,108,108,,59,Engine problem,,Dhaka,,,
chattogramst1raozan,Gas,PDB,1*210,210,180,180,,Gas shortage,,Chattogram,,,
chittgongst2raozan,Gas,PDB,1*210,210,180,70,,Gas shortage,,Chattogram,,,
kaptaihydro12345,Hydro,PDB,2*40+3*50,230,230,,158,Low water lavel,,Chattogram,,,
sikalbaha225,Gas/HSD,PDB,1*150+1*175,225,225,,,Under maint.,,Chattogram,,,
sikalbahapeakinggt,Gas/HSD,PDB,1*150 ,150,150,,150,Under maint.,,Chattogram,,,
sikalbahaenergis,HFO,RPP ,4*12.5+2*11.9+1*3+1*1.5,51,51,,,,,Chattogram,,,
juldahacorn,HFO,QRPP,8*13.45,100,100,,32,Engine problem,,Chattogram,,,
juldah1003,HFO,IPP,0,100,100,,16,Engine problem,,Chattogram,,,
ashuganjst4,Gas,APSCL,1*150,150,129,29,,Under maint.,,Cumilla,,,
ashuganjst5,Gas,APSCL,1*150,150,134,,134,Under Maint.,,Cumilla,,,
ashuganjsouth,Gas,APSCL,1*360,360,360,,,FGMO,,Cumilla,,,
ashuganjenginestsk,Gas,APSCL,14*3.968,53,45,,8,Engine problem,,Cumilla,,,
ashuganjprecision55,Gas,RPP ,15*4,55,55,50,,Gas shortage,,Cumilla,,,
ashuganj195modular,Gas,IPP,20*9.73+1*16,195,195,187,,Gas Shortage,,Cumilla,,,
bbariaaggreko85,Gas,QRPP ,86*1.10,85,85,,,,,Cumilla,,,
chandpur,Gas,PDB,1*106+1*57,163,163,,57,ST under maint.,,Cumilla,,,
mymensinghrpcl210,Gas,IPP,4*35+1*70,210,202,117,,Gas shortage ,,Mymensingh,,,
jamalpur95,HFO,IPP,12*8.924,95,95,,8,Enjgine problem,,Mymensingh,,,
edjamalpurl,HFO,IPP,115 MW,0,0,,,,,Mymensingh,,,
fenchugonj1,Gas,PDB,2*32+1*33,97,70,,40,GT-1 under maint.,,Sylhet,,,
shajibazar330,Gas,PDB,3*110,330,330,,110,ST under maint.,,Sylhet,,,
shahjibazargt89,Gas,PDB,2*35,70,66,,,,,Sylhet,,,
shahjibazarepl50,Gas,RPP,27*2.0,50,50,,,,,Sylhet,,,
sylhetepl50,Gas,RPP ,27*2,50,50,,27,Engine problem,,Sylhet,,,
bheramara360,Gas,NWPGCL,1*278+1*132,410,410,,,,,Khulna,,,
bholaventure33,Gas,RPP,1*34.50,33,33,,7,Engine problem,,Barisal,,,
baghabarigt71,Gas,PDB,1*71,71,71,71,,Gas shortage.,,Rajshahi,,,
baghabarigt100,Gas,PDB,1*100,100,100,,100,Gas shortage.,,Rajshahi,,,
amnura50,HFO,QRPP,7*7.79,50,50,,10,Engine problem,,Rajshahi,,,
sirajgonj1225,Gas/HSD,NWPGCL,1*150+1*75,210,210,210,,Gas shortage,,Rajshahi,,,
sirajgonj2225,Gas/HSD,NWPGCL,1*150+1*75,220,220,220,,Gas shortage,,Rajshahi,,,
sirajgonj3225,Gas/HSD,NWPGCL,1*141,141,141,,,,,Rajshahi,,,
sirajgonj4414,Gas,SNWPGCL,1*282,282,282,282,,Gas shortage,,Rajshahi,,,
rajlanka52,HFO,IPP,6*8.92,52,52,,9,Engine problem,,Rajshahi,,,
chapainawabganj100,HFO,PDB,12*8.924,104,104,,,,,Rajshahi,,,
paramountbaghabari,HSD,IPP,200 MW,0,0,,,On Test,,Rajshahi,,,
confidencecpbl2,HFO,IPP,113 MW,0,0,,,On test,,Rajshahi,,,
barapukuria3,Coal,PDB,1*275,274,274,124,,Coal shortage,,Rangpur,,,
meghnaghat100iel,HFO,NENP,12*8.9,100,100,0,,Fuel shortage.,,Dhaka,,,
siddhirganj100dutchbangla,HFO,NENP,12*8.9,100,100,50,,Fuel shortage,,Dhaka,,,
gagnagar102digitalpower,HFO,IPP,12*8.924,102,102,11,,Lub Oil problem,,Dhaka,,,
summitpowermadhabdiashulia,Gas,"SIPP,REB",3*3.67+4*8.73,80,80,,43,Engine problem,,Dhaka,,,
maona33summit,Gas,"SIPP,REB",4*8.73,33,33,,9,Engine problem,,Dhaka,,,
rupganj33summit,Gas,"SIPP,REB",4*8.73,33,33,,22,Engine problem,,Dhaka,,,
kodda3002summit,HFO,IPP,18*17.076,300,300,,20,Engine problem,,Dhaka,,,
kodda1491summit,HFO,IPP,8*18.45+8.97,149,149,,17,Engine problem,,Dhaka,,,
gazipur100,HFO,RPCL,6*17.5,105,105,52,,Fuel shortage,,Dhaka,,,
meghnaghat104opcl,HFO,IPP,18.5*6,104,104,87,,Lub Oil problem,,Dhaka,,,
kanchanpurbachalpowergeneration,HFO,IPP,18.4*3,55,55,,20,Engine problem.,,Dhaka,,,
karnaphulihydro12345,Hydro,PDB,2*40+3*50,230,230,18,,,,Chattogram,,,
hathazari100peaking,HFO,PDB,11*8.9,98,98,24,,Fuel shortage,,Chattogram,,,
dohazarikalaish100peaking,HFO,PDB,6*17,102,102,,19,Engine problem,,Chattogram,,,
juldah1001acorn,HFO,NENP,8*13.45,100,100,,,Contract Expired,,Chattogram,,,
juldah1003acorn,HFO,IPP,8*13.5,100,100,51,,Fuel shortage,,Chattogram,,,
barabkunda22regent,Gas,"SIPP, PDB",8*2.90,0,0,,,,,Chattogram,,,
anlimaenergy,HFO,IPP,6*21.2,116,116,8,,Fuel shortage,,Chattogram,,,
sspoweri,Coal,SS Power ,2*612,1224,1224,,612,Unit-1 under maint.,,Chattogram,,,
ashuganj450north,Gas,APSCL,1*360,360,360,,60,,,Cumilla,,,
ashuganj50,Gas,APSCL,14*3.968,53,45,7,,Gas shortage,,Cumilla,,,
ashuganj55precision,Gas,QRPP,0,55,55,9,,Gas shortage,,Cumilla,,,
jangalia33summit,Gas,"SIPP, PDB",4*8.73,33,33,,33,Engine problem,,Cumilla,,,
fenilankapower,HFO,IPP,7*18.415+1*9.78,114,114,9,,Engine problem,,Cumilla,,,
chandpur115doreen,HFO,IPP,4*18.5+2*22.5,115,115,47,,Fuel shortage,,Cumilla,,,
mymensingh200ed,HFO,IPP,9.78*21,200,200,75,,Fuel shortage,,Mymensingh,,,
jamalpur115ed,HFO,IPP,9.78*12,115,115,40,,Fuel shortage,,Mymensingh,,,
tangailpallipowergen22,HFO,IPP,4*6.7,22,22,,10, Engine prblem,,Mymensingh,,,
bhairob545,HFO,IPP,3*18.2,54,54,,19, Engine prblem,,Mymensingh,,,
fenchugonjphase1,Gas,PDB,2*32+1*33,97,70,,30,Machine problem.,,Sylhet,,,
fenchuganj44energyprima,Gas,NENP,12*3.3+5*2,50,50,20,,Gas shortage,,Sylhet,,,
shahjibazarg89,Gas,PDB,2*35,70,66,36,,Gas shortage,,Sylhet,,,
shahjibazar86shahjibazar,Gas,RPP ,32*2.90,86,0,1,,Gas shortage,,Sylhet,,,
bibiyanaiii400,Gas,PDB,285*1+134*1,400,400,,158,ST Under maint.,,Sylhet,,,
gopalganj100peaking,HFO,PDB,16*6.98,109,109,,54,Engine problem,,Khulna,,,
noapara40khanjahanali,HFO,NENP,5*8.5,40,40,24,,Fuel shortage,,Khulna,,,
rupsha105orionrupsha,HFO,IPP,6*18.445,105,105,35,,Fuel shortage,,Khulna,,,
rampal1320bifpcl,Coal,NTPC&BPDB,617*2,1234,1234,,617,,,Khulna,,,
barisal110summit,HFO,IPP,7*17.076,110,110,0,,,,Barisal,,,
barisal1solarplant,Solar,BPDB,1,1,1,,,,,Barisal,,,
katakhali50peaking,HFO,PDB,6*8.7,50,50,,,Engine problem,,Rajshahi,,,
sirajgonj2251,Gas/HSD,NWPGCL,1*150+1*75,210,210,10,,,,Rajshahi,,,
chapainawabganj100peaking,HFO,PDB,12*8.924,104,104,,19,Engine problem,,Rajshahi,,,
sirajganj68solarpark,Solar,IPP,68,0,0,,,,,Rajshahi,,,
barapukuria1,Coal,PDB,1*125,125,85,,25,Machine problem,,Rangpur,,,
barapukuria2753,Coal,PDB,1*275,274,274,,274,Machine problem,,Rangpur,,,
rangpur113confidence,HFO,IPP,9*6.984+7*7.015+3.15*2,113,113,,9,Engine problem,,Rangpur,,,
ghorasalrepowered3gt,Gas,PDB,1*260,260,260,,260,Under maint.,                                          ,Dhaka,,,
ghorasal3657,Gas,PDB,1*243+1*122,365,365,,65,Machine problem,,Dhaka,,,
meghnaghat450mpl,Gas,IPP,2*150+1*150,450,450,180,,Dirty Gas,,Dhaka,,,
madanganj102summit,HFO,QRPP ,6*17,102,0,,,Contract Expired,,Dhaka,,,
keraniganj100powerpac,HFO,QRPP,8*13.45,100,100,,14,Engine problem,,Dhaka,,,
siddhirganj100dutchbangla,HFO,QRPP ,12*8.9,100,100,,,Contract Expired,,Dhaka,,,
summitpowermadhabdiashulia,Gas,"SIPP,REB",3*3.67+4*8.73,80,80,,33,Engine problem,,Dhaka,,,
meghnaghat104opcl,HFO,IPP,18.5*6,104,104,,9,Engine problem,,Dhaka,,,
karnaphulihydro12345,Hydro,PDB,2*40+3*50,230,230,107,,Low water level,,Chattogram,,,
chattogram108ecpv,HFO,IPP,16*7,108,108,102,,Fuel shortage,,Chattogram,,,
ashuganj450north,Gas,APSCL,1*360,360,360,,,Under maint.,,Cumilla,,,
ashuganj50,Gas,APSCL,14*3.968,53,45,22,,Engine problem,,Cumilla,,,
ashuganj195apscled,Gas,IPP,20*9.73+1*16,195,195,140,,Gas shortage,,Cumilla,,,
ashuganj51midland,Gas,IPP,6*9.34,51,51,,16,Engine problem,,Cumilla,,,
ashuganj150midland,HFO,IPP,23*7.015,150,150,,12,Engine problem,,Cumilla,,,
chowmuhani113,HFO,IPP,12*9.78+2*3.1,113,113,,15,Engine problem,,Cumilla,,,
bhairob545,HFO,IPP,3*18.2,54,54,,19,33 kV feeder fault,,Cumilla,,,
rpcl210,Gas,IPP,4*35+1*70,210,202,,82,Gas shortage,,Mymensingh,,,
jamalpur95powerpac,HFO,IPP,12*8.924,95,95,,87,Engine problem,,Mymensingh,,,
jamalpur115ed,HFO,IPP,115 MW,115,115,,77,Engine problem,,Mymensingh,,,
fenchugonjphase1,Gas,PDB,2*32+1*33,97,70,,26,Machine problem.,,Sylhet,,,
fenchugonjphase2,Gas,PDB,2*35+1*35,104,90,,48,GT-4 under S/D,,Sylhet,,,
shajibazar330,Gas,PDB,3*110,330,330,95,,Gas shortage,,Sylhet,,,
shahjibazar100g,Gas,PDB,1*100,100,100,,100,Under maint,,Sylhet,,,
khulna225,HSD,NWPGCL,1*150+1*75,230,230,,72,Engine problem,,Khulna,,,
bheramara410,Gas,NWPGCL,1*278+1*132,410,410,80,,Gas shortage,,Khulna,,,
bhola225,Gas,PDB,2*63+1*68,194,194,,106,Machine problem.,,Barisal,,,
bhola95aggreko,Gas,QRPP,96*1.10,95,95,83,,Gas shortage,,Barisal,,,
bera70peaking,HFO,PDB,9*8.29,71,71,,31,Engine problem,,Rajshahi,,,
amnura50sinha,HFO,QRPP,7*7.79,50,50,50,,Fuel shortage,,Rajshahi,,,
katakhali50peaking,HFO,PDB,6*8.7,50,50,,19,Engine problem,,Rajshahi,,,
sirajgonj2251,Gas/HSD,NWPGCL,1*150+1*75,210,210,80,,Gas shortage,,Rajshahi,,,
sirajgonj2252,Gas/HSD,NWPGCL,1*150+1*75,220,220,,,under maint.,,Rajshahi,,,
santahar50peaking,HFO,PDB,6*8.7,50,50,,27,Engine problem,,Rajshahi,,,
barapukuria2753,Coal,PDB,1*275,274,274,119,,Coal Shortage,,Rangpur,,,
rangpur20g,HSD,PDB,1*20,20,20,,10,Engine problem,,Rangpur,,,
ghorasal12,Gas,PDB,2*55,110,85,,50,Unit-2 Under maint.,,Dhaka,,,
ghorasalrepowered4,Gas,PDB,1*210,210,180,,180,Under S/D,,Dhaka,,,
haripurg,Gas,"SBU, PDB",2*32,64,40,,40,Machine problem,,Dhaka,,,
gazipur100,HFO,RPCL,100 MW,105,105,,15,Engine problem,,Dhaka,,,
chattogram1,Gas,PDB,1*210,210,180,60,,Gas shortage,,Chattogram,,,
karnaphulihydro12345,Hydro,PDB,2*40+3*50,230,230,136,,Low water level,,Chattogram,,,
hathazari100peaking,HFO,PDB,11*8.9,98,98,,98,Under Maint.,,Chattogram,,,
ashuganj3,Gas,APSCL,1*150,150,135,35,,Gas shortage,,Cumilla,,,
ashuganj4,Gas,APSCL,1*150,150,129,49,,Gas shortage,,Cumilla,,,
ashuganj5,Gas,APSCL,1*150,150,134,,,Under Maint.,,Cumilla,,,
ashuganj225,Gas,APSCL,1*142+1*75,221,221,,,Under Maint.,,Cumilla,,,
ashuganj53ed,Gas,QRPP,14*4,53,53,,,Contract Expired,,Cumilla,,,
chandpur150,Gas,PDB,1*106+1*57,163,163,,163,Maintenance at S/S.,,Cumilla,,,
shajibazar330,Gas,PDB,3*110,330,330,,330,Under maint,,Sylhet,,,
sylhet150,Gas,PDB,1*142,142,142,,142,Under maint.,,Sylhet,,,
sylhet50epl,Gas,RPP ,27*2,50,50,,10,Engine problem,,Sylhet,,,
bibiyanaiii400,Gas,PDB,400 MW,400,400,,,FGMO,,Sylhet,,,
bheramara360,Gas,NWPGCL,1*278+1*132,410,410,,132,ST under S/D,,Khulna,,,
baghabari100g,Gas,PDB,1*100,100,100,0,,Gas shortage,,Rajshahi,,,
ghorasal5,Gas,PDB,1*210,210,190,,,Under maint.,,Dhaka,,,
ghorashal108regent,Gas,IPP,34*3.35,108,108,68,,Gas shortage,,Dhaka,,,
meghnaghat450mpl,Gas,IPP,2*150+1*150,450,450,225,,GT-1 under S/D due to Gas shortage,,Dhaka,,,
meghnaghat100iel,HFO,NENP,12*8.9,100,100,92,,Fuel shortage,,Dhaka,,,
meghnaghatsummit,Gas,IPP,2*110+1*110,335,335,235,,GT-1 under S/D due to Gas shortage,,Dhaka,,,
madanganj102summit,HFO,NENP,6*17,102,102,,,,,Dhaka,,,
keraniganj100powerpac,HFO,NENP,8*13.45,100,75,30,,Fuel shortage,,Dhaka,,,
siddhirganj100dutchbangla,HFO,NENP,12*8.9,100,100,92,,Fuel shortage,,Dhaka,,,
kodda150,HFO,BPDB-RPCL,9*17.06,149,149,17,,Fuel shortage,,Dhaka,,,
summitpowermadhabdiashulia,Gas,"SIPP,REB",3*3.67+4*8.73,80,80,,49,Engine problem,,Dhaka,,,
kodda1491summit,HFO,IPP,8*18.45+8.97,149,149,14,,Fuel shortage,,Dhaka,,,
kanchanpurbachalpowergeneration,HFO,IPP,18.4*3,55,55,,,,,Dhaka,,,
karnaphulihydro12345,Hydro,PDB,2*40+3*50,230,230,,25,Engine problem,,Chattogram,,,
hathazari100peaking,HFO,PDB,11*8.9,98,98,16,,Fuel shortage,,Chattogram,,,
dohazarikalaish100peaking,HFO,PDB,6*17,102,102,,68,Engine problem,,Chattogram,,,
juldah1001acorn,HFO,NENP,8*13.45,100,100,88,,Fuel shortage,,Chattogram,,,
barabkunda22regent,Gas,"SIPP, PDB",8*2.90,22,22,10,,Gas shortage,,Chattogram,,,
anwara300ed,HFO,IPP,17*17+24,300,300,55,,Fuel shortage,,Chattogram,,,
anlimaenergy,HFO,IPP,6*21.2,116,116,82,,Fuel shortage,,Chattogram,,,
mirsharai150,Gas/HFO,BPDB-RPCL,18.5*9,163,163,,,,,Chattogram,,,
sspoweri,Coal,SS Power ,1*612,612,612,,,On test.,,Chattogram,,,
ashuganj450south,Gas,APSCL,1*360,360,360,60,,Gas shortage,,Cumilla,,,
ashuganj420east,Gas,APSCL,284*1+116*1,400,400,150,,Gas shortage,,Cumilla,,,
ashuganj55precision,Gas,QRPP,0,55,0,,,Contract Expired,,Cumilla,,,
ashuganj195apscled,Gas,IPP,20*9.73+1*16,195,195,195,,Gas shortae,,Cumilla,,,
cumilla25summit,Gas,"SIPP, REB",3*3.67+2*6.97,25,25,,13,Engine problem,,Cumilla,,,
fenilankapower,HFO,IPP,7*18.415+1*9.78,114,114,-17,17,Fuel shortage & Engine problem,,Cumilla,,,
chowmuhani113,HFO,IPP,12*9.78+2*3.1,113,113,25,,Fuel shortage,,Cumilla,,,
rpcl210,Gas,IPP,4*35+1*70,210,202,105,,Gas shortage,,Mymensingh,,,
tangail22doreen,Gas,"SIPP, PDB",8*2.90,22,22,,4,Engine problem,,Mymensingh,,,
jamalpur115ed,HFO,IPP,9.78*12,115,115,25,,Fuel shortage,,Mymensingh,,,
fenchugonjphase1,Gas,PDB,2*32+1*33,97,70,,70,Machine problem.,,Sylhet,,,
fenchugonjphase2,Gas,PDB,2*35+1*35,104,90,,50,Under maint.,,Sylhet,,,
shahjibazar86shahjibazar,Gas,RPP ,32*2.90,86,86,86,,Gas shortage,,Sylhet,,,
khulna115kpcl2,HFO,NENP,7*17,115,115,32,,Fuel shortage,,Khulna,,,
gopalganj100peaking,HFO,PDB,16*6.98,109,109,49,,Fuel shortage,,Khulna,,,
rupsha105orionrupsha,HFO,IPP,6*18.445,105,105,52,,Fuel shortage,,Khulna,,,
madhumati100,HFO,NWPGCL,6*18,105,105,73,,Fuel shortage,,Khulna,,,
khulna330,Gas/HSD,BPDB,1*220+1*110,336,336,,,,,Khulna,,,
rampal1320bifpcl,Coal,NTPC&BPDB,660*2,617,617,-183,,#02 Test runnung,,Khulna,,,
bhola33venture,Gas,NENP,1*34.50,40,40,,15,Engine problem,,Barisal,,,
bhola225,Gas,PDB,2*63+1*68,194,194,,64,ST under maint.,,Barisal,,,
barisal307,Coal,IPP,307*1,307,307,157,,Coal shortage,,Barisal,,,
baghabari50peaking,HFO,PDB,6*8.9,52,52,22,,Fuel shortage,,Rajshahi,,,
bera70peaking,HFO,PDB,9*8.29,71,71,,55,Engine problem,,Rajshahi,,,
santahar50peaking,HFO,PDB,6*8.7,50,50,15,,Fuel shortage,,Rajshahi,,,
natore52rajlanka,HFO,IPP,6*8.92,52,52,0,,Fuel shortage,,Rajshahi,,,
chapainawabganj100peaking,HFO,PDB,12*8.924,104,104,,10,Engine problem,,Rajshahi,,,
adanipowerjharkhanda,Coal,Imported power,748*2,1496,1496,296,,,,Rajshahi,,,
ghorasalrepowered3,Gas,PDB,1*210,210,170,,170,Gas shortage,,Dhaka,,,
ghorasalrepowered4,Gas,PDB,1*210,210,180,180,,Under maint.,,Dhaka,,,
ghorasal5,Gas,PDB,1*210,210,190,190,,Under maint.,,Dhaka,,,
ghorashal108regent,Gas,IPP,34*3.35,108,108,98,,Gas shortage,,Dhaka,,,
meghnaghat450mpl,Gas,IPP,2*150+1*150,450,450,225,,GT-1 shut down ,,Dhaka,,,
maona33summit,Gas,"SIPP,REB",4*8.73,33,33,,16,Engine problem,,Dhaka,,,
karnaphulihydro12345,Hydro,PDB,2*40+3*50,230,230,185,,Low water level,,Chattogram,,,
barabkunda22regent,Gas,"SIPP, PDB",8*2.90,22,22,,3,Engine problem,,Chattogram,,,
anlimaenergy,HFO,IPP,6*21.2,0,0,,,,,Chattogram,,,
ashuganj3,Gas,APSCL,1*150,150,135,0,,Gas shortage,,Cumilla,,,
ashuganj450north,Gas,APSCL,1*360,360,360,,100,GT Only,,Cumilla,,,
chandpur150,Gas,PDB,1*106+1*57,163,163,113,,Gas shortage & ST under maint.,,Cumilla,,,
rpcl210,Gas,IPP,4*35+1*70,210,202,53,,Gas shortage,,Mymensingh,,,
tangailpallipowergen22,HFO,SIPP,4*6.7,0,0,,,,,Mymensingh,,,
kushiara163kp,Gas,IPP,1*109+1*54,163,163,,,Line S/D,,Sylhet,,,
shajibazar330,Gas,PDB,3*110,330,330,175,,GT-2 under shut down for gas shortage,,Sylhet,,,
shahjibazarg89,Gas,PDB,2*35,70,66,,33,GT-8 under maint.,,Sylhet,,,
shahjibazar100g,Gas,PDB,1*100,0,0,,,,,Sylhet,,,
bibiyanaiii400,Gas,PDB,400 MW,400,400,,400,Gas shortage,,Sylhet,,,
sylhet10desh,Gas,RPP ,6*1.95,10,10,,,33 kV line maint.,,Sylhet,,,
bheramara410,Gas,NWPGCL,1*278+1*132,410,410,140,,Gas shortage,,Khulna,,,
bhola95aggreko,Gas,QRPP,96*1.10,95,95,85,,Gas shortage,,Barisal,,,
payra1320,Coal,BCPCL,1*622,622,622,,622,Unit-1 & 2 Under maint,,Barisal,,,
bholanutanbiddutbd,Gas,IPP,220,0,0,,,,,Barisal,,,
edpayrapower,HFO,IPP,8*18.5+1*9.5,0,0,,,,,Barisal,,,
amnura50sinha,HFO,QRPP,7*7.79,50,50,,15,Engine problem,,Rajshahi,,,
ghorasal5,Gas,PDB,1*210,210,190,,180,Under maint.,,Dhaka,,,
ghorasal3657,Gas,PDB,1*243+1*122,365,365,,365,Machine problem,2022-09-29 00:00:00,Dhaka,,,
ghorashal108regent,Gas,IPP,34*3.35,108,108,,13,Engine problem,,Dhaka,,,
haripur412,Gas,EGCB,1*273+1*139,412,412,,412,Under maint,2022-09-27 00:00:00,Dhaka,,,
haripur360hpl,Gas,IPP,1*235+1*125,360,360,80,,Gas shortage,,Dhaka,,,
meghnaghat450mpl,Gas,IPP,2*150+1*150,450,450,225,,Dirty fuel,,Dhaka,,,
meghnaghat100iel,HFO,NENP,12*8.9,100,100,8,,Engine problem,,Dhaka,,,
meghnaghatsummit,Gas,IPP,2*110+1*110,335,335,195,,Gas shortage,,Dhaka,,,
siddhirganj100dutchbangla,HFO,NENP,12*8.9,100,100,,10,Engine problem,,Dhaka,,,
siddhirganj335,Gas,EGCB,1*217+118,335,335,35,,Gas shortage,,Dhaka,,,
gagnagar102digitalpower,HFO,IPP,12*8.924,102,102,27,,Fuel shortage,,Dhaka,,,
kodda150,HFO,BPDB-RPCL,9*17.06,149,149,34,,Fuel shortage,,Dhaka,,,
summitpowermadhabdiashulia,Gas,"SIPP,REB",3*3.67+4*8.73,80,80,,28,Engine problem,,Dhaka,,,
rupganj33summit,Gas,"SIPP,REB",4*8.73,33,33,,11,Engine problem,,Dhaka,,,
kodda3002summit,HFO,IPP,18*17.076,300,300,,25,Engine problem,,Dhaka,,,
keranigonj300apr,HSD,IPP,256*1.4,300,300,,75,Engine problem,,Dhaka,,,
bramhangoan100aggreko,HSD,IPP,114*0.959,100,100,,10,Engine problem,,Dhaka,,,
aurahati100aggreko,HSD,IPP,0.85*23+0.95*91,100,100,50,,Fuel shortage,,Dhaka,,,
kodda1491summit,HFO,IPP,8*18.45+8.97,149,149,44,,Fuel shortage,,Dhaka,,,
meghnaghat104opcl,HFO,IPP,18.5*6,104,104,11,,Fuel shortage,,Dhaka,,,
patenga50baraka,HFO,IPP,8*6.98,50,50,,3,Engine problem,,Chattogram,,,
karnaphulihydro12345,Hydro,PDB,2*40+3*50,230,230,,72,Low Water Level ,,Chattogram,,,
sikalbaha225,Gas/HSD,PDB,1*150+1*175,225,225,,85,ST under maint,,Chattogram,,,
hathazari100peaking,HFO,PDB,11*8.9,98,98,74,,Fuel shortage,,Chattogram,,,
juldah1003acorn,HFO,IPP,8*13.5,100,100,89,,Fuel shortage,,Chattogram,,,
barabkunda22regent,Gas,"SIPP, PDB",8*2.90,22,22,,6,Engine problem,,Chattogram,,,
juldah2acorn,HFO,IPP,8*13.6,100,100,67,,Fuel shortage,,Chattogram,,,
ashuganj450north,Gas,APSCL,1*360,360,360,,360,under maint.,,Cumilla,,,
ashuganj450south,Gas,APSCL,1*360,360,360,30,,Gas shortage,,Cumilla,,,
ashuganj55precision,Gas,QRPP,15*4,55,55,,,,,Cumilla,,,
chandpur150,Gas,PDB,1*106+1*57,163,163,81,,Gas shortage.,,Cumilla,,,
jangalia33summit,Gas,"SIPP, PDB",4*8.73,33,33,,,Engine problem,,Cumilla,,,
jangalia52lakdanavi,HFO,IPP,6*8.92,52,52,,44,Fuel shortage,,Cumilla,,,
chowmuhani113,HFO,IPP,12*9.78+2*3.1,113,113,,8,Engine problem,,Cumilla,,,
tangail22doreen,Gas,"SIPP, PDB",8*2.90,22,22,,8,Engine problem,,Mymensingh,,,
jamalpur95powerpac,HFO,IPP,12*8.924,95,0,,,Under maint.,,Mymensingh,,,
mymensingh200ed,HFO,IPP,9.78*21,200,200,20,,Fuel shortage,,Mymensingh,,,
jamalpur115ed,HFO,IPP,9.78*12,115,115,,15,Engine problem,,Mymensingh,,,
tangailpallipowergen22,HFO,IPP,4*6.7,22,22,,22,Engine problem,,Mymensingh,,,
fenchugonjphase2,Gas,PDB,2*35+1*35,104,90,,90,under maint.,,Sylhet,,,
fenchugonj51barakatullah,Gas,RPP ,19*2.90,51,51,35,,Gas shortage,,Sylhet,,,
fenchuganj44energyprima,Gas,NENP,12*3.3+5*2,50,50,35,,Gas shortage,,Sylhet,,,
hobiganj11cofidencee,Gas,"SIPP, REB",4*2.90,11,11,6,,Gas shortage,,Sylhet,,,
sylhet50epl,Gas,NENP,27*2,50,50,34,,Gas shortage,,Sylhet,,,
bheramarahvdc,0,Imported power,2*500,1000,1000,,,.,,Khulna,,,
khulna115kpcl2,HFO,NENP,7*17,115,115,99,,Fuel shortage,,Khulna,,,
faridpur50peaking,HFO,PDB,8*6.89,54,54,16,,Fuel shortage,,Khulna,,,
gopalganj100peaking,HFO,PDB,16*6.98,109,109,59,,Fuel shortage,,Khulna,,,
noapara100banglatrac,HSD,IPP,70*1.4,100,100,,5,Engine problem,,Khulna,,,
madhumati100,HFO,NWPGCL,6*18,105,105,55,,Fuel shortage,,Khulna,,,
bhola33venture,Gas,NENP,1*34.50,40,40,,,,,Barisal,,,
bhola225,Gas,PDB,2*63+1*68,194,194,,109,Machine problem,,Barisal,,,
bera70peaking,HFO,PDB,9*8.29,71,71,,71,Engine problem,,Rajshahi,,,
katakhali50peaking,HFO,PDB,6*8.7,50,50,18,,Fuel shortage,,Rajshahi,,,
sirajgonj2252,Gas/HSD,NWPGCL,1*150+1*75,220,220,,,,,Rajshahi,,,
sirajgonj2253,Gas/HSD,NWPGCL,1*141,220,220,100,,Gas shortage,,Rajshahi,,,
sirajgonj4004,Gas/HSD,SNWPGCL,1*282+1*132,414,414,184,,Gas shortage,,Rajshahi,,,
santahar50peaking,HFO,PDB,6*8.7,50,50,,24,Engine problem,,Rajshahi,,,
chapainawabganj100peaking,HFO,PDB,12*8.924,104,104,,29,Engine problem,,Rajshahi,,,
baghabari200paramount,HSD,IPP,135*1.6,200,200,,30,Engine problem,,Rajshahi,,,
bagura113confidence2,HFO,IPP,6*18.55+7.2,113,113,,,Fuel shortage,,Rajshahi,,,
barapukuria2753,Coal,PDB,1*275,274,274,24,,,,Rangpur,,,
rangpur113confidence,HFO,IPP,9*6.984+7*7.015+3.15*2,113,113,42,,Fuel shortage,,Rangpur,,,
energypacpowerventurethakurgaon,HFO,IPP,115,115,115,43,,Fuel shortage,,Rangpur,,,
ghorasal5,Gas,PDB,1*210,210,190,,190,Machine problem,,Dhaka,,,
ghorashal108regent,Gas,IPP,34*3.35,108,108,32,,Gas shortage,,Dhaka,,,
meghnaghat100iel,HFO,NENP,12*8.9,100,100,83,,Fuel shortage,,Dhaka,,,
madanganj102summit,HFO,NENP,6*17,102,102,68,,Fuel shortage,,Dhaka,,,
madanganj55summit,HFO,IPP,3*17.08+1*11.3,55,55,25,,Fuel shortage,,Dhaka,,,
siddhirganj100dutchbangla,HFO,NENP,12*8.9,100,100,91,,Fuel shortage,,Dhaka,,,
gagnagar102digitalpower,HFO,IPP,12*8.924,102,102,86,,Fuel shortage,,Dhaka,,,
summitpowermadhabdiashulia,Gas,"SIPP,REB",3*3.67+4*8.73,80,80,,35,Engine problem,,Dhaka,,,
kodda3002summit,HFO,IPP,18*17.076,300,300,203,,Fuel shortage,,Dhaka,,,
kodda1491summit,HFO,IPP,8*18.45+8.97,149,149,114,,Fuel shortage,,Dhaka,,,
patenga50baraka,HFO,IPP,8*6.98,50,50,,31,Fuel shortage,,Chattogram,,,
sikalbaha225,Gas/HSD,PDB,1*150+1*175,225,225,,74,ST Under S/D,,Chattogram,,,
barabkunda22regent,Gas,"SIPP, PDB",8*2.90,22,22,22,,Gas shortage,,Chattogram,,,
chattogram108ecpv,HFO,IPP,16*7,108,108,83,,Fuel shortage,,Chattogram,,,
jodiacpower,HFO,IPP,3*18.55+1*3.6,54,54,,37,Engine problem,,Chattogram,,,
karnaphulipower,HFO,IPP,18.415*6+6.5,110,110,,38,Fuel shortage,,Chattogram,,,
anlimaenergy,HFO,IPP,6*21.2,116,116,,48,Engine problem,,Chattogram,,,
ashuganj450south,Gas,APSCL,1*360,360,360,360,,Gas shortage,,Cumilla,,,
ashuganj420east,Gas,APSCL,284*1+116*1,400,400,100,,Gas shortage,,Cumilla,,,
ashuganj50,Gas,APSCL,14*3.968,53,45,35,,Gas shortage,,Cumilla,,,
ashuganj55precision,Gas,QRPP,15*4,55,55,35,,Gas shortage,,Cumilla,,,
ashuganj195apscled,Gas,IPP,20*9.73+1*16,195,195,179,,Gas shortage,,Cumilla,,,
ashuganj150midland,HFO,IPP,23*7.015,150,150,96,,Fuel shortage,,Cumilla,,,
titas50peaking,HFO,PDB,6*8.92,52,52,,14,Engine problem,,Cumilla,,,
fenilankapower,HFO,IPP,7*18.415+1*9.78,114,114,97,,Fuel shortage,,Cumilla,,,
chowmuhani113,HFO,IPP,12*9.78+2*3.1,113,113,,5,Engine problem,,Cumilla,,,
chandpur115doreen,HFO,IPP,4*18.5+2*22.5,115,115,,21,Engine problem,,Cumilla,,,
rpcl210,Gas,IPP,4*35+1*70,210,202,127,,Gas shortage,,Mymensingh,,,
jamalpur115ed,HFO,IPP,9.78*12,115,115,68,,Fuel shortage,,Mymensingh,,,
kushiara163kp,Gas,IPP,1*109+1*54,163,163,,51,ST Under S/D,,Sylhet,,,
fenchuganj44energyprima,Gas,NENP,12*3.3+5*2,50,50,6,,,,Sylhet,,,
hobiganj11cofidencee,Gas,"SIPP, REB",4*2.90,11,11,,3,Engine problem,,Sylhet,,,
sylhet225,Gas,PDB,1*142+1*89,231,231,,111,ST Under S/D.,,Sylhet,,,
bibianaii341summit,Gas,IPP,1*222+1*119,341,341,,341,Under maint.,,Sylhet,,,
bibiyanaiii400,Gas,PDB,285*1+134*1,400,400,,,ST under S/D.,,Sylhet,,,
khulna115kpcl2,HFO,NENP,7*17,115,115,,,,,Khulna,,,
gopalganj100peaking,HFO,PDB,16*6.98,109,109,,33,Engine problem,,Khulna,,,
bheramara410,Gas,NWPGCL,1*278+1*132,410,410,410,,Gas shortage.,,Khulna,,,
bhola225,Gas,PDB,2*63+1*68,194,194,,126,GT-1 Under maint,,Barisal,,,
payra1320,Coal,BCPCL,2*622,1244,1244,,622,Unit-2 U/M,,Barisal,,,
katakhali50northern,HFO,QRPP,6*8.9,50,50,,8,,,Rajshahi,,,
sirajgonj2252,Gas/HSD,NWPGCL,1*150+1*75,220,220,,,Gas shortage,,Rajshahi,,,
sirajgonj2253,Gas/HSD,NWPGCL,1*141,220,220,,220,Under maint,,Rajshahi,,,
sirajgonj4004,Gas/HSD,SNWPGCL,1*282+1*132,414,414,104,,Gas shortage,,Rajshahi,,,
rangpur113confidence,HFO,IPP,9*6.984+7*7.015+3.15*2,113,113,79,,Fuel shortage,,Rangpur,,,
ghorasal3657,Gas,PDB,1*243+1*122,365,365,85,,Gas shortage,,Dhaka,,,
madanganj102summit,HFO,QRPP ,6*17,102,102,,24,Engine problem,,Dhaka,,,
keraniganj100powerpac,HFO,QRPP,8*13.45,100,0,,0,Contract Expired,,Dhaka,,,
gagnagar102digitalpower,HFO,IPP,12*8.924,102,102,,18,Engine problem,,Dhaka,,,
kodda3002summit,HFO,IPP,18*17.076,300,300,,10,Engine problem,,Dhaka,,,
bramhangoan100aggreko,HSD,IPP,114*0.959,100,100,,,,,Dhaka,,,
patenga50baraka,HFO,IPP,8*6.98,50,50,,13,Engine problem,,Chattogram,,,
karnaphulihydro12345,Hydro,PDB,2*40+3*50,230,230,,195,Low Water Level ,,Chattogram,,,
hathazari100peaking,HFO,PDB,11*8.9,98,98,,47,Engine problem,,Chattogram,,,
juldah1001acorn,HFO,QRPP,8*13.45,100,0,,,Contract Expired,,Chattogram,,,
chattogram108ecpv,HFO,IPP,16*7,108,108,,12,Engine problem,,Chattogram,,,
ashuganj50,Gas,APSCL,14*3.968,53,45,14,,Gas shortage,,Cumilla,,,
chandpur150,Gas,PDB,1*106+1*57,163,163,,25,Machine problem,,Cumilla,,,
fenilankapower,HFO,IPP,7*18.415+1*9.78,114,114,,34,Engine problem,,Cumilla,,,
mymensingh200ed,HFO,IPP,9.78*21,200,200,,10,Engine problem,,Mymensingh,,,
jamalpur115ed,HFO,IPP,9.78*12,115,115,,,,,Mymensingh,,,
fenchugonjphase2,Gas,PDB,2*35+1*35,104,90,,48,Machine problem.,,Sylhet,,,
shajibazar330,Gas,PDB,3*110,330,330,220,,Gas shortage,,Sylhet,,,
fenchuganj44energyprima,Gas,RPP,12*3.3+5*2,50,50,,,,,Sylhet,,,
sylhet50epl,Gas,RPP ,27*2,50,50,13,,Gas shortage,,Sylhet,,,
faridpur50peaking,HFO,PDB,8*6.89,54,54,,17,Engine problem,,Khulna,,,
khulna225,HSD,NWPGCL,1*150+1*75,230,230,,,Low demand,,Khulna,,,
noapara40khanjahanali,HFO,QRPP,5*8.5,40,40,,8,Engine problem,,Khulna,,,
bhola33venture,Gas,RPP,1*34.50,40,40,,,,,Barisal,,,
bhola225,Gas,PDB,2*63+1*68,194,194,106,,Gas shortage & GT-2 S/D,,Barisal,,,
baghabari50peaking,HFO,PDB,6*8.9,52,52,,9,Engine problem,,Rajshahi,,,
amnura50sinha,HFO,QRPP,7*7.79,50,0,,50,Contract Expired,,Rajshahi,,,
sirajgonj4004,Gas/HSD,SNWPGCL,1*282+1*132,414,414,414,,Gas shortage,,Rajshahi,,,
santahar50peaking,HFO,PDB,6*8.7,50,50,,12,Engine problem,,Rajshahi,,,
barapukuria1,Coal,PDB,1*125,125,85,,,Reserve,,Rangpur,,,
barapukuria2753,Coal,PDB,1*275,274,274,,74,Coal Shortage,,Rangpur,,,
ghorasal5,Gas,PDB,1*210,210,190,190,,Gas shortage,16-07-24,Dhaka,,,
meghnaghat100iel,HFO,NENP,12*8.9,100,100,92,,Fuel shortage.,,Dhaka,,,
meghnaghatsummit,Gas,IPP,2*110+1*110,335,335,35,,Gas shortage,,Dhaka,,,
madanganj102summit,HFO,NENP,6*17,102,102,85,,Fuel shortage,,Dhaka,,,
keraniganj100powerpac,HFO,NENP,8*13.45,100,75,,62,Engine problem,,Dhaka,,,
siddhirganj335,Gas,EGCB,1*217+118,335,335,,335,Under maint,2024-07-18 00:00:00,Dhaka,,,
gagnagar102digitalpower,HFO,IPP,12*8.924,102,102,,94,Engine problem,,Dhaka,,,
summitpowermadhabdiashulia,Gas,"SIPP,REB",3*3.67+4*8.73,80,80,,50,Engine problem,,Dhaka,,,
rupganj33summit,Gas,"SIPP,REB",4*8.73,33,33,,21,Engine problem,,Dhaka,,,
gazipur52,HFO,RPCL,6*8.9,52,52,44,,Fuel shortage,,Dhaka,,,
kodda1491summit,HFO,IPP,8*18.45+8.97,149,149,,49,Engine problem,,Dhaka,,,
gazipur100,HFO,RPCL,6*17.5,105,105,88,,Fuel shortage,,Dhaka,,,
kanchanpurbachalpowergeneration,HFO,IPP,18.4*3,55,55,,38,Engine problem.,,Dhaka,,,
summitmeghanghat2589,Gas,IPP,589,583,583,,,,,Dhaka,,,
raozan25,HFO,RPCL,3*8.9,25,25,17,,Fuel shortage,,Chattogram,,,
karnaphulihydro12345,Hydro,PDB,2*40+3*50,230,230,30,,Low water lavel,,Chattogram,,,
hathazari100peaking,HFO,PDB,11*8.9,98,98,28,,Fuel shortage,,Chattogram,,,
juldah1001acorn,HFO,NENP,8*13.45,100,100,50,,Fuel shortage,,Chattogram,,,
juldah1003acorn,HFO,IPP,8*13.5,100,100,38,,Fuel shortage,,Chattogram,,,
anwara300ed,HFO,IPP,17*17+24,300,300,218,,Fuel shortage,,Chattogram,,,
karnaphulipower,HFO,IPP,18.415*6+6.5,110,110,,18,Engine problem,,Chattogram,,,
juldah2acorn,HFO,IPP,8*13.6,100,100,38,,Fuel shortage,,Chattogram,,,
anlimaenergy,HFO,IPP,6*21.2,116,116,26,,Fuel shortage,,Chattogram,,,
mirsharai150,HFO,BPDB-RPCL,18.5*9,163,163,,18,Engine problem,,Chattogram,,,
sspoweri,Coal,SS Power ,2*612,1224,1224,,,,,Chattogram,,,
matarbari2600cpgcl,Coal,CPGCL,0,575,575,,,,,Chattogram,,,
sonagazi75solarplant,Solar,EGCB,75,75,75,,,On test,,Chattogram,,,
ashuganj420east,Gas,APSCL,284*1+116*1,400,400,80,,Gas shortage,,Cumilla,,,
ashuganj50,Gas,APSCL,14*3.968,53,45,10,,Gas shortage,,Cumilla,,,
ashuganj55precision,Gas,QRPP,0,55,55,28,,Gas shortage,,Cumilla,,,
titas50peaking,HFO,PDB,6*8.92,52,52,,10,Engine problem,,Cumilla,,,
chandpur200deshenergy,HFO,IPP,12*18.4,200,200,80,,Fuel shortage,,Cumilla,,,
cumilla25summit,Gas,"SIPP, REB",3*3.67+2*6.97,25,25,,8,Engine problem,,Cumilla,,,
fenilankapower,HFO,IPP,7*18.415+1*9.78,114,114,8,,Fuel shortage,,Cumilla,,,
chowmuhani113,HFO,IPP,12*9.78+2*3.1,113,113,,23,Engine problem,,Cumilla,,,
rpcl210,Gas,IPP,4*35+1*70,210,202,180,,Gas shortage,,Mymensingh,,,
mymensingh200ed,HFO,IPP,9.78*21,200,200,57,,Fuel shortage,,Mymensingh,,,
jamalpur115ed,HFO,IPP,9.78*12,115,115,28,,Fuel shortage,,Mymensingh,,,
tangailpallipowergen22,HFO,IPP,4*6.7,22,22,10,,Engine prblem,,Mymensingh,,,
fenchugonjphase1,Gas,PDB,2*32+1*33,97,70,,33,Machine problem.,,Sylhet,,,
fenchugonjphase2,Gas,PDB,2*35+1*35,104,90,,33,Machine problem,,Sylhet,,,
fenchugonj51barakatullah,Gas,RPP ,19*2.90,51,51,,,Gas shortage,,Sylhet,,,
fenchuganj44energyprima,Gas,NENP,12*3.3+5*2,50,50,,50,Gas shortage,,Sylhet,,,
bibianaii341summit,Gas,IPP,1*222+1*119,341,341,41,,,,Sylhet,,,
khulna115kpcl2,HFO,NENP,7*17,115,115,17,,Fuel shortage,,Khulna,,,
faridpur50peaking,HFO,PDB,8*6.89,54,54,,13,Engine problem,,Khulna,,,
gopalganj100peaking,HFO,PDB,16*6.98,109,109,,59,Engine problem,,Khulna,,,
bheramara410,Gas,NWPGCL,1*278+1*132,410,410,160,,Gas shortage,,Khulna,,,
rampal1320bifpcl,Coal,NTPC&BPDB,617*2,1234,1234,219,,Coal shortage,,Khulna,,,
barisal110summit,HFO,IPP,7*17.076,110,110,94,,fuel shortage,,Barisal,,,
edpayrapower,HFO,IPP,8*18.5+1*9.5,150,150,115,,Fuel shortage.,,Barisal,,,
bera70peaking,HFO,PDB,9*8.29,71,71,,61,Engine problem,,Rajshahi,,,
amnura50sinha,HFO,NENP,7*7.79,50,28,,28,Engine problem,,Rajshahi,,,
sirajgonj2251,Gas/HSD,NWPGCL,1*150+1*75,210,210,15,,Gas shortage,,Rajshahi,,,
barapukuria1,Coal,PDB,1*125,125,85,,25,,,Rangpur,,,
barapukuria2753,Coal,PDB,1*275,274,274,,54,Machine problem,,Rangpur,,,
rangpur113confidence,HFO,IPP,9*6.984+7*7.015+3.15*2,113,113,,1,Engine problem,,Rangpur,,,
ghorashal108regent,Gas,IPP,34*3.35,108,108,37,,Gas shortage,,Dhaka,,,
haripur412,Gas,EGCB,1*273+1*139,412,412,,,Gas shortage,,Dhaka,,,
meghnaghat450mpl,Gas,IPP,2*150+1*150,450,450,,,"Unit-1 S/D, Gas shortage",,Dhaka,,,
meghnaghat100iel,HFO,NENP,12*8.9,100,100,,10,Engine problem,,Dhaka,,,
keraniganj100powerpac,HFO,NENP,8*13.45,100,75,27,,Fuel shortage,,Dhaka,,,
narshingdi22doreen,Gas,"SIPP, REB",8*2.90,22,22,,7,Engine problem,,Dhaka,,,
siddhirganj335,Gas,EGCB,1*217+118,335,335,,,Gas shortage,,Dhaka,,,
summitpowermadhabdiashulia,Gas,"SIPP,REB",3*3.67+4*8.73,80,80,,46,Engine problem,,Dhaka,,,
meghnaghat104opcl,HFO,IPP,18.5*6,104,104,34,,Fuel shortage,,Dhaka,,,
manikgonj162mpgl,HFO,IPP,9*18,162,162,145,,Fuel shortage,,Dhaka,,,
patenga50baraka,HFO,IPP,8*6.98,50,50,30,,Fuel shortage,,Chattogram,,,
karnaphulihydro12345,Hydro,PDB,2*40+3*50,230,230,144,,Low water lavel,,Chattogram,,,
sikalbaha225,Gas/HSD,PDB,1*150+1*75,225,225,33,,Gas shortage,,Chattogram,,,
hathazari100peaking,HFO,PDB,11*8.9,98,98,23,,Fuel shortage,,Chattogram,,,
dohazarikalaish100peaking,HFO,PDB,6*17,102,102,85,,Fuel shortage,,Chattogram,,,
mirsharai150,Gas/HFO,BPDB-RPCL,18.5*9,163,163,13,,,,Chattogram,,,
sspoweri,Coal,SS Power ,2*612,1224,1224,,,Coal shortage,,Chattogram,,,
mirsharai150,Gas,BPDB-RPCL,18.5*9,0,0,,,,,Chattogram,,,
ashuganj55precision,Gas,QRPP,0,55,0,,,Gas shortage,,Cumilla,,,
cumilla25summit,Gas,"SIPP, REB",3*3.67+2*6.97,25,25,,15,Engine problem,,Cumilla,,,
fenilankapower,HFO,IPP,7*18.415+1*9.78,114,114,,14,Engine problem,,Cumilla,,,
chowmuhani113,HFO,IPP,12*9.78+2*3.1,113,113,48,,Engine problem,,Cumilla,,,
chandpur115doreen,HFO,IPP,4*18.5+2*22.5,115,115,80,,Fuel shortage,,Cumilla,,,
rpcl210,Gas,IPP,4*35+1*70,210,202,162,,Gas shortage,,Mymensingh,,,
tangail22doreen,Gas,"SIPP, PDB",8*2.90,22,22,,22,Contract Expired,,Mymensingh,,,
mymensingh200ed,HFO,IPP,9.78*21,200,200,123,,Fuel shortage,,Mymensingh,,,
jamalpur115ed,HFO,IPP,9.78*12,115,115,87,,Fuel shortage,,Mymensingh,,,
fenchugonjphase2,Gas,PDB,2*35+1*35,104,90,,62,Machine problem,,Sylhet,,,
fenchugonj51barakatullah,Gas,RPP ,19*2.90,51,51,26,,Gas shortage,,Sylhet,,,
fenchuganj44energyprima,Gas,NENP,12*3.3+5*2,50,50,25,,Gas shortage,,Sylhet,,,
shahjibazarg89,Gas,PDB,2*35,70,66,,3,,,Sylhet,,,
shahjibazar86shahjibazar,Gas,RPP ,32*2.90,86,86,6,,Gas shortage,,Sylhet,,,
sylhet225,Gas,PDB,1*142+1*89,231,231,,76,Machine problem,,Sylhet,,,
bibianaii341summit,Gas,IPP,1*222+1*119,341,341,,,Under maint.,,Sylhet,,,
gopalganj100peaking,HFO,PDB,16*6.98,109,109,,109,under maint.,,Khulna,,,
payra1320,Coal,BCPCL,2*622,1244,1244,,622,#01 under maint.,,Barisal,,,
bholanutanbiddutbd,Gas,IPP,220,220,220,,100,,,Barisal,,,
barisal307,Coal,IPP,307*1,307,307,167,,Coal Shortage.,,Barisal,,,
katakhali50peaking,HFO,PDB,6*8.7,50,50,,5,Engine problem,,Rajshahi,,,
sirajgonj4004,Gas/HSD,SNWPGCL,1*282+1*132,414,414,164,,Gas shortage,,Rajshahi,,,
santahar50peaking,HFO,PDB,6*8.7,50,50,12,,Fuel shortage,,Rajshahi,,,
rangpur113confidence,HFO,IPP,9*6.984+7*7.015+3.15*2,113,113,13,,Fuel shortage,,Rangpur,,,
ghorasalst7,Gas,PDB,1*243+1*122,365,365,,365,Under maint.,,Dhaka,,,
ghorashalregent,Gas,IPP,34*3.35,108,108,,,,,Dhaka,,,
meghnaghatsummit,HSD,IPP,2*110+1*110,305,305,,,Reserve,,Dhaka,,,
siddhirgonjgt12,Gas,EGCB, 2*105,210,210,,,FGMO,,Dhaka,,,
siddhirganj335,Gas,EGCB,1*217,217,217,,217,Under maint,,Dhaka,,,
katpotti51,HFO,IPP,7*7.9,51,51,,11,Engine problem,,Dhaka,,,
southern55,HFO,IPP,3*19.3,55,55,,19,Engine problem,,Dhaka,,,
bosila108,HFO,IPP,12*8.775+1*3.5,108,108,,62,Engine problem,,Dhaka,,,
gazipurrpcl,HFO,IPP,6*8.9,52,52,,9,Engine problem,,Dhaka,,,
chattogramst1raozan,Gas,PDB,1*210,210,180,60,,Gas shortage,,Chattogram,,,
chittgongst2raozan,Gas,PDB,1*210,210,180,180,,Gas shortage,,Chattogram,,,
kaptaihydro12345,Hydro,PDB,2*40+3*50,230,230,,125,Low water lavel,,Chattogram,,,
sikalbahaenergis,HFO,RPP ,4*12.5+2*11.9+1*3+1*1.5,51,51,,11,Engine problem,,Chattogram,,,
juldah1003,HFO,IPP,0,100,100,,10,Engine problem,,Chattogram,,,
chattogramecpv108,HFO,IPP,16*7,108,108,,15,Engine problem,,Chattogram,,,
ashuganjst4,Gas,APSCL,1*150,150,129,29,,Gas shortage,,Cumilla,,,
ashuganjst5,Gas,APSCL,1*150,150,134,34,,Gas shortage,,Cumilla,,,
ashuganjnorth,Gas,APSCL,1*360,360,360,,360,S/D from (06/01/19 to 21/01/2019),,Cumilla,,,
ashuganjenginestsk,Gas,APSCL,14*3.968,53,45,,5,Engine problem,,Cumilla,,,
ashuganjmidland51,Gas,IPP,6*9.34,51,51,,,,,Cumilla,,,
mymensinghrpcl210,Gas,IPP,4*35+1*70,210,202,,,,,Mymensingh,,,
jamalpur95,HFO,IPP,12*8.924,95,95,,,,,Mymensingh,,,
fenchugonj2,Gas,PDB,2*35+1*35,104,90,,,,,Sylhet,,,
kushiara163gt,Gas,IPP,1*109+1*54,163,163,,163,Under maint,,Sylhet,,,
shajibazar330,Gas,PDB,3*110,330,330,,335,Under maint,,Sylhet,,,
sirajgonj1225,Gas/HSD,NWPGCL,1*150+1*75,210,210,,,Gas shortage.,,Rajshahi,,,
sirajgonj2225,Gas/HSD,NWPGCL,1*150+1*75,220,220,,,Gas shortage.,,Rajshahi,,,
sirajgonj4414,Gas,SNWPGCL,1*282,282,282,282,,Gas shortage.,,Rajshahi,,,
rajlanka52,HFO,IPP,6*8.92,52,52,,,,,Rajshahi,,,
paramountbaghabari,HSD,IPP,200 MW,0,0,,,on test,,Rajshahi,,,
barapukuria3,Coal,PDB,1*275,274,274,125,,Coal shortage,,Rangpur,,,
ghorasalrepowered3,Gas,PDB,1*210,210,170,,170,Under S/D,,Dhaka,,,
ghorasalrepowered4,Gas,PDB,1*210,210,180,,180,S/D for S/S maintenance work.,,Dhaka,,,
ghorasal5,Gas,PDB,1*210,210,190,80,,Gas shortage,,Dhaka,,,
ghorashal785max,Gas,QRPP,2*40,78,78,78,,Gas Shortage,,Dhaka,,,
ghorashal108regent,Gas,IPP,34*3.35,108,108,108,,Gas Shortage,,Dhaka,,,
meghnaghatsummit,Gas,IPP,2*110+1*110,305,305,305,,Gas shortage.,,Dhaka,,,
siddhirganj335,Gas,EGCB,1*217+118,335,335,,335,Under maint.,,Dhaka,,,
bosila108clc,HFO,IPP,12*8.775+1*3.5,108,108,,38,Engine problem,,Dhaka,,,
chattogram1,Gas,PDB,1*210,210,180,70,,Gas shortage,,Chattogram,,,
karnaphulihydro12345,Hydro,PDB,2*40+3*50,230,230,145,,Low water level,,Chattogram,,,
hathazari100peaking,HFO,PDB,11*8.9,98,98,,98,Under S/D,,Chattogram,,,
ashuganj3,Gas,APSCL,1*150,150,135,55,,Gas shortage,,Cumilla,,,
bbariaaggreko85,Gas,QRPP ,86*1.10,85,85,,,Contract Expired,,Cumilla,,,
cumilla25summit,Gas,"SIPP, PDB",3*3.67+2*6.97,25,25,,4,Engine problem,,Cumilla,,,
fenilankapower,HFO,IPP,7*18.415+1*9.78,0,0,,,On test,,Cumilla,,,
shahjibazar86shahjibazar,Gas,RPP ,32*2.90,86,86,,9,Engine problem,,Sylhet,,,
sylhet50epl,Gas,RPP ,27*2,50,50,,14,Engine problem,,Sylhet,,,
baghabari100g,Gas,PDB,1*100,100,100,,,,,Rajshahi,,,
confidencepowerbogura1113,HFO,IPP,6*18.55,0,0,,,On test,,Rajshahi,,,
ghorashal108regent,Gas,IPP,34*3.35,108,108,27,,Gas shortage,,Dhaka,,,
haripur412,Gas,EGCB,1*273+1*139,412,412,,412,Under maint,,Dhaka,,,
haripur360hpl,Gas,IPP,1*235+1*125,360,360,140,,Gas shortage,,Dhaka,,,
meghnaghat450mpl,Gas,IPP,2*150+1*150,450,450,290,,Gas shortage,,Dhaka,,,
meghnaghat100iel,HFO,NENP,12*8.9,100,100,50,,Fuel shortage,,Dhaka,,,
meghnaghatsummit,Gas,IPP,2*110+1*110,335,335,185,,Gas shortage,,Dhaka,,,
kodda150,HFO,BPDB-RPCL,9*17.06,149,149,101,,Fuel shortage,,Dhaka,,,
summitpowermadhabdiashulia,Gas,"SIPP,REB",3*3.67+4*8.73,80,80,,31,Engine problem,,Dhaka,,,
gazipur52,HFO,RPCL,6*8.9,52,52,10,,Fuel shortage,,Dhaka,,,
kodda3002summit,HFO,IPP,18*17.076,300,300,55,,Fuel shortage,,Dhaka,,,
keranigonj300apr,HSD,IPP,256*1.4,300,300,300,,Fuel shortage,,Dhaka,,,
bramhangoan100aggreko,HSD,IPP,114*0.959,100,100,100,,Fuel shortage,,Dhaka,,,
aurahati100aggreko,HSD,IPP,0.85*23+0.95*91,100,100,100,,Fuel shortage,,Dhaka,,,
gazipur100,HFO,RPCL,6*17.5,105,105,53,,Fuel shortage,,Dhaka,,,
manikgonj162mpgl,HFO,IPP,9*18,162,162,145,,,,Dhaka,,,
karnaphulihydro12345,Hydro,PDB,2*40+3*50,230,230,200,,Low Water Level ,,Chattogram,,,
sikalbaha225,Gas/HSD,PDB,1*150+1*175,225,225,,,ST Under maint,,Chattogram,,,
sikalbaha105barakasikalbaha,HFO,IPP,6*17.5,105,105,20,,Fuel shortage,,Chattogram,,,
hathazari100peaking,HFO,PDB,11*8.9,98,98,42,,Fuel shortage,,Chattogram,,,
dohazarikalaish100peaking,HFO,PDB,6*17,102,102,,34,Engine problem,,Chattogram,,,
karnaphulipower,HFO,IPP,18.415*6+6.5,110,110,18,,Fuel shortage,,Chattogram,,,
ashuganj225,Gas,APSCL,1*142+1*75,221,221,26,,Gas shortage,,Cumilla,,,
ashuganj450south,Gas,APSCL,1*360,360,360,,360,Macine problem,,Cumilla,,,
ashuganj55precision,Gas,QRPP,15*4,55,55,45,,Gas shortage,,Cumilla,,,
ashuganj150midland,HFO,IPP,23*7.015,150,150,140,,Fuel shortage,,Cumilla,,,
chandpur200deshenergy,HFO,IPP,12*18.4,200,200,166,,Fuel shortage,,Cumilla,,,
feni22doreen,Gas,"SIPP, PDB",8*2.90,22,22,,,Engine problem,,Cumilla,,,
feni11doreen,Gas,"SIPP, REB",4*2.90,11,11,,3,Engine problem,,Cumilla,,,
jangalia33summit,Gas,"SIPP, PDB",4*8.73,33,33,,12,Engine problem,,Cumilla,,,
daudkandi200btrac,HSD,IPP,154*1.4,200,200,200,,Fuel shortage,,Cumilla,,,
fenilankapower,HFO,IPP,7*18.415+1*9.78,114,114,97,,,,Cumilla,,,
rpcl210,Gas,IPP,4*35+1*70,210,202,97,,Gas shortage,,Mymensingh,,,
tangail22doreen,Gas,"SIPP, PDB",8*2.90,22,22,,,Gas shortage,,Mymensingh,,,
mymensingh200ed,HFO,IPP,9.78*21,200,200,125,,Fuel shortage,,Mymensingh,,,
jamalpur115ed,HFO,IPP,9.78*12,115,115,36,,Fuel shortage,,Mymensingh,,,
fenchugonjphase2,Gas,PDB,2*35+1*35,104,90,,47,Machine problem,,Sylhet,,,
kushiara163kp,Gas,IPP,1*109+1*54,163,163,,51,ST Under maint,,Sylhet,,,
fenchugonj51barakatullah,Gas,RPP ,19*2.90,51,51,,,Engine problem,,Sylhet,,,
sylhet50epl,Gas,NENP,27*2,0,0,,,Gas shortage,,Sylhet,,,
shahjahanulla25,Gas,"SIPP, REB",3*9.34,25,25,,17,Engine problem,,Sylhet,,,
faridpur50peaking,HFO,PDB,8*6.89,54,54,,9,Engine problem,,Khulna,,,
noapara40khanjahanali,HFO,NENP,5*8.5,40,40,16,,Fuel shortage,,Khulna,,,
rupsha105orionrupsha,HFO,IPP,6*18.445,105,105,50,,Fuel shortage,,Khulna,,,
madhumati100,HFO,NWPGCL,6*18,105,105,,,Fuel shortage,,Khulna,,,
barisal110summit,HFO,IPP,7*17.076,110,110,78,,Fuel shortage,,Barisal,,,
bholanutanbiddutbd,Gas,IPP,220,220,220,,,GT-1 under maint.,,Barisal,,,
barisal307,Coal,BCPCL,307*1,307,307,,,Coal Shortage.,,Barisal,,,
bera70peaking,HFO,PDB,9*8.29,71,71,,34,Engine problem,,Rajshahi,,,
katakhali50northern,HFO,QRPP,6*8.9,50,50,,,Engine problem,,Rajshahi,,,
sirajgonj2251,Gas/HSD,NWPGCL,1*150+1*75,210,210,28,,Gas shortage,,Rajshahi,,,
confidencepowerbogura1113,HFO,IPP,6*18.55,113,113,18,,Fuel shortage,,Rajshahi,,,
barapukuria2753,Coal,PDB,1*275,274,274,,24,,,Rangpur,,,
ghorasal12,Gas,PDB,2*55,110,85,14,,Gas shortage,,Dhaka,,,
ghorasalrepowered3,Gas,PDB,1*210,210,170,,170,Under maint.,,Dhaka,,,
ghorasalrepowered4,Gas,PDB,1*210,210,180,,,Gas shortage,,Dhaka,,,
bosila108clc,HFO,IPP,12*8.775+1*3.5,108,108,,37,Engine problem,,Dhaka,,,
,HSD,IPP,100,100,100,,,,,Dhaka,,,
karnaphulihydro12345,Hydro,PDB,2*40+3*50,230,230,187,,Low water level,,Chattogram,,,
sikalbaha225,Gas/HSD,PDB,1*150+1*175,225,225,,75,ST under shut down,,Chattogram,,,
ashuganj3,Gas,APSCL,1*150,150,135,,135,Under maint.,,Cumilla,,,
ashuganj4,Gas,APSCL,1*150,150,129,,129,Under maint,,Cumilla,,,
ashuganj5,Gas,APSCL,1*150,150,134,34,,Gas shortage,,Cumilla,,,
ashuganj51midland,Gas,IPP,6*9.34,51,51,,6,Engine problem,,Cumilla,,,
chandpur150,Gas,PDB,1*106+1*57,163,163,,73,Engine problem,,Cumilla,,,
cumilla25summit,Gas,"SIPP, PDB",3*3.67+2*6.97,25,25,,11,Engine problem,,Cumilla,,,
rpcl210,Gas,IPP,4*35+1*70,210,202,39,,Gas shortage,,Mymensingh,,,
shajibazar330,Gas,PDB,3*110,330,330,,170,GT-1 under maint.,,Sylhet,,,
sylhet20g,Gas,PDB,1*20,20,20,,,Engine problem,,Sylhet,,,
bibiyanaiii400,Gas,PDB,400 MW,400,400,,170,Engine problem,,Sylhet,,,
bheramara410,Gas,NWPGCL,1*278+1*132,410,410,,410, Under maint.,,Khulna,,,
bhola33venture,Gas,RPP,1*34.50,33,33,,13,Engine problem,,Barisal,,,
bhola225,Gas,PDB,2*63+1*68,194,194,,,GT-2 under shut down,,Barisal,,,
katakhali50northern,HFO,QRPP,6*8.9,50,50,,10,Engine problem,,Rajshahi,,,
sirajgonj2251,Gas/HSD,NWPGCL,1*150+1*75,210,210,,,FGNO,,Rajshahi,,,
ghorasalrepowered3gt,Gas,PDB,1*260,260,260,,170,Under maint.,                                          ,Dhaka,,,
ghorashal785max,Gas,QRPP,2*40,78,0,,,Contract Expired,,Dhaka,,,
meghnaghat450mpl,Gas,IPP,2*150+1*150,450,450,150,,Dust in gas line.,,Dhaka,,,
meghnaghat100iel,HFO,QRPP,12*8.9,100,100,,,Contract Expired,,Dhaka,,,
siddhirgonj2120g,Gas,EGCB, 2*105,210,210,,,FGMO,,Dhaka,,,
siddhirganj335,Gas,EGCB,1*217+118,335,335,,115,ST under maint.,,Dhaka,,,
gazipur52,HFO,IPP,6*8.9,52,52,,11,Engine problem,,Dhaka,,,
kodda3002summit,HFO,IPP,18*17.076,300,300,,55,Engine problem,,Dhaka,,,
meghnaghat104opcl,HFO,IPP,18.5*6,104,104,,32,Engine problem,,Dhaka,,,
karnaphulihydro12345,Hydro,PDB,2*40+3*50,230,230,205,, Low water lavel,,Chattogram,,,
sikalbaha105barakasikalbaha,HFO,IPP,105 MW,105,105,,15,Engine problem,,Chattogram,,,
ashuganj50,Gas,APSCL,14*3.968,53,45,,19,Engine problem,,Cumilla,,,
chandpur200deshenergy,HFO,IPP,0,200,200,,75,Engine problem,,Cumilla,,,
bhairob545,HFO,IPP,3*18.2,54,54,,18,33 kV feeder fault,,Cumilla,,,
tangail22doreen,Gas,"SIPP, PDB",8*2.90,22,22,,3,Engine problem,,Mymensingh,,,
jamalpur95powerpac,HFO,IPP,12*8.924,95,95,,31,Engine problem,,Mymensingh,,,
fenchugonjphase1,Gas,PDB,2*32+1*33,97,70,,27,Under maint.,,Sylhet,,,
shajibazar330,Gas,PDB,3*110,330,330,,,GT-1 Under maint,,Sylhet,,,
fenchuganj44energyprima,Gas,RPP,12*3.3+5*2,44,0,,,Contract Expired,,Sylhet,,,
shahjibazarg89,Gas,PDB,2*35,70,66,,9,Engine problem,,Sylhet,,,
sylhet225,Gas,PDB,1*142+1*89,231,231,,91,ST Under maint.,,Sylhet,,,
sylhet50epl,Gas,RPP ,27*2,50,0,,,Contract Expired,,Sylhet,,,
sylhet10desh,Gas,RPP ,6*1.95,10,10,,3,Engine prolem,,Sylhet,,,
khulna115kpcl2,HFO,QRPP,7*17,115,115,,16,Engine problem,,Khulna,,,
faridpur50peaking,HFO,PDB,8*6.89,54,54,,34,Engine problem,,Khulna,,,
bhola225,Gas,PDB,2*63+1*68,194,194,,106,GT-2 under maint,,Barisal,,,
amnura50sinha,HFO,QRPP,7*7.79,50,50,,8,Engine problem,,Rajshahi,,,
katakhali50peaking,HFO,PDB,6*8.7,50,50,,20,Engine problem,,Rajshahi,,,
sirajgonj2251,Gas/HSD,NWPGCL,1*150+1*75,210,210,85,,Gas shortage,,Rajshahi,,,
barapukuria1,Coal,PDB,1*125,125,85,85,,Coal Shortage,,Rangpur,,,
ghorasalrepowered3gt,Gas,PDB,1*260,260,260,,260,Under maint.,2021-08-16 00:00:00,Dhaka,,,
ghorasal3657,Gas,PDB,1*243+1*122,365,365,,162,ST under maint,,Dhaka,,,
haripur412,Gas,EGCB,1*273+1*139,412,412,52,,Gas shortage,2021-09-02 00:00:00,Dhaka,,,
meghnaghat450mpl,Gas,IPP,2*150+1*150,450,450,130,,Dirty Gas,,Dhaka,,,
kodda150,HFO,BPDB-RPCL,9*17.06,149,149,16,,Engine problem,,Dhaka,,,
gazipur100,HFO,RPCL,100 MW,105,105,,,,2021-08-31 00:00:00,Dhaka,,,
karnaphulihydro12345,Hydro,PDB,2*40+3*50,230,230,105,,Low water level & Unit-3 S/D,,Chattogram,,,
sikalbahapeakinggt,Gas/HSD,PDB,1*150 ,150,150,,150,Under maint,2021-08-11 00:00:00,Chattogram,,,
chattogram108ecpv,HFO,IPP,16*7,108,108,13,,Fuel shortage,,Chattogram,,,
ashuganj50,Gas,APSCL,14*3.968,53,45,,22,Engine problem,2021-10-15 00:00:00,Cumilla,,,
ashuganj55precision,Gas,RPP ,15*4,55,55,0,,Gas shortage,,Cumilla,,,
ashuganj51midland,Gas,IPP,6*9.34,51,51,,16,Engine problem,2021-09-06 00:00:00,Cumilla,,,
ashuganj150midland,HFO,IPP,23*7.015,150,150,,5,Engine problem,2021-08-31 00:00:00,Cumilla,,,
rpcl210,Gas,IPP,4*35+1*70,210,202,,42,Gas shortage,2021-09-01 00:00:00,Mymensingh,,,
mymensingh200ed,HFO,IPP,200,200,200,,10,Engine problem,2021-09-13 00:00:00,Mymensingh,,,
jamalpur115ed,HFO,IPP,115 MW,115,115,,5,Engine problem,2021-09-13 00:00:00,Mymensingh,,,
shajibazar330,Gas,PDB,3*110,330,330,170,,Gas shortage,,Sylhet,,,
shahjibazarg89,Gas,PDB,2*35,70,66,66,,Gas shortage,,Sylhet,,,
shahjibazar100g,Gas,PDB,1*100,100,100,,100,Under maint,2021-11-03 00:00:00,Sylhet,,,
faridpur50peaking,HFO,PDB,8*6.89,54,54,,28,Engine problem,,Khulna,,,
bheramara410,Gas,NWPGCL,1*278+1*132,410,410,35,,Gas shortage,,Khulna,,,
rupsha105orionrupsha,HFO,IPP,6*18.445,105,105,,17,Engine problem,2021-08-31 00:00:00,Khulna,,,
bera70peaking,HFO,PDB,9*8.29,71,71,,29,Engine problem,,Rajshahi,,,
sirajgonj2251,Gas/HSD,NWPGCL,1*150+1*75,210,210,65,,Gas shortage,,Rajshahi,,,
sirajgonj2252,Gas/HSD,NWPGCL,1*150+1*75,220,220,,20,Gas shortage,30-08-21,Rajshahi,,,
sirajgonj4004,Gas/HSD,SNWPGCL,1*282+1*132,414,414,,414,Under maint.,2021-06-09 00:00:00,Rajshahi,,,
santahar50peaking,HFO,PDB,6*8.7,50,50,,17,Engine problem,15-09-2021,Rajshahi,,,
natore52rajlanka,HFO,IPP,52,52,52,9,,Fuel shortage,,Rajshahi,,,
chapainawabganj100peaking,HFO,PDB,104,104,104,,,Engine problem,,Rajshahi,,,
barapukuria1,Coal,PDB,1*125,125,85,,85,Under maint.,2021-05-11 00:00:00,Rangpur,,,
ghorasalst12,Gas,PDB,2*55,110,85,,,,,Dhaka,,,
ghorashal78max,Gas,QRPP,2*40,78,78,,,,,Dhaka,,,
meghnaghatiel,HFO,QRPP,12*8.9,100,100,,8,Engine problem,,Dhaka,,,
siddhirgonjgt12,Gas,EGCB, 2*105,210,210,60,,Gas shortage,,Dhaka,,,
siddhirganj335,Gas,EGCB,1*217,217,217,,217,Under maint.,,Dhaka,,,
bosila108,HFO,IPP,12*8.775+1*3.5,108,108,,48,Engine problem,,Dhaka,,,
chittgongst2raozan,Gas,PDB,1*210,210,180,180,,Under maint.,,Chattogram,,,
raozan25rpcl,HFO,IPP,3*8.9,25,25,,,Engine problem,,Chattogram,,,
kaptaihydro12345,Hydro,PDB,2*40+3*50,230,230,,157,Low water lavel,,Chattogram,,,
sikalbaha225,Gas/HSD,PDB,1*150+1*175,225,225,,,FGMO,,Chattogram,,,
juldahacorn,HFO,QRPP,8*13.45,100,100,,22,Engine problem,,Chattogram,,,
ashuganjst3,Gas,APSCL,1*150,150,135,35,,Gas shortage,,Cumilla,,,
ashuganjst4,Gas,APSCL,1*150,150,129,49,,Gas shortage,,Cumilla,,,
ashuganjst5,Gas,APSCL,1*150,150,134,,134,Under maint.,,Cumilla,,,
ashuganjprecision55,Gas,RPP ,15*4,55,55,49,,Gas shortage,,Cumilla,,,
ashuganjmidland51,Gas,IPP,6*9.34,51,51,,16,Engine problem,,Cumilla,,,
chandpur,Gas,PDB,1*106+1*57,163,163,,73,ST Under maint.,,Cumilla,,,
tangaildoreen22,Gas,"SIPP, PDB",8*2.90,22,22,,,Gas line problem of Titas,,Mymensingh,,,
jamalpur95,HFO,IPP,12*8.924,95,95,,7,Enjgine problem,,Mymensingh,,,
shahjibazarepl50,Gas,RPP,27*2.0,50,50,,5,Engine problem,,Sylhet,,,
bholaventure33,Gas,RPP,1*34.50,33,33,,5,Engine problem,,Barisal,,,
bhola194,Gas,PDB,2*63+1*68,194,194,,68,ST under maint.,,Barisal,,,
baghabarigt100,Gas,PDB,1*100,100,100,100,,Gas shortage.,,Rajshahi,,,
amnura50,HFO,QRPP,7*7.79,50,50,,,,,Rajshahi,,,
rajlanka52,HFO,IPP,52,52,52,,,,,Rajshahi,,,
ghorasal3657,Gas,PDB,1*243+1*122,365,365,,85,Condencer problem,,Dhaka,,,
ghorashal108regent,Gas,IPP,34*3.35,108,108,,10,Engine problem,,Dhaka,,,
meghnaghat450mpl,Gas,IPP,2*150+1*150,450,450,225,,GT-2 S/D due to  Gas shortage,,Dhaka,,,
meghnaghat100iel,HFO,QRPP,12*8.9,100,100,,9,Engine problem,,Dhaka,,,
meghnaghatsummit,Gas,IPP,2*110+1*110,335,335,,335,Machine problem.,,Dhaka,,,
madanganj102summit,HFO,QRPP ,6*17,102,102,,102,Under maint,,Dhaka,,,
siddhirgonj2120g,Gas,EGCB, 2*105,210,210,110,,GT-2 U/M & gas shortage,,Dhaka,,,
siddhirganj100dutchbangla,HFO,QRPP ,12*8.9,100,100,,9,Engine problem,,Dhaka,,,
siddhirganj335,Gas,EGCB,1*217+118,335,335,0,,Gas shortage,,Dhaka,,,
gagnagar102digitalpower,HFO,IPP,12*8.924,102,102,,8,Engine problem,,Dhaka,,,
meghnaghat104opcl,HFO,IPP,18.5*6,104,104,,11,Engine problem,,Dhaka,,,
karnaphulihydro12345,Hydro,PDB,2*40+3*50,230,230,,198,Low Water Level ,,Chattogram,,,
sikalbaha225,Gas/HSD,PDB,1*150+1*175,225,225,,225,S/D due to HGPI,2022-06-24 00:00:00,Chattogram,,,
hathazari100peaking,HFO,PDB,11*8.9,98,98,,63,Engine problem,,Chattogram,,,
juldah1001acorn,HFO,QRPP,8*13.45,100,100,,10,Engine problem,,Chattogram,,,
chattogram108ecpv,HFO,IPP,16*7,108,108,,27,Engine problem,,Chattogram,,,
anwara300ed,HFO,IPP,17*17+24,300,300,,35,Engine problem,,Chattogram,,,
anlimaenergy,HFO,IPP,6*21.2,116,116,,26,Engine problem,,Chattogram,,,
ashuganj4,Gas,APSCL,1*150,150,129,,,Contract Expired,,Cumilla,,,
ashuganj450north,Gas,APSCL,1*360,360,360,360,,Gas shortage,,Cumilla,,,
ashuganj450south,Gas,APSCL,1*360,360,360,5,,FGMO,,Cumilla,,,
ashuganj50,Gas,APSCL,14*3.968,53,45,,7,Engine problem,,Cumilla,,,
ashuganj195apscled,Gas,IPP,20*9.73+1*16,195,195,122,,Gas shortage,,Cumilla,,,
ashuganj150midland,HFO,IPP,23*7.015,150,150,,15,Engine problem,,Cumilla,,,
chandpur150,Gas,PDB,1*106+1*57,163,163,,163,Machine problem.,,Cumilla,,,
chandpur115doreen,HFO,IPP,4*18.5+2*22.5,115,115,,15,Engine problem,,Cumilla,,,
mymensingh200ed,HFO,IPP,9.78*21,200,200,,,Engine problem,,Mymensingh,,,
jamalpur115ed,HFO,IPP,9.78*12,115,115,,10,Engine problem,,Mymensingh,,,
fenchugonjphase2,Gas,PDB,2*35+1*35,104,90,,49,Machine problem.,,Sylhet,,,
kushiara163kp,Gas,IPP,1*109+1*54,163,163,,53,ST under maint,,Sylhet,,,
shajibazar330,Gas,PDB,3*110,330,330,330,,Under maint.,,Sylhet,,,
sylhet225,Gas,PDB,1*142+1*89,231,231,,231,Machine problem,,Sylhet,,,
bibiyanaiii400,Gas,PDB,400 MW,400,400,,,Under Maint,,Sylhet,,,
bibiyanasouth400,Gas,PDB,400 MW,383,383,,,Gas shortage,,Sylhet,,,
khulna115kpcl2,HFO,QRPP,7*17,115,115,,7,Engine problem,,Khulna,,,
faridpur50peaking,HFO,PDB,8*6.89,54,54,,16,Engine problem,,Khulna,,,
gopalganj100peaking,HFO,PDB,16*6.98,109,109,,29,Engine problem,,Khulna,,,
barisal110summit,HFO,IPP,7*17.076,110,110,,,Rampal Transformar O/L,,Barisal,,,
bhola225,Gas,PDB,2*63+1*68,194,194,46,,Gas shortage & GT-2 S/D,,Barisal,,,
bholanutanbiddutbd,Gas,IPP,220,220,220,,112,Machine problem,,Barisal,,,
baghabari50peaking,HFO,PDB,6*8.9,52,52,,27,Engine problem,,Rajshahi,,,
sirajgonj2252,Gas/HSD,NWPGCL,1*150+1*75,220,220,,,Running on HSD,,Rajshahi,,,
sirajgonj2253,Gas/HSD,NWPGCL,1*141,220,220,,,Gas shortage,,Rajshahi,,,
santahar50peaking,HFO,PDB,6*8.7,50,50,,10,Engine problem,,Rajshahi,,,
baghabari200paramount,HSD,IPP,135*1.6,200,200,,10,Engine problem,,Rajshahi,,,
bagura113confidence2,HFO,IPP,6*18.55+7.2,113,113,,,Engine problem,,Rajshahi,,,
confidencepowerbogura1113,HFO,IPP,6*18.55,113,113,,,Engine problem,,Rajshahi,,,
barapukuria2,Coal,PDB,1*125,125,85,85,,Coal Shortage,,Rangpur,,,
barapukuria2753,Coal,PDB,1*275,274,274,99,,Coal Shortage,,Rangpur,,,
rangpur20g,HSD,PDB,1*20,20,20, ,,,,Rangpur,,,
rangpur113confidence,HFO,IPP,9*6.984+7*7.015+3.15*2,113,113,,13,Engine problem,,Rangpur,,,
energypacpowerventurethakurgaon,HFO,IPP,115,115,115,,7,Engine problem,,Rangpur,,,
ghorasal3657,Gas,PDB,1*243+1*122,365,365,95,,Gas shortage,,Dhaka,,,
meghnaghat450mpl,Gas,IPP,2*150+1*150,450,450,150,,Gas shortage,,Dhaka,,,
meghnaghatsummit,Gas,IPP,2*110+1*110,335,335,,185,GT-1 Under S/D,,Dhaka,,,
madanganj102summit,HFO,QRPP ,6*17,102,102,,22,Engine problem,,Dhaka,,,
keraniganj100powerpac,HFO,QRPP,8*13.45,100,100,,100,Engine problem,,Dhaka,,,
gagnagar102digitalpower,HFO,IPP,12*8.924,102,102,,17,Engine problem,,Dhaka,,,
patenga50baraka,HFO,IPP,8*6.98,50,50,,15,Engine problem,,Chattogram,,,
karnaphulihydro12345,Hydro,PDB,2*40+3*50,230,230,,170,Low Water Level ,,Chattogram,,,
juldah1001acorn,HFO,QRPP,8*13.45,100,100,,8,Engine problem,,Chattogram,,,
ashuganj50,Gas,APSCL,14*3.968,53,45,17,,Gas shortage,,Cumilla,,,
chandpur150,Gas,PDB,1*106+1*57,163,163,,63,Machine problem,,Cumilla,,,
chowmuhani113,HFO,IPP,12*9.78+2*3.1,113,113,,,Fuel shortage,,Cumilla,,,
chandpur115doreen,HFO,IPP,4*18.5+2*22.5,115,115,,14,Engine problem,,Cumilla,,,
fenchuganj44energyprima,Gas,RPP,12*3.3+5*2,50,50,50,,Gas shortage,,Sylhet,,,
sylhet50epl,Gas,RPP ,27*2,50,50,50,,Gas shortage,,Sylhet,,,
bheramarahvdc,0,Imported power,2*500,1000,1000,,, Load curtailment from India,,Khulna,,,
khulna115kpcl2,HFO,QRPP,7*17,115,115,95,,Fuel shortage,,Khulna,,,
bheramara410,Gas,NWPGCL,1*278+1*132,410,410,210,,Gas shortage,,Khulna,,,
bhola225,Gas,PDB,2*63+1*68,194,194,104,,Gas shortage & GT-1 S/D,,Barisal,,,
amnura50sinha,HFO,QRPP,7*7.79,50,50,,50,Engine problem,,Rajshahi,,,
saidpur20g,HSD,PDB,1*20,20,20,,10,,,Rangpur,,,
ghorasal5,Gas,PDB,1*210,210,190,75,,Gas shortage,,Dhaka,,,
ghorashal108regent,Gas,IPP,34*3.35,108,108,56,,,,Dhaka,,,
haripur412,Gas,EGCB,1*273+1*139,412,412,,412,Under S/D for dust in gas.,,Dhaka,,,
haripur360hpl,Gas,IPP,1*235+1*125,360,360,,,Under maint.,,Dhaka,,,
meghnaghat450mpl,Gas,IPP,2*150+1*150,450,450,,,GT-1 under maint.,,Dhaka,,,
meghnaghatsummit,Gas,IPP,2*110+1*110,305,305,,,Gas shortage,,Dhaka,,,
narshingdi22doreen,Gas,"SIPP, REB",8*2.90,22,22,,3,,,Dhaka,,,
maona33summit,Gas,"SIPP,REB",4*8.73,33,33,,11,Engine problem,,Dhaka,,,
meghnaghat104opcl,HFO,IPP,18.5*6,104,104,,14,Engine problem,,Dhaka,,,
manikgonj162,HFO,IPP,9*18,0,0,,,,,Dhaka,,,
karnaphulihydro12345,Hydro,PDB,2*40+3*50,230,230,70,,Low water level,,Chattogram,,,
ashuganj3,Gas,APSCL,1*150,150,135,0,,Gas Shortage,,Cumilla,,,
ashuganj50,Gas,APSCL,14*3.968,53,45,15,,Gas shortage,,Cumilla,,,
ashuganj55precision,Gas,RPP ,15*4,55,55,30,,Gas shortage,,Cumilla,,,
chandpur150,Gas,PDB,1*106+1*57,163,163,,57,ST Under maint.,,Cumilla,,,
rpcl210,Gas,IPP,4*35+1*70,210,202,37,,Gas shortage,,Mymensingh,,,
jamalpur95powerpac,HFO,IPP,12*8.924,95,95,,70,Engine problem,,Mymensingh,,,
mymensinghpv50solar,Solar,IPP,50,0,0,,,,,Mymensingh,,,
fenchugonjphase1,Gas,PDB,2*32+1*33,97,70,,32,GT-2 under shut down for maint.,,Sylhet,,,
shajibazar330,Gas,PDB,3*110,330,330,,75,Machine problem,,Sylhet,,,
sylhet20g,Gas,PDB,1*20,20,20,,,33 kV S/S maint.,,Sylhet,,,
sirajgonj2251,Gas/HSD,NWPGCL,1*150+1*75,210,210,,210,Gas shortage & ST Under maint,,Rajshahi,,,
barapukuria2,Coal,PDB,1*125,125,85,85,,Under maint.,,Rangpur,,,
ghorashal108regent,Gas,IPP,34*3.35,108,108,34,,Gas shortage,,Dhaka,,,
meghnaghat450mpl,Gas,IPP,2*150+1*150,450,450,,450,Under maint,,Dhaka,,,
meghnaghat100iel,HFO,NENP,12*8.9,100,100,91,,Fuel shortage,,Dhaka,,,
kodda150,HFO,BPDB-RPCL,9*17.06,149,149,133,,Fuel shortage,,Dhaka,,,
kodda3002summit,HFO,IPP,18*17.076,300,300,234,,Fuel shortage,,Dhaka,,,
meghnaghat104opcl,HFO,IPP,18.5*6,104,104,85,,Fuel shortage,,Dhaka,,,
sikalbaha225,Gas/HSD,PDB,1*150+1*175,225,225,,65,ST Under S/D,,Chattogram,,,
karnaphulipower,HFO,IPP,18.415*6+6.5,110,110,62,,Fuel shortage,,Chattogram,,,
ashuganj420east,Gas,APSCL,284*1+116*1,400,400,60,,,,Cumilla,,,
ashuganj55precision,Gas,QRPP,15*4,55,55,55,,Gas shortage,,Cumilla,,,
titas50peaking,HFO,PDB,6*8.92,52,52,,15,Engine problem,,Cumilla,,,
chandpur115doreen,HFO,IPP,4*18.5+2*22.5,115,115,,19,Engine problem,,Cumilla,,,
mymensingh200ed,HFO,IPP,9.78*21,200,200,154,,Fuel shortage,,Mymensingh,,,
kushiara163kp,Gas,IPP,1*109+1*54,163,163,,163,Under S/D,,Sylhet,,,
noapara100banglatrac,HSD,IPP,70*1.4,100,100,10,,,,Khulna,,,
rampal1320bifpcl,Coal,NTPC&BPDB,660*2,617,617,,,On test.,,Khulna,,,
bhola225,Gas,PDB,2*63+1*68,194,194,,59,ST Under S/D,,Barisal,,,
barisal307,Coal,BCPCL,307*1,307,307,,,On test.,,Barisal,,,
sirajgonj2252,Gas/HSD,NWPGCL,1*150+1*75,220,220,40,,Gas shortage,,Rajshahi,,,
sirajgonj4004,Gas/HSD,SNWPGCL,1*282+1*132,414,414,34,,,,Rajshahi,,,
chapainawabganj100peaking,HFO,PDB,12*8.924,104,104,,12,Engine problem,,Rajshahi,,,
confidencepowerbogura1113,HFO,IPP,6*18.55,113,113,63,,Fuel shortage,,Rajshahi,,,
barapukuria2753,Coal,PDB,1*275,274,274,,24,Machine problem,,Rangpur,,,
rangpur113confidence,HFO,IPP,9*6.984+7*7.015+3.15*2,113,113,78,,Fuel shortage,,Rangpur,,,
meghnaghatsummit,Gas,IPP,2*110+1*110,335,335,183,,Gas shortage,,Dhaka,,,
madanganj102summit,HFO,NENP,6*17,102,102,,32,Engine problem,,Dhaka,,,
keraniganj100powerpac,HFO,NENP,8*13.45,100,75,62,,Fuel shortage,,Dhaka,,,
kodda150,HFO,BPDB-RPCL,9*17.06,149,149,,,Engine problem,,Dhaka,,,
summitpowermadhabdiashulia,Gas,"SIPP,REB",3*3.67+4*8.73,80,80,,42,Engine problem,,Dhaka,,,
rupganj33summit,Gas,"SIPP,REB",4*8.73,33,33,,23,Engine problem,,Dhaka,,,
karnaphulihydro12345,Hydro,PDB,2*40+3*50,230,230,28,,Low water lavel,,Chattogram,,,
hathazari100peaking,HFO,PDB,11*8.9,98,98,26,,Fuel shortage,,Chattogram,,,
dohazarikalaish100peaking,HFO,PDB,6*17,102,102,,22,Engine problem,,Chattogram,,,
juldah1003acorn,HFO,IPP,8*13.5,100,100,76,,Fuel shortage,,Chattogram,,,
karnaphulipower,HFO,IPP,18.415*6+6.5,110,110,25,,Fuel shortage,,Chattogram,,,
ashuganj55precision,Gas,QRPP,0,55,55,45,,Gas shortage,,Cumilla,,,
jangalia52lakdanavi,HFO,IPP,6*8.92,52,52,,10,Engine problem,,Cumilla,,,
fenilankapower,HFO,IPP,7*18.415+1*9.78,114,114,,97,Engine problem,,Cumilla,,,
chowmuhani113,HFO,IPP,12*9.78+2*3.1,113,113,53,,Fuel shortage,,Cumilla,,,
rpcl210,Gas,IPP,4*35+1*70,210,202,72,,Gas shortage,,Mymensingh,,,
mymensingh200ed,HFO,IPP,9.78*21,200,200,76,,Fuel shortage,,Mymensingh,,,
fenchugonjphase2,Gas,PDB,2*35+1*35,104,90,,32,Machine problem,,Sylhet,,,
shahjibazar86shahjibazar,Gas,RPP ,32*2.90,86,0,76,,Gas shortage,,Sylhet,,,
sylhet225,Gas,PDB,1*142+1*89,231,231,,94,ST Under maint.,,Sylhet,,,
khulna115kpcl2,HFO,NENP,7*17,115,115,,51,Engine problem,,Khulna,,,
rupsha105orionrupsha,HFO,IPP,6*18.445,105,105,,20,Engine problem,,Khulna,,,
rampal1320bifpcl,Coal,NTPC&BPDB,617*2,1234,1234,334,,Coal shortage,,Khulna,,,
barisal110summit,HFO,IPP,7*17.076,110,110,46,,Fuel shortage,,Barisal,,,
bhola225,Gas,PDB,2*63+1*68,194,194,,129,GT-1 & ST Under maint.,,Barisal,,,
edpayrapower,HFO,IPP,8*18.5+1*9.5,150,150,60,,Fuel shortage.,,Barisal,,,
ghorasal3657,Gas,PDB,1*243+1*122,365,365,365,,Under maint.,,Dhaka,,,
ghorashal108regent,Gas,IPP,34*3.35,108,108,30,,Gas shortage,,Dhaka,,,
meghnaghat450mpl,Gas,IPP,2*150+1*150,450,450,50,,Gas shortage,,Dhaka,,,
meghnaghatsummit,Gas,IPP,2*110+1*110,335,335,50,,FGMO,,Dhaka,,,
madanganj102summit,HFO,NENP,6*17,102,102,,22,Engine problem,,Dhaka,,,
siddhirganj335,Gas,EGCB,1*217+118,335,335,,118,ST under maint.,,Dhaka,,,
kodda150,HFO,BPDB-RPCL,9*17.06,149,149,,,Fuel shortage,,Dhaka,,,
meghnaghat104opcl,HFO,IPP,18.5*6,104,104,32,,Fuel shortage,,Dhaka,,,
hathazari100peaking,HFO,PDB,11*8.9,98,98,,74,Engine problem,,Chattogram,,,
juldah1001acorn,HFO,NENP,8*13.45,100,100,,25,Engine problem,,Chattogram,,,
barabkunda22regent,Gas,"SIPP, PDB",8*2.90,22,22,17,,Gas shortage,,Chattogram,,,
anwara300ed,HFO,IPP,17*17+24,300,300,70,,Fuel shortage,,Chattogram,,,
ashuganj450south,Gas,APSCL,1*360,360,360,,230,ST Under maint.,,Cumilla,,,
chandpur200deshenergy,HFO,IPP,12*18.4,200,200,,20,Engine problem,,Cumilla,,,
mymensingh200ed,HFO,IPP,9.78*21,200,200,,20,Engine problem,,Mymensingh,,,
jamalpur115ed,HFO,IPP,9.78*12,115,115,,16,Engine problem,,Mymensingh,,,
fenchugonjphase1,Gas,PDB,2*32+1*33,97,70,,29,Machine problem.,,Sylhet,,,
kushiara163kp,Gas,IPP,1*109+1*54,163,163,,51,ST U/M.,,Sylhet,,,
sylhet50epl,Gas,NENP,27*2,0,0,,,,,Sylhet,,,
shahjahanulla25,Gas,"SIPP, REB",3*9.34,25,25,12,,Gas shortage,,Sylhet,,,
khulna115kpcl2,HFO,NENP,7*17,115,115,,32,Engine problem,,Khulna,,,
gopalganj100peaking,HFO,PDB,16*6.98,109,109,,44,Engine problem,,Khulna,,,
bheramara410,Gas,NWPGCL,1*278+1*132,410,410,240,,Gas shortage,,Khulna,,,
barisal110summit,HFO,IPP,7*17.076,110,110,62,,Fuel shortage,,Barisal,,,
bhola225,Gas,PDB,2*63+1*68,194,194,24,,Gas shortage,,Barisal,,,
barisal307,Coal,BCPCL,307*1,307,307,,,Line O/L,,Barisal,,,
bera70peaking,HFO,PDB,9*8.29,71,71,,39,Engine problem,,Rajshahi,,,
katakhali50peaking,HFO,PDB,6*8.7,50,50,,8,Engine problem,,Rajshahi,,,
sirajgonj4004,Gas/HSD,SNWPGCL,1*282+1*132,414,414,144,,Gas shortage,,Rajshahi,,,
natore52rajlanka,HFO,IPP,6*8.92,52,52,18,,Fuel shortage,,Rajshahi,,,
chapainawabganj100peaking,HFO,PDB,12*8.924,104,104,,14,Enging problem,,Rajshahi,,,
bagura113confidence2,HFO,IPP,6*18.55+7.2,113,113,18,,Fuel shortage,,Rajshahi,,,
barapukuria2753,Coal,PDB,1*275,274,274,104,,Coal Shortage.,,Rangpur,,,
rangpur113confidence,HFO,IPP,9*6.984+7*7.015+3.15*2,113,113,43,,Fuel shortage,,Rangpur,,,
haripur412,Gas,EGCB,1*273+1*139,412,412,52,,Gas shortage,,Dhaka,,,
meghnaghatsummit,Gas,IPP,2*110+1*110,335,335,185,,GT-1 under S/D due to Gas shortage,,Dhaka,,,
narshingdi22doreen,Gas,"SIPP, REB",8*2.90,22,22,,4,Engine problem,,Dhaka,,,
siddhirganj100dutchbangla,HFO,NENP,12*8.9,100,100,,8,Engine problem,,Dhaka,,,
siddhirganj335,Gas,EGCB,1*217+118,335,335,165,,Gas shortage,,Dhaka,,,
kodda1491summit,HFO,IPP,8*18.45+8.97,149,149,49,,Fuel shortage,,Dhaka,,,
meghnaghat104opcl,HFO,IPP,18.5*6,104,104,33,,Fuel shortage,,Dhaka,,,
karnaphulihydro12345,Hydro,PDB,2*40+3*50,230,230,98,,Low water lavel,,Chattogram,,,
hathazari100peaking,HFO,PDB,11*8.9,98,98,38,,Fuel shortage,,Chattogram,,,
dohazarikalaish100peaking,HFO,PDB,6*17,102,102,102,,Fuel shortage,,Chattogram,,,
mirsharai150,Gas/HFO,BPDB-RPCL,18.5*9,163,163,146,,Fuel shortage,,Chattogram,,,
sspoweri,Coal,SS Power ,1*612,612,612,,282,Machine problem,,Chattogram,,,
ashuganj450north,Gas,APSCL,1*360,360,360,50,,Gas shortage,,Cumilla,,,
ashuganj450south,Gas,APSCL,1*360,360,360,50,,Gas shortage,,Cumilla,,,
feni22doreen,Gas,"SIPP, PDB",8*2.90,22,22,,5,Engine problem,,Cumilla,,,
fenilankapower,HFO,IPP,7*18.415+1*9.78,114,114,,,Fuel shortage,,Cumilla,,,
chowmuhani113,HFO,IPP,12*9.78+2*3.1,113,113,38,,Fuel shortage,,Cumilla,,,
chandpur115doreen,HFO,IPP,4*18.5+2*22.5,115,115,20,,Fuel shortage,,Cumilla,,,
rpcl210,Gas,IPP,4*35+1*70,210,202,122,,Gas shortage,,Mymensingh,,,
fenchugonjphase2,Gas,PDB,2*35+1*35,104,90,,90,Engine problem,,Sylhet,,,
sylhet225,Gas,PDB,1*142+1*89,231,231,,26,Machine problem,,Sylhet,,,
bibiyanasouth400,Gas,PDB,400 MW,383,383,,73,Water shortage,,Sylhet,,,
gopalganj100peaking,HFO,PDB,16*6.98,109,109,39,,Fuel shortage,,Khulna,,,
rampal1320bifpcl,Coal,NTPC&BPDB,660*2,617,617,,47,Machine problem,,Khulna,,,
barisal307,Coal,IPP,307*1,307,307,107,,Coal shortage,,Barisal,,,
ghorasal3657,Gas,PDB,1*243+1*122,365,365,,105,Condencer problem,,Dhaka,,,
meghnaghatsummit,Gas,IPP,2*110+1*110,335,335,185,,FGMO & Gas shortage,,Dhaka,,,
madanganj102summit,HFO,QRPP ,6*17,102,102,,,,,Dhaka,,,
siddhirgonj2120g,Gas,EGCB, 2*105,210,210,210,,"GT-2 U/M, Gas shortage",,Dhaka,,,
kodda150,HFO,BPDB-RPCL,9*17.06,149,149,,17,Engine problem,,Dhaka,,,
summitpowermadhabdiashulia,Gas,"SIPP,REB",3*3.67+4*8.73,80,80,,26,Engine problem,,Dhaka,,,
patenga50baraka,HFO,IPP,8*6.98,50,50,,7,Engine problem,,Chattogram,,,
karnaphulihydro12345,Hydro,PDB,2*40+3*50,230,230,,200,Low Water Level ,,Chattogram,,,
anlimaenergy,HFO,IPP,6*21.2,116,116,,6,Engine problem,,Chattogram,,,
ashuganj450north,Gas,APSCL,1*360,360,360,90,,Gas shortage,,Cumilla,,,
ashuganj55precision,Gas,RPP ,15*4,55,55,55,,Line Tripped,,Cumilla,,,
chandpur150,Gas,PDB,1*106+1*57,163,163,,28,Machine problem,,Cumilla,,,
mymensingh200ed,HFO,IPP,9.78*21,200,200,,,,,Mymensingh,,,
shajibazar330,Gas,PDB,3*110,330,330,60,,Gas shortage,,Sylhet,,,
sylhet50epl,Gas,RPP ,27*2,50,50,9,,Gas shortage,,Sylhet,,,
bhola225,Gas,PDB,2*63+1*68,194,194,134,,Gas shortage & GT-2 S/D,,Barisal,,,
sirajgonj2253,Gas/HSD,NWPGCL,1*141,220,220,20,,Gas shortage,,Rajshahi,,,
barapukuria1,Coal,PDB,1*125,125,85,,52,Under maint.,,Rangpur,,,
barapukuria2753,Coal,PDB,1*275,274,274,,98,Coal Shortage,,Rangpur,,,
rangpur113confidence,HFO,IPP,9*6.984+7*7.015+3.15*2,113,113,,5,Engine problem,,Rangpur,,,
meghnaghatsummit,Gas,IPP,2*110+1*110,305,305,20,,Gas shortage,,Dhaka,,,
keraniganj100powerpac,HFO,QRPP,8*13.45,100,100,,25,Engine problem,,Dhaka,,,
siddhirganj335,Gas,EGCB,1*217+118,335,335,115,,Gas shortage,,Dhaka,,,
kodda3002summit,HFO,IPP,18*17.076,300,300,,50,Engine problem,,Dhaka,,,
kodda1491summit,HFO,IPP,149,149,149,,17,Engine problem,,Dhaka,,,
manikgonj162mpgl,HFO,IPP,9*18,162,162,,33,Engine problem,,Dhaka,,,
karnaphulihydro12345,Hydro,PDB,2*40+3*50,230,230,205,,Low water lavel,,Chattogram,,,
ashuganj5,Gas,APSCL,1*150,150,134,134,,Under maint,,Cumilla,,,
ashuganj150midland,HFO,IPP,23*7.015,150,150,,20,Engine problem,,Cumilla,,,
chandpur200deshenergy,HFO,IPP,0,200,200,,20,Engine problem,,Cumilla,,,
cumilla25summit,Gas,"SIPP, PDB",3*3.67+2*6.97,25,25,,8,Engine problem,,Cumilla,,,
fenilankapower,HFO,IPP,7*18.415+1*9.78,114,114,34,,Engine problem,,Cumilla,,,
rpcl210,Gas,IPP,4*35+1*70,210,202,12,,Gas shortage,,Mymensingh,,,
mymensingh200ed,HFO,IPP,200,200,200,,25,Engine problem,,Mymensingh,,,
shajibazar330,Gas,PDB,3*110,330,330,,168,GT-1 Under maint,,Sylhet,,,
khulna115kpcl2,HFO,QRPP,7*17,115,115,,,Contract Expired,,Khulna,,,
faridpur50peaking,HFO,PDB,8*6.89,54,54,,33,Engine problem,,Khulna,,,
noapara40khanjahanali,HFO,QRPP,5*8.5,40,40,,,Contract Expired,,Khulna,,,
bhola225,Gas,PDB,2*63+1*68,194,194,,108,GT-2 under maint,,Barisal,,,
baghabari71g,Gas,PDB,1*71,71,71,21,,Gas shortage,,Rajshahi,,,
bagura113confidence2,HFO,IPP,113 MW,113,113,,23,Engine problem,,Rajshahi,,,
ghorashal108regent,Gas,IPP,34*3.35,108,108,48,,Gas shortage,,Dhaka,,,
keraniganj100powerpac,HFO,NENP,8*13.45,100,75,50,,Engine problem.,,Dhaka,,,
siddhirganj100dutchbangla,HFO,NENP,12*8.9,0,0,,,Contract Expired,,Dhaka,,,
gagnagar102digitalpower,HFO,IPP,12*8.924,102,102,10,,Engine problem,,Dhaka,,,
summitpowermadhabdiashulia,Gas,"SIPP,REB",3*3.67+4*8.73,80,80,,36,Engine problem,,Dhaka,,,
kanchanpurbachalpowergeneration,HFO,IPP,18.4*3,55,55,55,,Engine problem,,Dhaka,,,
hathazari100peaking,HFO,PDB,11*8.9,98,98,34,,,,Chattogram,,,
sspoweri,Coal,SS Power ,2*612,1224,1224,949,,Coal Shortage.,,Chattogram,,,
ashuganj50,Gas,APSCL,14*3.968,53,45,5,,,,Cumilla,,,
chowmuhani113,HFO,IPP,12*9.78+2*3.1,113,113,48,,Fuel shortage,,Cumilla,,,
jamalpur115ed,HFO,IPP,9.78*12,115,115,8,,Fuel shortage,,Mymensingh,,,
edpayrapower,HFO,IPP,8*18.5+1*9.5,150,150,133,,Fuel shortage,,Barisal,,,
baghabari50peaking,HFO,PDB,6*8.9,52,52,15,,Fuel shortage,,Rajshahi,,,
natore52rajlanka,HFO,IPP,6*8.92,52,52,27,,Fuel shortage,,Rajshahi,,,
ghorasalrepowered3,Gas,PDB,1*210,210,170,,76,Gas shortage,,Dhaka,,,
haripur360hpl,Gas,IPP,1*235+1*125,360,360,20,,Gas shortage,,Dhaka,,,
keraniganj100powerpac,HFO,QRPP,8*13.45,100,100,,15,Engine problem,,Dhaka,,,
karnaphulihydro12345,Hydro,PDB,2*40+3*50,230,230,181,,Low water level,,Chattogram,,,
sikalbaha225,Gas/HSD,PDB,1*150+1*175,225,225,65,,Gas shortage,,Chattogram,,,
ashuganj4,Gas,APSCL,1*150,150,129,,,Gas shortage,,Cumilla,,,
ashuganj450south,Gas,APSCL,1*360,360,360,,,,,Cumilla,,,
barapukuria2753,Coal,PDB,1*275,274,274,,274,Under maint.,,Rangpur,,,
ghorasal12,Gas,PDB,2*55,110,85,,43,Unit-1 Under maint.,,Dhaka,,,
ghorasal5,Gas,PDB,1*210,210,190,,190,Under S/D,,Dhaka,,,
meghnaghatsummit,Gas,IPP,2*110+1*110,305,305,75,,Gas shortage.,,Dhaka,,,
siddhirganj335,Gas,EGCB,1*217+118,335,335,,335,Under shut down,,Dhaka,,,
chattogram108ecpv,HFO,IPP,16*7,108,108,,13,Engine problem,,Chattogram,,,
anwara300ed,HFO,IPP,300 MW,300,300,,,Transformer O/L,,Chattogram,,,
ashuganj3,Gas,APSCL,1*150,150,135,,,Gas shortage,,Cumilla,,,
ashuganj50,Gas,APSCL,14*3.968,53,45,,15,Engine problem,,Cumilla,,,
ashuganj195apscled,Gas,IPP,20*9.73+1*16,195,195,132,,Gas shortage,,Cumilla,,,
rpcl210,Gas,IPP,4*35+1*70,210,202,47,,Gas shortage,,Mymensingh,,,
shajibazar330,Gas,PDB,3*110,330,330,,175,GT-1  under maint.,,Sylhet,,,
shahjibazar86shahjibazar,Gas,RPP ,32*2.90,86,86,,6,Engine problem,,Sylhet,,,
shahjibazar50epl,Gas,RPP,27*2.0,50,50,,10,Engine problem,,Sylhet,,,
sylhet50epl,Gas,RPP ,27*2,50,50,,15,Engine problem,,Sylhet,,,
bibiyanaiii400,Gas,PDB,400 MW,400,400,,400,Under maint.,,Sylhet,,,
baghabari71g,Gas,PDB,1*71,71,71,,71,Under maint.,,Rajshahi,,,
confidencepowerbogura1113,HFO,IPP,6*18.55,113,113,,,On test,,Rangpur,,,
ghorashal108regent,Gas,IPP,34*3.35,108,108,,18,Engine problem,,Dhaka,,,
meghnaghat100iel,HFO,NENP,12*8.9,100,100,,33,Engine problem,,Dhaka,,,
siddhirganj335,Gas,EGCB,1*217+118,335,335,15,,Gas shortage,,Dhaka,,,
gagnagar102digitalpower,HFO,IPP,12*8.924,102,102,10,,Fuel shortage,,Dhaka,,,
kodda150,HFO,BPDB-RPCL,9*17.06,149,149,19,,Fuel shortage,,Dhaka,,,
summitpowermadhabdiashulia,Gas,"SIPP,REB",3*3.67+4*8.73,80,80,,29,Engine problem,,Dhaka,,,
rupganj33summit,Gas,"SIPP,REB",4*8.73,33,33,,12,Engine problem,,Dhaka,,,
keranigonj300apr,HSD,IPP,256*1.4,300,300,,80,Engine problem,,Dhaka,,,
kanchanpurbachalpowergeneration,HFO,IPP,18.4*3,55,55,1,,,,Dhaka,,,
patenga50baraka,HFO,IPP,8*6.98,50,50,,50,Engine problem,,Chattogram,,,
karnaphulihydro12345,Hydro,PDB,2*40+3*50,230,230,116,,Low Water Level ,,Chattogram,,,
hathazari100peaking,HFO,PDB,11*8.9,98,98,75,,Fuel shortage,,Chattogram,,,
ashuganj225,Gas,APSCL,1*142+1*75,221,221,31,,Gas shortage,,Cumilla,,,
ashuganj450north,Gas,APSCL,1*360,360,360,30,,Gas shortage,,Cumilla,,,
titas50peaking,HFO,PDB,6*8.92,52,52,,52,Cable Problem,,Cumilla,,,
chandpur150,Gas,PDB,1*106+1*57,163,163,83,,Gas shortage.,,Cumilla,,,
daudkandi200btrac,HSD,IPP,154*1.4,200,200,100,,Fuel shortage,,Cumilla,,,
mymensingh200ed,HFO,IPP,9.78*21,200,200,50,,Fuel shortage,,Mymensingh,,,
fenchugonjphase2,Gas,PDB,2*35+1*35,104,90,,49,under maint.,,Sylhet,,,
fenchugonj51barakatullah,Gas,RPP ,19*2.90,51,51,46,,Gas shortage,,Sylhet,,,
hobiganj11cofidencee,Gas,"SIPP, REB",4*2.90,11,11,11,,Gas shortage,,Sylhet,,,
bibianaii341summit,Gas,IPP,1*222+1*119,341,341,21,,FGMO,,Sylhet,,,
faridpur50peaking,HFO,PDB,8*6.89,54,54,14,,Fuel shortage,,Khulna,,,
noapara100banglatrac,HSD,IPP,70*1.4,100,100,50,,Fuel shortage,,Khulna,,,
rupsha105orionrupsha,HFO,IPP,6*18.445,105,105,11,,Fuel shortage,,Khulna,,,
baghabari50peaking,HFO,PDB,6*8.9,52,52,,28,Engine problem,,Rajshahi,,,
sirajgonj2251,Gas/HSD,NWPGCL,1*150+1*75,210,210,35,,Gas shortage,,Rajshahi,,,
sirajgonj2253,Gas/HSD,NWPGCL,1*141,220,220,90,,Gas shortage,,Rajshahi,,,
santahar50peaking,HFO,PDB,6*8.7,50,50,,25,Engine problem,,Rajshahi,,,
ghorasal12,Gas,PDB,2*55,110,85,,45,Unit-2 Under maint,,Dhaka,,,
sikalbaha225,Gas/HSD,PDB,1*150+1*175,225,225,,225,Under S/D for Project work,,Chattogram,,,
shajibazar330,Gas,PDB,3*110,330,330,,180,GT-2 shut down.,,Sylhet,,,
bibiyanaiii400,Gas,PDB,400 MW,400,400,,165,Engine problem,,Sylhet,,,
noapara40khanjahanali,HFO,QRPP,5*8.5,40,40,,7,Engine problem,,Khulna,,,
bhola225,Gas,PDB,2*63+1*68,194,194,,104, GT-1 under maint.,,Barisal,,,
sirajgonj2252,Gas/HSD,NWPGCL,1*150+1*75,220,220,220,,Gas Shortage,,Rajshahi,,,
sirajgonj2253,Gas/HSD,NWPGCL,1*141,220,220,220,,Gas Shortage,,Rajshahi,,,
haripur412,Gas,EGCB,1*273+1*139,412,412,292,,GBC problem,,Dhaka,,,
haripur360hpl,Gas,IPP,1*235+1*125,360,360,0,,Gas shortage,,Dhaka,,,
meghnaghat450mpl,Gas,IPP,2*150+1*150,450,450,150,,Dirty Gas,,Dhaka,,,
keraniganj100powerpac,HFO,QRPP,8*13.45,100,100,,23,Engine problem,,Dhaka,,,
meghnaghat104opcl,HFO,IPP,18.5*6,104,104,,0,Engine problem,,Dhaka,,,
chattogram2,Gas,PDB,1*210,210,180,180,,Under maintenance.,,Chattogram,,,
karnaphulihydro12345,Hydro,PDB,2*40+3*50,230,230,72,,Low water level & Unit-3 S/D,,Chattogram,,,
sikalbaha105barakasikalbaha,HFO,IPP,105 MW,105,105,,17,Engine problem,,Chattogram,,,
ashuganj55precision,Gas,RPP ,15*4,55,55,,7,Engine problem,,Cumilla,,,
ashuganj150midland,HFO,IPP,23*7.015,150,150,,10,Engine problem,2021-08-31 00:00:00,Cumilla,,,
chandpur150,Gas,PDB,1*106+1*57,163,163,,22,Engine problem,,Cumilla,,,
jangalia33summit,Gas,"SIPP, PDB",4*8.73,33,33,,0,Engine problem,,Cumilla,,,
rpcl210,Gas,IPP,4*35+1*70,210,202,42,,Gas shortage,2021-09-01 00:00:00,Mymensingh,,,
mymensingh200ed,HFO,IPP,200,200,200,,,,2021-09-13 00:00:00,Mymensingh,,,
jamalpur115ed,HFO,IPP,115 MW,115,115,,,,2021-09-13 00:00:00,Mymensingh,,,
fenchugonj51barakatullah,Gas,RPP ,19*2.90,51,51,,26,Engine problem,,Sylhet,,,
bibiyanasouth400,Gas,PDB,400 MW,383,383,0,,,,Sylhet,,,
faridpur50peaking,HFO,PDB,8*6.89,54,54,,32,Engine problem,,Khulna,,,
bheramara410,Gas,NWPGCL,1*278+1*132,410,410,165,,Gas shortage,,Khulna,,,
rupsha105orionrupsha,HFO,IPP,6*18.445,105,105,,0,,2021-08-31 00:00:00,Khulna,,,
bhola225,Gas,PDB,2*63+1*68,194,194,,129,Machine problem.,,Barisal,,,
sirajgonj2252,Gas/HSD,NWPGCL,1*150+1*75,220,220,20,,Gas shortage,,Rajshahi,,,
sirajgonj2253,Gas/HSD,NWPGCL,1*141,220,220,5,,Gas shortage,,Rajshahi,,,
santahar50peaking,HFO,PDB,6*8.7,50,50,,30,Engine problem,15-09-2021,Rajshahi,,,
chapainawabganj100peaking,HFO,PDB,104,104,104,,12,Engine problem,,Rajshahi,,,
barapukuria1,Coal,PDB,1*125,125,85,,85,,,Rangpur,,,
barapukuria2753,Coal,PDB,1*275,274,274,274,,Under maint.,,Rangpur,,,
rangpur20g,HSD,PDB,1*20,20,20,,5,Engine problem,,Rangpur,,,
ghorasal5,Gas,PDB,1*210,210,190,,190,Macine problem,,Dhaka,,,
haripur360hpl,Gas,IPP,1*235+1*125,360,360,70,,Gas shortage,,Dhaka,,,
narshingdi22doreen,Gas,"SIPP, REB",8*2.90,22,22,,,Engine problem,,Dhaka,,,
gagnagar102digitalpower,HFO,IPP,12*8.924,102,102,54,,Fuel shortage,,Dhaka,,,
rupganj33summit,Gas,"SIPP,REB",4*8.73,33,33,,3,Engine problem,,Dhaka,,,
kodda1491summit,HFO,IPP,8*18.45+8.97,149,149,99,,Fuel shortage,,Dhaka,,,
patenga50baraka,HFO,IPP,8*6.98,50,50,17,,Fuel shortage,,Chattogram,,,
sikalbaha225,Gas/HSD,PDB,1*150+1*175,225,225,,,ST Under S/D,,Chattogram,,,
dohazarikalaish100peaking,HFO,PDB,6*17,102,102,,34,Fuel shortage,,Chattogram,,,
anwara300ed,HFO,IPP,17*17+24,300,300,,15,Engine problem,,Chattogram,,,
ashuganj225,Gas,APSCL,1*142+1*75,221,221,19,,Gas shortage,,Cumilla,,,
ashuganj420east,Gas,APSCL,284*1+116*1,400,400,0,,Gas shortage,,Cumilla,,,
titas50peaking,HFO,PDB,6*8.92,52,52,,27,Engine problem,,Cumilla,,,
feni11doreen,Gas,"SIPP, REB",4*2.90,11,11,,,Engine problem,,Cumilla,,,
mymensingh200ed,HFO,IPP,9.78*21,200,200,153,,Fuel shortage,,Mymensingh,,,
kushiara163kp,Gas,IPP,1*109+1*54,163,163,,53,ST Under maint,,Sylhet,,,
shahjahanulla25,Gas,"SIPP, REB",3*9.34,25,25,,25,Engine problem,,Sylhet,,,
bibiyanasouth400,Gas,PDB,400 MW,383,383,,163,,,Sylhet,,,
khulna115kpcl2,HFO,NENP,7*17,115,115,49,,Fuel shortage,,Khulna,,,
rupsha105orionrupsha,HFO,IPP,6*18.445,105,105,51,,Fuel shortage,,Khulna,,,
katakhali50peaking,HFO,PDB,6*8.7,50,50,,50,Engine problem,,Rajshahi,,,
sirajgonj2253,Gas/HSD,NWPGCL,1*141,220,220,,30,Gas shortage,,Rajshahi,,,
ullapara11summit,Gas,"SIPP, REB",4*2.90,11,11,,,Engine problem,,Rajshahi,,,
rangpur113confidence,HFO,IPP,9*6.984+7*7.015+3.15*2,113,113,23,,Fuel shortage,,Rangpur,,,
haripur412,Gas,EGCB,1*273+1*139,412,412,,,Gas Line problem.,,Dhaka,,,
haripur360hpl,Gas,IPP,1*235+1*125,360,360,260,,Gas shortage,,Dhaka,,,
meghnaghatsummit,Gas,IPP,2*110+1*110,305,305,,,GT-2 under maint,,Dhaka,,,
kodda1491summit,HFO,IPP,149,149,149,,0,Engine problem,,Dhaka,,,
gazipur100,HFO,RPCL,100 MW,105,105,,20,Engine problem,,Dhaka,,,
meghnaghat104opcl,HFO,IPP,18.5*6,104,104,,0,,,Dhaka,,,
sikalbaha105barakasikalbaha,HFO,IPP,105 MW,105,105,,5,Engine problem,,Chattogram,,,
chattogram108ecpv,HFO,IPP,16*7,108,108,,102,Engine problem,,Chattogram,,,
ashuganj55precision,Gas,RPP ,15*4,55,55,6,,Gas shortage,,Cumilla,,,
chandpur200deshenergy,HFO,IPP,0,200,200,,100,Engine problem,,Cumilla,,,
jamalpur95powerpac,HFO,IPP,12*8.924,95,95,,71,Engine problem,,Mymensingh,,,
fenchugonjphase1,Gas,PDB,2*32+1*33,97,70,,28,Under maint.,,Sylhet,,,
shajibazar330,Gas,PDB,3*110,330,330,,160,GT-1 Under maint,,Sylhet,,,
shahjibazarg89,Gas,PDB,2*35,70,66,,10,Engine problem,,Sylhet,,,
sylhet225,Gas,PDB,1*142+1*89,231,231,,89,,,Sylhet,,,
noapara40khanjahanali,HFO,QRPP,5*8.5,40,40,,8,Contract Expired,,Khulna,,,
amnura50sinha,HFO,QRPP,7*7.79,50,50,,8,Fuel shortage,,Rajshahi,,,
barapukuria1,Coal,PDB,1*125,125,85,85,,Under maint.,,Rangpur,,,
meghnaghatsummit,Gas,IPP,2*110+1*110,335,335,,,,,Dhaka,,,
siddhirganj335,Gas,EGCB,1*217+118,335,335,,335,Under maint,2024-09-27 00:00:00,Dhaka,,,
rupganj33summit,Gas,"SIPP,REB",4*8.73,33,33,,15,Engine problem,,Dhaka,,,
meghnaghat104opcl,HFO,IPP,18.5*6,104,104,44,,Lub Oil problem,,Dhaka,,,
juldah1003acorn,HFO,IPP,8*13.5,100,100,63,,fuel shortage.,,Chattogram,,,
anwara300ed,HFO,IPP,17*17+24,300,300,145,,Fuel shortage,,Chattogram,,,
juldah2acorn,HFO,IPP,8*13.6,100,100,,,Fuel shortage,,Chattogram,,,
sspoweri,Coal,SS Power ,2*612,1224,1224,,612,Unit-2 under maint,,Chattogram,,,
matarbari2600cpgcl,Coal,CPGCL,2*575,1150,1150,,,Coal shortage,,Chattogram,,,
ashuganj420east,Gas,APSCL,284*1+116*1,400,400,50,,FGMO,,Cumilla,,,
ashuganj55precision,Gas,QRPP,0,55,55,,,,,Cumilla,,,
ashuganj150midland,HFO,IPP,23*7.015,150,150,,25,Engine problem,,Cumilla,,,
chandpur115doreen,HFO,IPP,4*18.5+2*22.5,115,115,,25,Fuel shortag,,Cumilla,,,
rpcl210,Gas,IPP,4*35+1*70,210,202,187,,Gas shortage,,Mymensingh,,,
jamalpur115ed,HFO,IPP,9.78*12,115,115,23,,Fuel shortage,,Mymensingh,,,
tangailpallipowergen22,HFO,IPP,4*6.7,22,22,,4, Engine prblem,,Mymensingh,,,
fenchugonjphase2,Gas,PDB,2*35+1*35,104,90,,90,under maint,,Sylhet,,,
fenchugonj51barakatullah,Gas,RPP ,19*2.90,51,51,40,,Gas shortage,,Sylhet,,,
fenchuganj44energyprima,Gas,NENP,12*3.3+5*2,50,50,15,,Gas shortage,,Sylhet,,,
shahjibazarg89,Gas,PDB,2*35,70,66,5,,,,Sylhet,,,
sylhet225,Gas,PDB,1*142+1*89,231,231,,21,,,Sylhet,,,
faridpur50peaking,HFO,PDB,8*6.89,54,54,,6,Engine problem,,Khulna,,,
madhumati100,HFO,NWPGCL,6*18,105,105,5,,,,Khulna,,,
rampal1320bifpcl,Coal,NTPC&BPDB,617*2,1234,1234,,,Unit-1 under maint,,Khulna,,,
bhola225,Gas,PDB,2*63+1*68,194,194,,64,Machine problem,,Barisal,,,
edpayrapower,HFO,IPP,8*18.5+1*9.5,150,150,34,,Fuel shortage,,Barisal,,,
barapukuria1,Coal,PDB,1*125,125,85,,23,Machine problem,,Rangpur,,,
barapukuria2753,Coal,PDB,1*275,274,274,,44,,,Rangpur,,,
rangpur113confidence,HFO,IPP,9*6.984+7*7.015+3.15*2,113,113,,8,Engine problem,,Rangpur,,,
meghnaghat100iel,HFO,QRPP,12*8.9,100,100,,12,Engine problem,,Dhaka,,,
madanganj102summit,HFO,QRPP ,6*17,102,102,,,Engine problem,,Dhaka,,,
siddhirgonj2120g,Gas,EGCB, 2*105,210,210,210,,GT-2 U/M & gas shortage,,Dhaka,,,
summitpowermadhabdiashulia,Gas,"SIPP,REB",3*3.67+4*8.73,80,80,,27,Engine problem,,Dhaka,,,
karnaphulihydro12345,Hydro,PDB,2*40+3*50,230,230,,160,Low Water Level ,,Chattogram,,,
hathazari100peaking,HFO,PDB,11*8.9,98,98,,48,Engine problem,,Chattogram,,,
juldah1001acorn,HFO,QRPP,8*13.45,100,100,90,,Fuel shortage,,Chattogram,,,
juldah1003acorn,HFO,IPP,8*13.5,100,100,10,,Engine problem,,Chattogram,,,
chattogram108ecpv,HFO,IPP,16*7,108,108,,28,Engine problem,,Chattogram,,,
jodiacpower,HFO,IPP,3*18.55+1*3.6,54,54,,19,Engine problem,,Chattogram,,,
ashuganj195apscled,Gas,IPP,20*9.73+1*16,195,195,145,,Gas shortage,,Cumilla,,,
chandpur150,Gas,PDB,1*106+1*57,163,163,,13,,,Cumilla,,,
jangalia52lakdanavi,HFO,IPP,6*8.92,52,52,18,,Fuel shortage,,Cumilla,,,
mymensingh200ed,HFO,IPP,9.78*21,200,200,,13,Engine problem,,Mymensingh,,,
shajibazar330,Gas,PDB,3*110,330,330,330,,,,Sylhet,,,
fenchuganj44energyprima,Gas,RPP,12*3.3+5*2,50,50,45,,Gas shortage,,Sylhet,,,
shahjibazar86shahjibazar,Gas,RPP ,32*2.90,86,86,5,,Gas shortage,,Sylhet,,,
sylhet50epl,Gas,RPP ,27*2,50,50,,,Gas shortage,,Sylhet,,,
bheramara410,Gas,NWPGCL,1*278+1*132,410,410,150,,Gas shortage,,Khulna,,,
bhola33venture,Gas,RPP,1*34.50,40,40,,30,Machine problem,,Barisal,,,
sirajgonj2253,Gas/HSD,NWPGCL,1*141,220,220,50,,Gas shortage,,Rajshahi,,,
siddhirganj335,Gas,EGCB,1*217+118,335,335,35,,,,Dhaka,,,
kodda150,HFO,BPDB-RPCL,9*17.06,149,149,101,,,,Dhaka,,,
meghnaghat104opcl,HFO,IPP,18.5*6,104,104,52,,Fuel shortage,,Dhaka,,,
mirsharai150,Gas/HFO,BPDB-RPCL,18.5*9,163,163,163,,Fuel shortage,,Chattogram,,,
ashuganj450north,Gas,APSCL,1*360,360,360,40,,Gas shortage,,Cumilla,,,
ashuganj55precision,Gas,QRPP,0,55,0,30,,Gas shortage,,Cumilla,,,
chandpur115doreen,HFO,IPP,4*18.5+2*22.5,115,115,62,,Fuel shortage,,Cumilla,,,
rpcl210,Gas,IPP,4*35+1*70,210,202,132,,Gas shortage,,Mymensingh,,,
fenchugonjphase2,Gas,PDB,2*35+1*35,104,90,,62,Engine problem,,Sylhet,,,
shahjibazarg89,Gas,PDB,2*35,70,66,,66,Under maint.,,Sylhet,,,
shahjibazar86shahjibazar,Gas,RPP ,32*2.90,86,86,46,,Gas shortage,,Sylhet,,,
sylhet225,Gas,PDB,1*142+1*89,231,231,,103,Machine problem,,Sylhet,,,
khulna115kpcl2,HFO,NENP,7*17,115,115,67,,Fuel shortage,,Khulna,,,
bagura113confidence2,HFO,IPP,6*18.55+7.2,113,113,58,,Fuel shortage,,Rajshahi,,,
ghorasal3657,Gas,PDB,1*243+1*122,365,365,,55,Machine problem.,,Dhaka,,,
meghnaghat450mpl,Gas,IPP,2*150+1*150,450,450,200,,Gas shortage,,Dhaka,,,
madanganj55summit,HFO,(IPP),3*17.08+1*11.3,55,55,,10,Engine problem,,Dhaka,,,
keraniganj100powerpac,HFO,QRPP,8*13.45,100,100,,60,Engine problem,,Dhaka,,,
gazipur100,HFO,RPCL,100 MW,105,105,,15,engine problem,,Dhaka,,,
chattogram2,Gas,PDB,1*210,210,180,,180,Under maintenance.,,Chattogram,,,
karnaphulihydro12345,Hydro,PDB,2*40+3*50,230,230,70,,Low water level & Unit-2 S/D,,Chattogram,,,
juldah1001acorn,HFO,QRPP,8*13.45,100,100,,18,Engine problem,,Chattogram,,,
chattogram108ecpv,HFO,IPP,16*7,108,108,,20,Engine problem,,Chattogram,,,
ashuganj3,Gas,APSCL,1*150,150,135,65,,Gas shortage,,Cumilla,,,
ashuganj225,Gas,APSCL,1*142+1*75,221,221,,75,ST Under maint.,,Cumilla,,,
ashuganj50,Gas,APSCL,14*3.968,53,45,,22,Engine problem,,Cumilla,,,
chandpur150,Gas,PDB,1*106+1*57,163,163,,78,Engine problem,,Cumilla,,,
fenilankapower,HFO,IPP,7*18.415+1*9.78,114,114,,16,engine problem,,Cumilla,,,
chowmuhani113,HFO,IPP,12*9.78+2*3.1,113,113,,17,Engine problem,,Cumilla,,,
rpcl210,Gas,IPP,4*35+1*70,210,202,22,,Gas shortage,,Mymensingh,,,
mymensingh200ed,HFO,IPP,200,200,200,,20,Engine problem,,Mymensingh,,,
shajibazar330,Gas,PDB,3*110,330,330,,170,GT-2 S/D ,,Sylhet,,,
sylhet225,Gas,PDB,1*142+1*89,231,231,,231,Under maint.,,Sylhet,,,
bibiyanaiii400,Gas,PDB,400 MW,400,400,79,,Gas shortage,,Sylhet,,,
bibiyanasouth400,Gas,PDB,400 MW,383,383,63,,Gas shortage,,Sylhet,,,
bheramara410,Gas,NWPGCL,1*278+1*132,410,410,,,FGMO,,Khulna,,,
bhola225,Gas,PDB,2*63+1*68,194,194,,124,Machine problem.,,Barisal,,,
bhola95aggreko,Gas,QRPP,96*1.10,95,95,42,,Gas shortage,,Barisal,,,
amnura50sinha,HFO,QRPP,7*7.79,50,50,,23,Engine problem,,Rajshahi,,,
santahar50peaking,HFO,PDB,6*8.7,50,50,,17,Engine problem,,Rajshahi,,,
chapainawabganj100peaking,HFO,PDB,104,104,104,,10,Engine problem,,Rajshahi,,,
ghorasal12,Gas,PDB,2*55,110,85,,15,,,Dhaka,,,
ghorasalrepowered4,Gas,PDB,1*210,210,180,,,Under maint.,,Dhaka,,,
ghorashal785max,Gas,QRPP,2*40,78,78,,8,,,Dhaka,,,
siddhirgonj2120g,Gas,EGCB, 2*105,210,210,0,,,,Dhaka,,,
siddhirganj335,Gas,EGCB,1*217,217,217,,,,,Dhaka,,,
katpotti52sinha,HFO,IPP,7*7.9,51,51,,11,Engine problem,,Dhaka,,,
chattogram2,Gas,PDB,1*210,210,180,180,,Under maint.,,Chattogram,,,
karnaphulipower,HFO,IPP,110,0,0,,,RRT,,Chattogram,,,
ashuganj50,Gas,APSCL,14*3.968,53,45,,14,Engine problem,,Cumilla,,,
sylhet50epl,Gas,RPP ,27*2,50,50,,7,Engine problem,,Sylhet,,,
bibiyanaiii400,Gas,PDB,285 MW,285,285,,,Under maint.,,Sylhet,,,
bheramara360,Gas,NWPGCL,1*278+1*132,410,410,110,,Gas shortage,,Khulna,,,
madhumati100,HFO,IPP,100 MW,105,105,,5,Engine problem,,Khulna,,,
keraniganj100powerpac,HFO,QRPP,8*13.45,100,100,,89,Engine problem,,Dhaka,,,
katpotti52sinha,HFO,IPP,7*7.9,51,0,,11,Engine problem,,Dhaka,,,
karnaphulihydro12345,Hydro,PDB,2*40+3*50,230,230,,190,Low Water Level & Unit 4 & 5  U/M.,,Chattogram,,,
ashuganj450north,Gas,APSCL,1*360,360,360,140,,ST S/D due to gas shortage.,,Cumilla,,,
chandpur150,Gas,PDB,1*106+1*57,163,163,,32,Machine problem.,,Cumilla,,,
ghorashal108regent,Gas,IPP,34*3.35,108,108,23,,Gas shortage,,Dhaka,,,
haripur360hpl,Gas,IPP,1*235+1*125,360,360,30,,,,Dhaka,,,
meghnaghat100iel,HFO,NENP,12*8.9,100,100,35,,Fuel shortage,,Dhaka,,,
keraniganj100powerpac,HFO,NENP,8*13.45,100,75,20,,Fuel shortage,,Dhaka,,,
siddhirganj335,Gas,EGCB,1*217+118,335,335,,,ST Under maint.,,Dhaka,,,
kodda1491summit,HFO,IPP,8*18.45+8.97,149,149,14,,,,Dhaka,,,
manikgonj162mpgl,HFO,IPP,9*18,162,162,0,,Fuel shortage,,Dhaka,,,
chattogram1,Gas,PDB,1*210,210,180,75,,Gas shortage,,Chattogram,,,
sikalbaha105barakasikalbaha,HFO,IPP,6*17.5,105,105,54,,Fuel shortage,,Chattogram,,,
barabkunda22regent,Gas,"SIPP, PDB",8*2.90,22,22,11,,Gas shortage,,Chattogram,,,
karnaphulipower,HFO,IPP,18.415*6+6.5,110,110,55,,Fuel shortage,,Chattogram,,,
sspoweri,Coal,SS Power ,0,0,0,,,,,Chattogram,,,
ashuganj195apscled,Gas,IPP,20*9.73+1*16,195,195,55,,Gas shortae,,Cumilla,,,
ashuganj150midland,HFO,IPP,23*7.015,150,150,,5,Engine problem,,Cumilla,,,
titas50peaking,HFO,PDB,6*8.92,52,52,,27,Machine problem,,Cumilla,,,
fenilankapower,HFO,IPP,7*18.415+1*9.78,114,114,,9,Engine problem,,Cumilla,,,
chowmuhani113,HFO,IPP,12*9.78+2*3.1,113,113,35,,Fuel shortage,,Cumilla,,,
bhairob545,HFO,IPP,3*18.2,54,54,,20,Engine problem,,Cumilla,,,
jamalpur115ed,HFO,IPP,9.78*12,115,115,11,,Fuel shortage,,Mymensingh,,,
fenchuganj44energyprima,Gas,NENP,12*3.3+5*2,50,50,,10,Engine problem,,Sylhet,,,
sylhet225,Gas,PDB,1*142+1*89,231,231,,46,Machine problem,,Sylhet,,,
khulna225,HSD,NWPGCL,1*150+1*75,230,230,110,,Fuel shortage,,Khulna,,,
gopalganj100peaking,HFO,PDB,16*6.98,109,109,69,,Fuel shortage,,Khulna,,,
rupsha105orionrupsha,HFO,IPP,6*18.445,105,105,33,,Fuel shortage,,Khulna,,,
khulna330,Gas/HSD,BPDB,1*220+1*110,220,220,220,,Fuel shortage,,Khulna,,,
bholanutanbiddutbd,Gas,IPP,220,220,220,,110,GT-1 under maint,,Barisal,,,
katakhali50northern,HFO,QRPP,6*8.9,50,50,8,,Fuel shortage,,Rajshahi,,,
sirajgonj2251,Gas/HSD,NWPGCL,1*150+1*75,210,210,10,,Gas shortage,,Rajshahi,,,
santahar50peaking,HFO,PDB,6*8.7,50,50,18,,Fuel shortage,,Rajshahi,,,
chapainawabganj100peaking,HFO,PDB,12*8.924,104,104,13,,Engine problem,,Rajshahi,,,
bagura113confidence2,HFO,IPP,6*18.55+7.2,113,113,43,,Fuel shortage,,Rajshahi,,,
barapukuria2753,Coal,PDB,1*275,274,274,,94,Machine problem,,Rangpur,,,
rangpur113confidence,HFO,IPP,9*6.984+7*7.015+3.15*2,113,113,21,,Fuel shortage,,Rangpur,,,
ghorasal3657,Gas,PDB,1*243+1*122,365,365,,365,Machine problem,,Dhaka,,,
ghorashal108regent,Gas,IPP,34*3.35,108,108,,68,Engine problem,,Dhaka,,,
meghnaghat100iel,HFO,NENP,12*8.9,100,100,,8,Engine problem,,Dhaka,,,
siddhirganj100dutchbangla,HFO,NENP,12*8.9,100,100,,15,Engine problem,,Dhaka,,,
kodda3002summit,HFO,IPP,18*17.076,300,300,,7,Engine problem,,Dhaka,,,
meghnaghat104opcl,HFO,IPP,18.5*6,104,104,30,,Fuel shortage,,Dhaka,,,
hathazari100peaking,HFO,PDB,11*8.9,98,98,60,,Fuel shortage,,Chattogram,,,
juldah1001acorn,HFO,NENP,8*13.45,100,100,23,,Fuel shortage,,Chattogram,,,
jodiacpower,HFO,IPP,3*18.55+1*3.6,54,54,,,Engine problem,,Chattogram,,,
karnaphulipower,HFO,IPP,18.415*6+6.5,110,110,,5,Fuel shortage,,Chattogram,,,
ashuganj55precision,Gas,QRPP,15*4,55,55,,,Gas shortage,,Cumilla,,,
ashuganj195apscled,Gas,IPP,20*9.73+1*16,195,195,,,Gas shortage,,Cumilla,,,
ashuganj150midland,HFO,IPP,23*7.015,150,150,,70,Engine problem,,Cumilla,,,
jangalia52lakdanavi,HFO,IPP,6*8.92,52,52,9,,Engine problem,,Cumilla,,,
rpcl210,Gas,IPP,4*35+1*70,210,202,112,,Gas shortage,,Mymensingh,,,
tangail22doreen,Gas,"SIPP, PDB",8*2.90,22,22,,11,Gas shortage,,Mymensingh,,,
jamalpur115ed,HFO,IPP,9.78*12,115,115,,18,Engine problem,,Mymensingh,,,
tangailpallipowergen22,HFO,IPP,4*6.7,22,22,,16,Engine problem,,Mymensingh,,,
sylhet225,Gas,PDB,1*142+1*89,231,231,,41,Engine problem,,Sylhet,,,
faridpur50peaking,HFO,PDB,8*6.89,54,54,12,,Fuel shortage,,Khulna,,,
gopalganj100peaking,HFO,PDB,16*6.98,109,109,29,,Fuel shortage,,Khulna,,,
bheramara410,Gas,NWPGCL,1*278+1*132,410,410,260,,Gas shortage,,Khulna,,,
bhola33venture,Gas,NENP,1*34.50,40,40,,16,Engine problem,,Barisal,,,
bera70peaking,HFO,PDB,9*8.29,71,71,,53,Engine problem,,Rajshahi,,,
katakhali50peaking,HFO,PDB,6*8.7,50,50,9,,Fuel shortage,,Rajshahi,,,
santahar50peaking,HFO,PDB,6*8.7,50,50,,16,Engine problem,,Rajshahi,,,
meghnaghat450mpl,Gas,IPP,2*150+1*150,450,450,,450,Under maint.,,Dhaka,,,
meghnaghatsummit,Gas,IPP,2*110+1*110,305,305,170,,Gas shortage,,Dhaka,,,
karnaphulihydro12345,Hydro,PDB,2*40+3*50,230,230,182,,Low water level,,Chattogram,,,
ashuganj225,Gas,APSCL,1*142+1*75,221,221,41,,Gas shortage,,Cumilla,,,
ashuganj450north,Gas,APSCL,1*360,360,360,160,,Gas shortage,,Cumilla,,,
ashuganj55precision,Gas,RPP ,15*4,55,55,55,,Gas shortage,,Cumilla,,,
ashuganj150midland,HFO,IPP,23*7.015,150,150,,96,Engine Problem,,Cumilla,,,
chandpur150,Gas,PDB,1*106+1*57,163,163,,83,Engine problem,,Cumilla,,,
jamalpur95powerpac,HFO,IPP,12*8.924,95,95,,5,Engine problem,,Mymensingh,,,
fenchugonjphase1,Gas,PDB,2*32+1*33,97,70,,40,Engine problem,,Sylhet,,,
fenchugonjphase2,Gas,PDB,2*35+1*35,104,90,,,Gas shortage,,Sylhet,,,
shahjibazar86shahjibazar,Gas,RPP ,32*2.90,86,86,,13,Engine problem,,Sylhet,,,
shahjibazar100g,Gas,PDB,1*100,0,0,,100,Under maint,,Sylhet,,,
sylhet225,Gas,PDB,1*142+1*89,231,231,,46,Gas shortage,,Sylhet,,,
bibiyanasouth400,Gas,PDB,400 MW,0,0,,,On test,,Sylhet,,,
bhola33venture,Gas,RPP,1*34.50,33,33,,11,Engine problem,,Barisal,,,
payra1320,Coal,BCPCL,2*622,1244,1244,,,400 kV line maintenance,,Barisal,,,
amnura50sinha,HFO,QRPP,7*7.79,50,50,,22,Engine problem,,Rajshahi,,,
haripur360hpl,Gas,IPP,1*235+1*125,360,360,100,,Gas shortage,,Dhaka,,,
meghnaghat450mpl,Gas,IPP,2*150+1*150,450,450,450,,Dirty fuel(Gas),,Dhaka,,,
siddhirganj335,Gas,EGCB,1*217+118,335,335,,118,ST Under maint.,,Dhaka,,,
ashuganj4,Gas,APSCL,1*150,150,129,,,,,Cumilla,,,
chandpur150,Gas,PDB,1*106+1*57,163,163,,163,Under maint.,,Cumilla,,,
cumilla25summit,Gas,"SIPP, PDB",3*3.67+2*6.97,25,25,,13,Engine problem,,Cumilla,,,
rpcl210,Gas,IPP,4*35+1*70,210,202,74,,Gas shortage,,Mymensingh,,,
jamalpur95powerpac,HFO,IPP,12*8.924,95,95,,14,Engine problem,,Mymensingh,,,
fenchugonjphase1,Gas,PDB,2*32+1*33,97,70,,26,Engine problem,,Sylhet,,,
fenchugonjphase2,Gas,PDB,2*35+1*35,104,90,,48,Engine problem,,Sylhet,,,
shajibazar330,Gas,PDB,3*110,330,330,,30,Machine problem,,Sylhet,,,
shahjibazarg89,Gas,PDB,2*35,70,66,,31,GT-9 Under maint.,,Sylhet,,,
shahjibazar100g,Gas,PDB,1*100,0,0,,110,Under maint,20/04/2021,Sylhet,,,
sylhet225,Gas,PDB,1*142+1*89,231,231,,71,Machine problem,,Sylhet,,,
sylhet10desh,Gas,RPP ,6*1.95,10,10,,3,Engine problem,,Sylhet,,,
saidpur20g,HSD,PDB,1*20,20,20,,20,Under maint.,,Rangpur,,,
ghorasalrepowered4,Gas,PDB,1*210,210,180,70,,Gas shortage,,Dhaka,,,
meghnaghat100iel,HFO,NENP,12*8.9,100,100,,7,Engine problem,,Dhaka,,,
keraniganj100powerpac,HFO,QRPP,8*13.45,100,20,,44,Engine problem,,Dhaka,,,
siddhirgonj2120g,Gas,EGCB, 2*105,210,210,50,,Gas shortage,,Dhaka,,,
siddhirganj100dutchbangla,HFO,NENP,12*8.9,100,100,25,,Fuel shortage,,Dhaka,,,
gagnagar102digitalpower,HFO,IPP,12*8.924,102,102,11,,Fuel shortage,,Dhaka,,,
hathazari100peaking,HFO,PDB,11*8.9,98,98,,67,Engine problem,,Chattogram,,,
juldah1003acorn,HFO,IPP,8*13.5,100,100,37,,Fuel shortage,,Chattogram,,,
barabkunda22regent,Gas,"SIPP, PDB",8*2.90,22,22,8,,Gas shortage,,Chattogram,,,
anwara300ed,HFO,IPP,17*17+24,300,300,,18,Engine problem,,Chattogram,,,
karnaphulipower,HFO,IPP,18.415*6+6.5,110,110,59,,Fuel shortage,,Chattogram,,,
ashuganj450south,Gas,APSCL,1*360,360,360,110,,Gas shortage,,Cumilla,,,
chowmuhani113,HFO,IPP,12*9.78+2*3.1,113,113,,16,Engine problem,,Cumilla,,,
chandpur115doreen,HFO,IPP,4*18.5+2*22.5,115,115,18,,Fuel shortage,,Cumilla,,,
rpcl210,Gas,IPP,4*35+1*70,210,202,115,,Gas shortage,,Mymensingh,,,
sylhet225,Gas,PDB,1*142+1*89,231,231,,50,,,Sylhet,,,
khulna225,HSD,NWPGCL,1*150+1*75,230,230,25,,,,Khulna,,,
rampal1320bifpcl,Coal,NTPC&BPDB,660*2,617,617,241,,Coal Shortage.,,Khulna,,,
bholanutanbiddutbd,Gas,IPP,220,220,220,,110,ST Under maintenance,,Barisal,,,
sirajgonj2251,Gas/HSD,NWPGCL,1*150+1*75,210,210,,,,,Rajshahi,,,
sirajgonj2253,Gas/HSD,NWPGCL,1*141,220,220,24,,Gas shortage,,Rajshahi,,,
sirajgonj4004,Gas/HSD,SNWPGCL,1*282+1*132,414,414,27,,Gas shortage,,Rajshahi,,,
chapainawabganj100peaking,HFO,PDB,12*8.924,104,104,,24,Engine problem,,Rajshahi,,,
adanipowerjharkhanda,Coal,Import,748*1,748,748,,,,,Rajshahi,,,
barapukuria1,Coal,PDB,1*125,125,85,15,,,,Rangpur,,,
rangpur20g,HSD,PDB,1*20,20,20,4,,,,Rangpur,,,
haripur412,Gas,EGCB,1*273+1*139,412,412,62,,Gas shortage,,Dhaka,,,
haripur360hpl,Gas,IPP,1*235+1*125,360,360,180,,Gas shortage,,Dhaka,,,
meghnaghat450mpl,Gas,IPP,2*150+1*150,450,450,180,,Gas shortage,,Dhaka,,,
meghnaghatsummit,Gas,IPP,2*110+1*110,305,305,,,FGMO & GT-2 S/D due to gas shortage.,,Dhaka,,,
karnaphulihydro12345,Hydro,PDB,2*40+3*50,230,230,,151,"Low Water Level & Unit 2 & 4,5  U/M.",,Chattogram,,,
ashuganj5,Gas,APSCL,1*150,150,134,64,,Gas shortage,,Cumilla,,,
ashuganj195apscled,Gas,IPP,20*9.73+1*16,195,195,35,,Gas shortage,,Cumilla,,,
shajibazar330,Gas,PDB,3*110,330,330,,170,GT-1 S/D ,,Sylhet,,,
shahjibazarg89,Gas,PDB,2*35,70,66,,33,GT-2 S/D for gas shortage.,,Sylhet,,,
bhola225,Gas,PDB,2*63+1*68,194,194,,104,Machine problem.,,Barisal,,,
bhola95aggreko,Gas,QRPP,96*1.10,95,95,53,,Gas shortage,,Barisal,,,
amnura50sinha,HFO,QRPP,7*7.79,50,50,23,,Fuel shortage,,Rajshahi,,,
sirajgonj2251,Gas/HSD,NWPGCL,1*150+1*75,210,210,140,,Gas shortage,,Rajshahi,,,
ghorashal108regent,Gas,IPP,34*3.35,108,108,83,,Gas shortage,,Dhaka,,,
haripur412,Gas,EGCB,1*273+1*139,412,400,40,,Gas shortage,,Dhaka,,,
keraniganj100powerpac,HFO,NENP,8*13.45,100,75,50,,Fuel shortage,,Dhaka,,,
siddhirganj100dutchbangla,HFO,NENP,12*8.9,100,100,100,,Fuel shortage,,Dhaka,,,
summitpowermadhabdiashulia,Gas,"SIPP,REB",3*3.67+4*8.73,80,80,,41,Engine problem,,Dhaka,,,
kodda3002summit,HFO,IPP,18*17.076,300,300,105,,Fuel shortage,,Dhaka,,,
meghnaghatuniquepower,Gas,IPP,586,584,584,,,on test,,Dhaka,,,
hathazari100peaking,HFO,PDB,11*8.9,98,98,32,,Fuel shortage,,Chattogram,,,
dohazarikalaish100peaking,HFO,PDB,6*17,102,102,68,,Fuel shortage,,Chattogram,,,
anwara300ed,HFO,IPP,17*17+24,300,300,268,,Fuel shortage,,Chattogram,,,
sspoweri,Coal,SS Power ,2*612,1224,1224,944,,Coal Shortage.,,Chattogram,,,
ashuganj450north,Gas,APSCL,1*360,360,360,360,,Under S/D,,Cumilla,,,
ashuganj450south,Gas,APSCL,1*360,360,360,60,,FGMO,,Cumilla,,,
ashuganj420east,Gas,APSCL,284*1+116*1,400,400,80,,FGMO,,Cumilla,,,
ashuganj150midland,HFO,IPP,23*7.015,150,150,142,,Fuel shortage,,Cumilla,,,
mymensingh200ed,HFO,IPP,9.78*21,200,200,182,,Fuel shortage,,Mymensingh,,,
jamalpur115ed,HFO,IPP,9.78*12,115,115,17,,Fuel shortage,,Mymensingh,,,
fenchugonjphase2,Gas,PDB,2*35+1*35,104,90,,52,Machine problem,,Sylhet,,,
bibiyanasouth400,Gas,PDB,400 MW,383,383,,13,ST Under S/D.,,Sylhet,,,
edpayrapower,HFO,IPP,8*18.5+1*9.5,150,150,96,,Fuel shortage,,Barisal,,,
barisal307,Coal,IPP,307*1,307,307,157,,Coal Shortage.,,Barisal,,,
baghabari50peaking,HFO,PDB,6*8.9,52,52,12,,Fuel shortage,,Rajshahi,,,
barapukuria2753,Coal,PDB,1*275,274,274,,104,Coal Shortage.,,Rangpur,,,
rangpur113confidence,HFO,IPP,9*6.984+7*7.015+3.15*2,113,113,73,,Fuel shortage,,Rangpur,,,
ghorasal3657,Gas,PDB,1*243+1*122,365,365,45,,Gas shortage,,Dhaka,,,
haripur360hpl,Gas,IPP,1*235+1*125,360,360,360,,Under maint,,Dhaka,,,
keraniganj100powerpac,HFO,QRPP,8*13.45,100,100,,48,Engine problem,,Dhaka,,,
summitpowermadhabdiashulia,Gas,"SIPP,REB",3*3.67+4*8.73,80,80,,24,Engine problem,,Dhaka,,,
karnaphulihydro12345,Hydro,PDB,2*40+3*50,230,230,,184,Low Water Level ,,Chattogram,,,
ashuganj225,Gas,APSCL,1*142+1*75,221,221,,221,Under maint,,Cumilla,,,
ashuganj55precision,Gas,RPP ,15*4,55,55,4,,Gas shortage,,Cumilla,,,
ashuganj195apscled,Gas,IPP,20*9.73+1*16,195,195,65,,Gas shortage,,Cumilla,,,
chandpur150,Gas,PDB,1*106+1*57,163,163,,38,Engine problem,,Cumilla,,,
feni11doreen,Gas,"SIPP, REB",4*2.90,11,11,,6,Engine problem,,Cumilla,,,
fenchugonjphase2,Gas,PDB,2*35+1*35,104,90,,47,GT-4 under maint.,,Sylhet,,,
shajibazar330,Gas,PDB,3*110,330,330,,170,Machine problem,,Sylhet,,,
sylhet225,Gas,PDB,1*142+1*89,231,231,,54,Gas shortage,,Sylhet,,,
bholanutanbiddutbd,Gas,IPP,220,220,220,,,GT-1 under maint,,Barisal,,,
amnura50sinha,HFO,QRPP,7*7.79,50,0,,,Contact expired,,Rajshahi,,,
sirajgonj2252,Gas/HSD,NWPGCL,1*150+1*75,220,220,90,,Gas shortage,,Rajshahi,,,
sirajgonj4004,Gas/HSD,SNWPGCL,1*282+1*132,414,414,64,,Gas shortage,,Rajshahi,,,
santahar50peaking,HFO,PDB,6*8.7,50,50,,18,Engine problem,,Rajshahi,,,
haripur360hpl,Gas,IPP,1*235+1*125,360,360,10,,Gas shortage,,Dhaka,,,
narshingdi22doreen,Gas,"SIPP, REB",8*2.90,22,22,,,Machine problem,,Dhaka,,,
kanchanpurbachalpowergeneration,HFO,IPP,18.4*3,55,55,37,,Fuel shortage,,Dhaka,,,
hathazari100peaking,HFO,PDB,11*8.9,98,98,65,,Fuel shortage,,Chattogram,,,
dohazarikalaish100peaking,HFO,PDB,6*17,102,102,52,,Fuel shortage,,Chattogram,,,
ashuganj450north,Gas,APSCL,1*360,360,360,360,,S/D due to Gas shortage,,Cumilla,,,
ashuganj450south,Gas,APSCL,1*360,360,360,40,,FGMO,,Cumilla,,,
ashuganj420east,Gas,APSCL,284*1+116*1,400,400,,,On test.,,Cumilla,,,
ashuganj55precision,Gas,QRPP,15*4,55,55,50,,Gas shortae,,Cumilla,,,
ashuganj150midland,HFO,IPP,23*7.015,150,150,42,,Fuel shortage,,Cumilla,,,
chandpur150,Gas,PDB,1*106+1*57,163,163,163,,Under Maint.,,Cumilla,,,
chandpur115doreen,HFO,IPP,4*18.5+2*22.5,115,115,,63,Engine problem,,Cumilla,,,
jamalpur115ed,HFO,IPP,9.78*12,115,115,56,,Fuel shortage,,Mymensingh,,,
fenchuganj44energyprima,Gas,NENP,12*3.3+5*2,50,50,30,,Gas Shortage,,Sylhet,,,
shahjibazarg89,Gas,PDB,2*35,70,66,36,,Gas Shortage,,Sylhet,,,
sylhet50epl,Gas,NENP,27*2,50,50,39,,Gas shortage,,Sylhet,,,
bibiyanasouth400,Gas,PDB,400 MW,383,383,,123,Machine problem,,Sylhet,,,
khulna115kpcl2,HFO,NENP,7*17,115,115,,,Line O/L,,Khulna,,,
gopalganj100peaking,HFO,PDB,16*6.98,109,109,,24,Engine problem,,Khulna,,,
rupsha105orionrupsha,HFO,IPP,6*18.445,105,105,,11,Engine problem,,Khulna,,,
bhola225,Gas,PDB,2*63+1*68,194,194,,7,,,Barisal,,,
payra1320,Coal,BCPCL,2*622,1244,1244,,894,Unit-1 U/M &Rampal Test,,Barisal,,,
bogra22gbb,Gas,RPP ,6*4,22,22,,,Machine problem,,Rajshahi,,,
ghorasal12,Gas,PDB,2*55,110,85,,50,#2 Under maint.,,Dhaka,,,
chattogram1,Gas,PDB,1*210,210,180,85,,,,Chattogram,,,
chattogram2,Gas,PDB,1*210,210,180,60,,,,Chattogram,,,
sikalbahapeakinggt,Gas/HSD,PDB,1*150 ,150,150,,150,Under maintenance.,,Chattogram,,,
rpcl210,Gas,IPP,4*35+1*70,210,202,,52,GT-1 Under maint.,,Mymensingh,,,
sylhet20g,Gas,PDB,1*20,20,20,,4,Engine problem,,Sylhet,,,
ghorasal12,Gas,PDB,2*55,110,85,,85,Under maint.,,Dhaka,,,
karnaphulihydro12345,Hydro,PDB,2*40+3*50,230,230,200,,Low water level,,Chattogram,,,
chandpur150,Gas,PDB,1*106+1*57,163,163,,163,Under maint,,Cumilla,,,
shajibazar330,Gas,PDB,3*110,330,330,,120,ST Under maint.,,Sylhet,,,
shahjibazarg89,Gas,PDB,2*35,70,66,,36,GT-8 Under maint.,,Sylhet,,,
bhola225,Gas,PDB,2*63+1*68,194,194,,134,GT-2  Under maint.,,Barisal,,,
payra1320,Coal,NWPGCL,0,0,0,,,S/D for bad weather.,,Barisal,,,
sirajgonj2251,Gas/HSD,NWPGCL,1*150+1*75,210,210,210,,ST Under maint.,,Rajshahi,,,
natore52rajlanka,HFO,IPP,52,52,52,,12,Engine problem,,Rajshahi,,,
siddhirganj100dutchbangla,HFO,NENP,12*8.9,100,100,42,,Fuel shortage,,Dhaka,,,
kodda3002summit,HFO,IPP,18*17.076,300,300,,20,,,Dhaka,,,
kodda1491summit,HFO,IPP,8*18.45+8.97,149,149,,19,Engine problem,,Dhaka,,,
gazipur100,HFO,RPCL,6*17.5,105,105,51,,Fuel shortage,,Dhaka,,,
meghnaghat104opcl,HFO,IPP,18.5*6,104,104,19,,Lub Oil problem,,Dhaka,,,
meghnaghatreliance718,Gas,IPP,718,0,0,,,,,Dhaka,,,
anwara300ed,HFO,IPP,17*17+24,300,300,20,,Fuel shortage,,Chattogram,,,
sspoweri,Coal,SS Power ,2*612,1224,1224,,612,,,Chattogram,,,
ashuganj55precision,Gas,QRPP,0,55,55,35,,Gas shortage,,Cumilla,,,
chandpur150,Gas,PDB,1*106+1*57,163,163,123,,Gas shortage,,Cumilla,,,
jangalia33summit,Gas,"SIPP, PDB",4*8.73,33,0,,,Contract Expired,,Cumilla,,,
chandpur115doreen,HFO,IPP,4*18.5+2*22.5,115,115,,25,Engine problem,,Cumilla,,,
rpcl210,Gas,IPP,4*35+1*70,210,202,182,,Gas shortage,,Mymensingh,,,
jamalpur115ed,HFO,IPP,9.78*12,115,115,38,,Fuel shortage,,Mymensingh,,,
fenchugonjphase1,Gas,PDB,2*32+1*33,97,70,,32,Machine problem.,,Sylhet,,,
fenchugonjphase2,Gas,PDB,2*35+1*35,104,90,,70,Machine problem,,Sylhet,,,
shahjibazarg89,Gas,PDB,2*35,70,66,,66,GT-8 Under maint.,,Sylhet,,,
shahjibazar86shahjibazar,Gas,RPP ,32*2.90,86,86,76,,Gas shortage,,Sylhet,,,
sylhet225,Gas,PDB,1*142+1*89,231,231,,95,ST Under maint.,,Sylhet,,,
rampal1320bifpcl,Coal,NTPC&BPDB,617*2,1234,1234,634,,,,Khulna,,,
bhola225,Gas,PDB,2*63+1*68,194,194,,59,ST Under maint.,,Barisal,,,
amnura50sinha,HFO,NENP,7*7.79,50,28,,,Engine problem,,Rajshahi,,,
sirajgonj2251,Gas/HSD,NWPGCL,1*150+1*75,210,210,,210,Under maint,,Rajshahi,,,
rangpur113confidence,HFO,IPP,9*6.984+7*7.015+3.15*2,113,113,,14,Engine problem,,Rangpur,,,
ghorasalgt3,Gas,PDB,1*210,210,170,,,Under maint.,,Dhaka,,,
ghorashalregent,Gas,IPP,34*3.35,108,108,,,Gas shortage,,Dhaka,,,
siddhirgonjgt12,Gas,EGCB, 2*105,210,210,,,Gas shortage,,Dhaka,,,
summitpowermadhabdiashulia,Gas,"SIPP,REB",3*3.67+4*8.73,80,80,,30,Engine problem,,Dhaka,,,
sikalbaha225,Gas/HSD,PDB,1*150+1*175,225,225,,,Under S/D,,Chattogram,,,
ashuganjst3,Gas,APSCL,1*150,150,135,,,Gas shortage,,Cumilla,,,
ashuganjst4,Gas,APSCL,1*150,150,129,,,,,Cumilla,,,
ashuganjst5,Gas,APSCL,1*150,150,134,,,,,Cumilla,,,
ashuganj195modular,Gas,IPP,20*9.73+1*16,195,195,13,,Gas Shortage,,Cumilla,,,
sylhetgt150,Gas,PDB,1*142,142,142,,,Under Maint.,,Sylhet,,,
ghorasal5,Gas,PDB,1*210,210,190,10,,Gas shortage,,Dhaka,,,
haripur412,Gas,EGCB,1*273+1*139,412,412,32,,Gas shortage,,Dhaka,,,
meghnaghat450mpl,Gas,IPP,2*150+1*150,450,450,0,,Gas shortage,,Dhaka,,,
meghnaghat100iel,HFO,NENP,12*8.9,100,100,40,,Fuel shortage,,Dhaka,,,
meghnaghatsummit,Gas,IPP,2*110+1*110,335,335,65,,Gas shortage,,Dhaka,,,
madanganj102summit,HFO,NENP,6*17,102,102,,35,Engine problem,,Dhaka,,,
siddhirgonj2120g,Gas,EGCB, 2*105,210,210,90,,Gas shortage,,Dhaka,,,
gagnagar102digitalpower,HFO,IPP,12*8.924,102,102,38,,Fuel shortage,,Dhaka,,,
raozan25,HFO,RPCL,3*8.9,25,25,,,Fuel shortage,,Chattogram,,,
hathazari100peaking,HFO,PDB,11*8.9,98,98,,43,Engine problem,,Chattogram,,,
juldah1001acorn,HFO,NENP,8*13.45,100,100,,67,Engine problem,,Chattogram,,,
barabkunda22regent,Gas,"SIPP, PDB",8*2.90,22,22,7,,Gas shortage,,Chattogram,,,
ashuganj55precision,Gas,QRPP,15*4,55,55,5,,Gas shortage,,Cumilla,,,
feni22doreen,Gas,"SIPP, PDB",8*2.90,22,22,,1,Engine problem,,Cumilla,,,
feni11doreen,Gas,"SIPP, REB",4*2.90,11,11,,2,Engine problem,,Cumilla,,,
fenilankapower,HFO,IPP,7*18.415+1*9.78,114,114,34,,Fuel shortage,,Cumilla,,,
chandpur115doreen,HFO,IPP,4*18.5+2*22.5,115,115,43,,Fuel shortage,,Cumilla,,,
mymensingh200ed,HFO,IPP,9.78*21,200,200,85,,Fuel shortage,,Mymensingh,,,
kushiara163kp,Gas,IPP,1*109+1*54,163,163,,51,Gas shortage & ST U/M.,,Sylhet,,,
shahjibazarg89,Gas,PDB,2*35,70,66,,32,GT-8 Under maint.,,Sylhet,,,
khulna115kpcl2,HFO,NENP,7*17,115,115,,16,Engine problem,,Khulna,,,
rupsha105orionrupsha,HFO,IPP,6*18.445,105,105,49,,Fuel shortage,,Khulna,,,
madhumati100,HFO,NWPGCL,6*18,105,105,,,Line O/L,,Khulna,,,
barisal110summit,HFO,IPP,7*17.076,110,110,110,,Line O/L,,Barisal,,,
payra1320,Coal,BCPCL,2*622,1244,1244,,,Transformer and Line O/L,,Barisal,,,
baghabari50peaking,HFO,PDB,6*8.9,52,52,,22,Engine problem,,Rajshahi,,,
sirajgonj2253,Gas/HSD,NWPGCL,1*141,220,220,70,,Gas shortage,,Rajshahi,,,
sirajgonj4004,Gas/HSD,SNWPGCL,1*282+1*132,414,414,14,,Gas shortage,,Rajshahi,,,
chapainawabganj100peaking,HFO,PDB,12*8.924,104,104,,42,Enging problem,,Rajshahi,,,
bagura113confidence2,HFO,IPP,6*18.55+7.2,113,113,19,,Fuel shortage,,Rajshahi,,,
barapukuria2753,Coal,PDB,1*275,274,274,24,,Machine problem,,Rangpur,,,
ghorashal108regent,Gas,IPP,34*3.35,108,108,,40,Engine problem,,Dhaka,,,
meghnaghat450mpl,Gas,IPP,2*150+1*150,450,450,225,,Gas shortage due to dirty fuel,,Dhaka,,,
meghnaghat100iel,HFO,NENP,12*8.9,100,100,,13,Engine problem,,Dhaka,,,
meghnaghatsummit,Gas,IPP,2*110+1*110,335,335,215,,Gas shortage,,Dhaka,,,
siddhirgonj2120g,Gas,EGCB, 2*105,210,210,210,,GT-2 U/M & Gas shortage,,Dhaka,,,
kodda150,HFO,BPDB-RPCL,9*17.06,149,149,,34,Engine problem,,Dhaka,,,
kodda3002summit,HFO,IPP,18*17.076,300,300,,40,Engine problem,,Dhaka,,,
bramhangoan100aggreko,HSD,IPP,114*0.959,100,100,,15,Engine problem,,Dhaka,,,
aurahati100aggreko,HSD,IPP,0.85*23+0.95*91,100,100,,19,Engine problem,,Dhaka,,,
kodda1491summit,HFO,IPP,8*18.45+8.97,149,149,,16,Engine problem,,Dhaka,,,
karnaphulihydro12345,Hydro,PDB,2*40+3*50,230,230,,108,Low Water Level ,,Chattogram,,,
sikalbaha225,Gas/HSD,PDB,1*150+1*175,225,225,,225,S/D due to HGPI,,Chattogram,,,
juldah1001acorn,HFO,NENP,8*13.45,100,100,,80,Engine problem,,Chattogram,,,
juldah1003acorn,HFO,IPP,8*13.5,100,100,,24,Engine problem,,Chattogram,,,
chattogram108ecpv,HFO,IPP,16*7,108,108,,16,Engine problem,,Chattogram,,,
juldah2acorn,HFO,IPP,8*13.6,100,100,,20,Engine problem,,Chattogram,,,
ashuganj4,Gas,APSCL,1*150,150,0,,,Contract Expired,,Cumilla,,,
ashuganj420east,Gas,APSCL,284*1+136*1,0,0,,,On test.,,Cumilla,,,
chandpur150,Gas,PDB,1*106+1*57,163,163,,42,Machine problem.,,Cumilla,,,
cumilla25summit,Gas,"SIPP, REB",3*3.67+2*6.97,25,25,,,,,Cumilla,,,
jamalpur95powerpac,HFO,IPP,12*8.924,95,0,,8,Under maint.,,Mymensingh,,,
mymensingh200ed,HFO,IPP,9.78*21,200,200,,23,Engine problem,,Mymensingh,,,
jamalpur115ed,HFO,IPP,9.78*12,115,115,,17,Engine problem,,Mymensingh,,,
fenchugonj51barakatullah,Gas,RPP ,19*2.90,51,51,,29,Engine problem,,Sylhet,,,
fenchuganj44energyprima,Gas,NENP,12*3.3+5*2,50,50,,15,Engine problem,,Sylhet,,,
sylhet225,Gas,PDB,1*142+1*89,231,231,,111,ST under maint,,Sylhet,,,
sylhet50epl,Gas,NENP,27*2,50,50,,,,,Sylhet,,,
rupsha105orionrupsha,HFO,IPP,6*18.445,105,105,,12,Engine problem,,Khulna,,,
khulna330,Gas/HSD,BPDB,1*220+1*110,330,0,,,On test.,,Khulna,,,
barisal110summit,HFO,IPP,7*17.076,110,110,,,Rampal Transformar S/D,,Barisal,,,
bhola33venture,Gas,NENP,1*34.50,40,40,,11,Engine problem,,Barisal,,,
bhola225,Gas,PDB,2*63+1*68,194,194,109,,Gas shortage & GT-2 S/D,,Barisal,,,
katakhali50northern,HFO,QRPP,6*8.9,50,50,,25,Engine problem,,Rajshahi,,,
sirajgonj2253,Gas/HSD,NWPGCL,1*141,220,220,,,,,Rajshahi,,,
santahar50peaking,HFO,PDB,6*8.7,50,50,,13,Engine problem,,Rajshahi,,,
barapukuria2,Coal,PDB,1*125,125,85,85,,Under maint,,Rangpur,,,
rangpur113confidence,HFO,IPP,9*6.984+7*7.015+3.15*2,113,113,,15,Engine problem,,Rangpur,,,
energypacpowerventurethakurgaon,HFO,IPP,115,115,115,,18,Engine problem,,Rangpur,,,
ghorasal3657,Gas,PDB,1*243+1*122,365,365,105,,Gas shortage,,Dhaka,,,
ghorashal108regent,Gas,IPP,34*3.35,108,108,108,,Gas Shortage.,,Dhaka,,,
meghnaghat100iel,HFO,NENP,12*8.9,100,100,15,,Fuel shortage,,Dhaka,,,
meghnaghatsummit,Gas,IPP,2*110+1*110,335,335,210,,Gas shortage,,Dhaka,,,
siddhirganj100dutchbangla,HFO,NENP,12*8.9,100,100,,,Fuel shortage,,Dhaka,,,
siddhirganj335,Gas,EGCB,1*217+118,335,335,85,,Gas shortage,,Dhaka,,,
kodda150,HFO,BPDB-RPCL,9*17.06,149,149,54,,Fuel shortage,,Dhaka,,,
gazipur52,HFO,RPCL,6*8.9,52,52,,10,Engine problem,,Dhaka,,,
kodda3002summit,HFO,IPP,18*17.076,300,300,,14,Engine problem,,Dhaka,,,
keranigonj300apr,HSD,IPP,256*1.4,300,300,,120,Engine problem,,Dhaka,,,
bramhangoan100aggreko,HSD,IPP,114*0.959,100,100,,,Engine problem,,Dhaka,,,
aurahati100aggreko,HSD,IPP,0.85*23+0.95*91,100,100,,,Engine problem,,Dhaka,,,
kodda1491summit,HFO,IPP,8*18.45+8.97,149,149,,13,Engine problem,,Dhaka,,,
gazipur100,HFO,RPCL,6*17.5,105,105,,,Fuel shortage,,Dhaka,,,
meghnaghat104opcl,HFO,IPP,18.5*6,104,104,12,,Fuel shortage,,Dhaka,,,
patenga50baraka,HFO,IPP,8*6.98,50,50,,19,Engine problem,,Chattogram,,,
karnaphulihydro12345,Hydro,PDB,2*40+3*50,230,230,,86,Low Water Level ,,Chattogram,,,
hathazari100peaking,HFO,PDB,11*8.9,98,98,72,,Fuel shortage,,Chattogram,,,
juldah1003acorn,HFO,IPP,8*13.5,100,100,90,,Fuel shortage,,Chattogram,,,
barabkunda22regent,Gas,"SIPP, PDB",8*2.90,22,22,,5,Engine problem,,Chattogram,,,
chattogram108ecpv,HFO,IPP,16*7,108,108,8,,Fuel shortage,,Chattogram,,,
anwara300ed,HFO,IPP,17*17+24,300,300,248,,Fuel shortage,,Chattogram,,,
juldah2acorn,HFO,IPP,8*13.6,100,100,90,,Fuel shortage,,Chattogram,,,
ashuganj225,Gas,APSCL,1*142+1*75,221,221,,,Gas shortage,,Cumilla,,,
ashuganj450north,Gas,APSCL,1*360,360,360,,,Gas shortage,,Cumilla,,,
ashuganj50,Gas,APSCL,14*3.968,53,45,,1,Engine problem,,Cumilla,,,
chandpur200deshenergy,HFO,IPP,12*18.4,200,200,150,,Fuel shortage,,Cumilla,,,
cumilla25summit,Gas,"SIPP, REB",3*3.67+2*6.97,25,25,,11,Engine problem,,Cumilla,,,
chandpur115doreen,HFO,IPP,4*18.5+2*22.5,115,115,19,,Fuel shortage,,Cumilla,,,
tangail22doreen,Gas,"SIPP, PDB",8*2.90,22,22,,,Engine problem,,Mymensingh,,,
mymensingh200ed,HFO,IPP,9.78*21,200,200,65,,Fuel shortage,,Mymensingh,,,
fenchugonjphase2,Gas,PDB,2*35+1*35,104,90,,49,Machine problem,,Sylhet,,,
kushiara163kp,Gas,IPP,1*109+1*54,163,163,,53,ST under S/D,,Sylhet,,,
fenchugonj51barakatullah,Gas,RPP ,19*2.90,51,51,34,,,,Sylhet,,,
sylhet225,Gas,PDB,1*142+1*89,231,231,,38,Machine problem,,Sylhet,,,
sylhet20g,Gas,PDB,1*20,20,20,2,,,,Sylhet,,,
sylhet50epl,Gas,NENP,27*2,50,50,28,,Gas shortage,,Sylhet,,,
shahjahanulla25,Gas,"SIPP, REB",3*9.34,25,25,9,,,,Sylhet,,,
bibiyanaiii400,Gas,PDB,400 MW,400,400,,,Under maint,,Sylhet,,,
bheramara410,Gas,NWPGCL,1*278+1*132,410,410,180,,Gas shortage,,Khulna,,,
noapara100banglatrac,HSD,IPP,70*1.4,100,100,,7,Engine problem,,Khulna,,,
rupsha105orionrupsha,HFO,IPP,6*18.445,105,105,31,,Fuel shortage,,Khulna,,,
bhola33venture,Gas,NENP,1*34.50,40,40,,6,Engine problem,,Barisal,,,
bhola225,Gas,PDB,2*63+1*68,194,194,,,Machine problem,,Barisal,,,
sirajgonj2251,Gas/HSD,NWPGCL,1*150+1*75,210,210,4,,Gas shortage,,Rajshahi,,,
sirajgonj2253,Gas/HSD,NWPGCL,1*141,220,220,35,,Gas shortage,,Rajshahi,,,
santahar50peaking,HFO,PDB,6*8.7,50,50,,50,Under maintenance,,Rajshahi,,,
baghabari200paramount,HSD,IPP,135*1.6,200,200,,39,Engine problem,,Rajshahi,,,
rangpur113confidence,HFO,IPP,9*6.984+7*7.015+3.15*2,113,113,,21,Engine problem,,Rangpur,,,
energypacpowerventurethakurgaon,HFO,IPP,115,115,115,,45,Fuel shortage,,Rangpur,,,
intracosolar30,Solar,IPP,0,0,0,,,,,Rangpur,,,
ghorasal3657,Gas,PDB,1*243+1*122,365,365,,55,Machine problem,,Dhaka,,,
haripur412,Gas,EGCB,1*273+1*139,412,412,,132,ST Under maint.,,Dhaka,,,
meghnaghat450mpl,Gas,IPP,2*150+1*150,450,450,210,,Dirty Gas,,Dhaka,,,
katpotti52sinha,HFO,IPP,7*7.9,51,51,51,,,,Dhaka,,,
kodda3002summit,HFO,IPP,18*17.076,300,300,,15,Engine problem.,,Dhaka,,,
meghnaghat104opcl,HFO,IPP,18.5*6,104,104,,10,Engine problem,,Dhaka,,,
karnaphulihydro12345,Hydro,PDB,2*40+3*50,230,230,110,,Low water level,,Chattogram,,,
ashuganj5,Gas,APSCL,1*150,150,134,,,Gas shortage,,Cumilla,,,
chandpur150,Gas,PDB,1*106+1*57,163,163,,73,ST under maint,,Cumilla,,,
rpcl210,Gas,IPP,4*35+1*70,210,202,,82,Machine problem.,,Mymensingh,,,
shajibazar330,Gas,PDB,3*110,330,330,70,,,,Sylhet,,,
bibiyanasouth400,Gas,PDB,400 MW,383,383,,133,ST under maint,,Sylhet,,,
bheramara410,Gas,NWPGCL,1*278+1*132,410,410,90,,Gas shortage,,Khulna,,,
bhola225,Gas,PDB,2*63+1*68,194,194,,105,Machine problem.,,Barisal,,,
katakhali50peaking,HFO,PDB,6*8.7,50,50,,15,Engine problem,,Rajshahi,,,
sirajgonj2252,Gas/HSD,NWPGCL,1*150+1*75,220,220,65,,Gas shortage,,Rajshahi,,,
bagura113confidence2,HFO,IPP,113 MW,113,113,,19,Engine problem,,Rajshahi,,,
barapukuria2753,Coal,PDB,1*275,274,274,121,,Coal Shortage,,Rangpur,,,
siddhirgonj2120g,Gas,EGCB, 2*105,210,210,120,,Gas shortage,,Dhaka,,,
karnaphulihydro12345,Hydro,PDB,2*40+3*50,230,230,150,,Low water level,,Chattogram,,,
chandpur150,Gas,PDB,1*106+1*57,163,163,,163,Under S/D,,Cumilla,,,
shajibazar330,Gas,PDB,3*110,330,330,,80,Engine problem,,Sylhet,,,
bhola33venture,Gas,RPP,1*34.50,33,33,,10,Engine problem,,Barisal,,,
ghorasal5,Gas,PDB,1*210,210,190,90,,,,Dhaka,,,
meghnaghatsummit,Gas,IPP,2*110+1*110,305,305,155,,Gas shortage.,,Dhaka,,,
katpotti52sinha,HFO,IPP,7*7.9,51,51,,,Engine problem,,Dhaka,,,
karnaphulihydro12345,Hydro,PDB,2*40+3*50,230,230,144,,Low water level,,Chattogram,,,
rpcl210,Gas,IPP,4*35+1*70,210,202,27,,Gas shortage,,Mymensingh,,,
shahjibazar86shahjibazar,Gas,RPP ,32*2.90,86,86,,7,Engine problem,,Sylhet,,,
baghabari100g,Gas,PDB,1*100,100,100,,,Gas shortage,,Rajshahi,,,
ghorasal3657,Gas,PDB,1*243+1*122,365,365,145,,Gas shortage,,Dhaka,,,
haripur412,Gas,EGCB,1*273+1*139,412,412,112,,Gas shortage,,Dhaka,,,
meghnaghat450mpl,Gas,IPP,2*150+1*150,450,450,100,,Gas shortage,,Dhaka,,,
meghnaghatsummit,Gas,IPP,2*110+1*110,335,335,60,,Gas shortage,,Dhaka,,,
gazipur100,HFO,RPCL,6*17.5,100,105,,35,Engine problem,,Dhaka,,,
chandpur150,Gas,PDB,1*106+1*57,163,163,,163,"Mach. Prob, Gas shortage",,Cumilla,,,
cumilla25summit,Gas,"SIPP, PDB",3*3.67+2*6.97,25,25,,7,Engine problem,,Cumilla,,,
bhairob545,HFO,IPP,3*18.2,54,54,,,33 kV feeder fault,,Cumilla,,,
fenchugonjphase2,Gas,PDB,2*35+1*35,104,90,,90,Machine problem.,,Sylhet,,,
shajibazar330,Gas,PDB,3*110,330,330,330,,Gas shortage,,Sylhet,,,
fenchugonj51barakatullah,Gas,RPP ,19*2.90,51,51,41,,Gas shortage,,Sylhet,,,
fenchuganj44energyprima,Gas,RPP,12*3.3+5*2,50,50,47,,Gas shortage,,Sylhet,,,
gopalganj100peaking,HFO,PDB,16*6.98,109,109,,79,Engine problem,,Khulna,,,
sirajgonj2253,Gas/HSD,NWPGCL,1*141,220,220,30,,Gas shortage,,Rajshahi,,,
santahar50peaking,HFO,PDB,6*8.7,50,50,,14,Engine problem,,Rajshahi,,,
meghnaghat100iel,HFO,NENP,12*8.9,0,0,,,Engine problem,,Dhaka,,,
meghnaghatsummit,Gas,IPP,2*110+1*110,335,335,,,Low Demand due to bad weather,,Dhaka,,,
madanganj102summit,HFO,NENP,6*17,0,0,,,Engine problem,,Dhaka,,,
keraniganj100powerpac,HFO,NENP,8*13.45,100,75,60,,Fuel shortage,,Dhaka,,,
siddhirganj100dutchbangla,HFO,NENP,12*8.9,0,0,,,Engine problem,,Dhaka,,,
siddhirganj335,Gas,EGCB,1*217+118,335,335,,,Low Demand due to bad weather,,Dhaka,,,
summitpowermadhabdiashulia,Gas,"SIPP,REB",3*3.67+4*8.73,80,80,,37,Engine problem,,Dhaka,,,
gazipur100,HFO,RPCL,6*17.5,105,105,55,,Fuel shortage,,Dhaka,,,
sikalbaha225,Gas/HSD,PDB,1*150+1*75,225,225,,125,Under maint,,Chattogram,,,
hathazari100peaking,HFO,PDB,11*8.9,98,98,20,,Fuel shortage,,Chattogram,,,
juldah1001acorn,HFO,NENP,8*13.45,100,100,30,,Fuel shortage,,Chattogram,,,
barabkunda22regent,Gas,"SIPP, PDB",8*2.90,22,22,,22,,,Chattogram,,,
chattogram108ecpv,HFO,IPP,16*7,108,108,,8,Engine problem,,Chattogram,,,
juldah2acorn,HFO,IPP,8*13.6,100,100,40,,Fuel shortage,,Chattogram,,,
sspoweri,Coal,SS Power ,2*612,1224,1224,,734,Madunaghat Transformer Limitation,,Chattogram,,,
sonagazi75solarplant,Solar,EGCB,75,0,0,,,On test,,Chattogram,,,
ashuganj450north,Gas,APSCL,1*360,360,360,,360,Under maint,,Cumilla,,,
ashuganj450south,Gas,APSCL,1*360,360,360,,,Low Demand due to bad weather,,Cumilla,,,
ashuganj420east,Gas,APSCL,284*1+116*1,400,400,,,Low Demand due to bad weather,,Cumilla,,,
ashuganj50,Gas,APSCL,14*3.968,53,45,9,,,,Cumilla,,,
ashuganj51midland,Gas,IPP,6*9.34,51,51,,51,Gas shortage due to LND S/D.,,Cumilla,,,
ashuganj150midland,HFO,IPP,23*7.015,150,150,100,,Fuel shortage,,Cumilla,,,
chandpur150,Gas,PDB,1*106+1*57,163,163,,113,Machine problem,,Cumilla,,,
chandpur200deshenergy,HFO,IPP,12*18.4,200,200,45,,,,Cumilla,,,
bhairob545,HFO,IPP,3*18.2,54,54,,,,,Cumilla,,,
mymensingh200ed,HFO,IPP,9.78*21,200,200,95,,Fuel shortage,,Mymensingh,,,
jamalpur115ed,HFO,IPP,9.78*12,115,115,15,,Fuel shortage,,Mymensingh,,,
fenchugonjphase2,Gas,PDB,2*35+1*35,104,90,,30,Machine problem,,Sylhet,,,
kushiara163kp,Gas,IPP,1*109+1*54,163,163,,163,Low Demand due to bad weather,,Sylhet,,,
fenchuganj44energyprima,Gas,NENP,12*3.3+5*2,50,50,,8,Engine problem,,Sylhet,,,
sylhet225,Gas,PDB,1*142+1*89,231,231,,27,Engine problem,,Sylhet,,,
sylhet20g,Gas,PDB,1*20,20,20,,20,Under maint.,,Sylhet,,,
bholanutanbiddutbd,Gas,IPP,220,220,220,,,Low demand due to bad weather,,Barisal,,,
edpayrapower,HFO,IPP,8*18.5+1*9.5,150,150,133,,Fuel shortage.,,Barisal,,,
baghabari50peaking,HFO,PDB,6*8.9,52,52,,12,Fuel shortage,,Rajshahi,,,
katakhali50northern,HFO,QRPP,6*8.9,50,50,,,Contract Expired,,Rajshahi,,,
sirajgonj2251,Gas/HSD,NWPGCL,1*150+1*75,210,210,,210,Machine problem,,Rajshahi,,,
santahar50peaking,HFO,PDB,6*8.7,50,50,20,,Engine problem,,Rajshahi,,,
adanipowerjharkhanda,Coal,Imported power,748*2,1496,1496,,,unit-1 under maint,,Rajshahi,,,
barapukuria2753,Coal,PDB,1*275,274,274,,54,Coal Shortage.,,Rangpur,,,
meghnaghat450mpl,Gas,IPP,2*150+1*150,450,450,210,,Gas shortage,,Dhaka,,,
keraniganj100powerpac,HFO,QRPP,8*13.45,100,100,,26,Engine problem,,Dhaka,,,
kodda3002summit,HFO,IPP,18*17.076,300,300,,30,Engine problem,,Dhaka,,,
karnaphulihydro12345,Hydro,PDB,2*40+3*50,230,230,105,,Low water lavel,,Chattogram,,,
sikalbahapeakinggt,Gas/HSD,PDB,1*150 ,150,150,,30,Machine problem,,Chattogram,,,
ashuganj5,Gas,APSCL,1*150,150,134,,134,Under maint,,Cumilla,,,
ashuganj450north,Gas,APSCL,1*360,360,360,,,Under maint,,Cumilla,,,
chandpur150,Gas,PDB,1*106+1*57,163,163,,73,Machine problem,,Cumilla,,,
rpcl210,Gas,IPP,4*35+1*70,210,202,-8,,,,Mymensingh,,,
shajibazar330,Gas,PDB,3*110,330,330,,167,GT-1 Under maint,,Sylhet,,,
khulna225,HSD,NWPGCL,1*150+1*75,230,230,,70,ST not available,,Khulna,,,
bhola225,Gas,PDB,2*63+1*68,194,194,,194, Under maint,,Barisal,,,
bhola95aggreko,Gas,QRPP,96*1.10,95,95,19,,Gas shortage,,Barisal,,,
chapainawabganj100peaking,HFO,PDB,104,104,104,,9,Engine problem,,Rajshahi,,,
barapukuria1,Coal,PDB,1*125,125,85,,15,Coal Shortage,,Rangpur,,,
meghnaghat100iel,HFO,NENP,12*8.9,100,100,,20,Engine problem,,Dhaka,,,
meghnaghatsummit,Gas,IPP,2*110+1*110,335,335,35,,FGMO,,Dhaka,,,
narshingdi22doreen,Gas,"SIPP, REB",8*2.90,22,22,,5,Engine problem,,Dhaka,,,
siddhirganj100dutchbangla,HFO,NENP,12*8.9,100,100,12,,Fuel shortage,,Dhaka,,,
kodda3002summit,HFO,IPP,18*17.076,300,300,168,,Fuel shortage,,Dhaka,,,
manikgonj162mpgl,HFO,IPP,9*18,162,162,90,,Fuel shortage,,Dhaka,,,
patenga50baraka,HFO,IPP,8*6.98,50,50,10,,Fuel shortage,,Chattogram,,,
karnaphulihydro12345,Hydro,PDB,2*40+3*50,230,230,,77,Machine problem,,Chattogram,,,
anwara300ed,HFO,IPP,17*17+24,300,300,30,,Fuel shortage,,Chattogram,,,
feni22doreen,Gas,"SIPP, PDB",8*2.90,22,22,,7,Engine problem,,Cumilla,,,
mymensingh200ed,HFO,IPP,9.78*21,200,200,55,,Fuel shortage,,Mymensingh,,,
jamalpur115ed,HFO,IPP,9.78*12,115,115,10,,Fuel shortage,,Mymensingh,,,
sylhet225,Gas,PDB,1*142+1*89,231,231,,73,Machine problem,,Sylhet,,,
khulna115kpcl2,HFO,NENP,7*17,115,115,66,,Fuel shortage,,Khulna,,,
bhola33venture,Gas,NENP,1*34.50,40,40,,12,Engine problem,,Barisal,,,
baghabari50peaking,HFO,PDB,6*8.9,52,52,21,,Fuel shortage,,Rajshahi,,,
katakhali50peaking,HFO,PDB,6*8.7,50,50,,11,Engine problem,,Rajshahi,,,
adanipowerjharkhanda,Coal,Imported power,748*2,1496,1496,896,,Coal shortage,,Rajshahi,,,
meghnaghatsummit,Gas,IPP,2*110+1*110,335,335,65,,FGMO,,Dhaka,,,
gagnagar102digitalpower,HFO,IPP,12*8.924,102,102,44,,Fuel shortage,,Dhaka,,,
patenga50baraka,HFO,IPP,8*6.98,50,50,29,,Fuel shortage,,Chattogram,,,
juldah1001acorn,HFO,NENP,8*13.45,100,100,,15,Engine problem,,Chattogram,,,
titas50peaking,HFO,PDB,6*8.92,52,52,,19,Engine problem,,Cumilla,,,
jamalpur115ed,HFO,IPP,9.78*12,115,115,65,,Fuel shortage,,Mymensingh,,,
kushiara163kp,Gas,IPP,1*109+1*54,163,163,,163,Gas shortage & ST U/M.,,Sylhet,,,
faridpur50peaking,HFO,PDB,8*6.89,54,54,,7,Engine problem,,Khulna,,,
bheramara410,Gas,NWPGCL,1*278+1*132,410,410,,,DCT,,Khulna,,,
barisal110summit,HFO,IPP,7*17.076,110,110,94,,Line O/L,,Barisal,,,
bhola33venture,Gas,NENP,1*34.50,40,40,,26,Engine problem,,Barisal,,,
payra1320,Coal,BCPCL,2*622,1244,1244,,,Transformer O/L,,Barisal,,,
sirajgonj2253,Gas/HSD,NWPGCL,1*141,220,220,98,,Gas shortage,,Rajshahi,,,
sirajgonj4004,Gas/HSD,SNWPGCL,1*282+1*132,414,414,,414,Under maint,,Rajshahi,,,
chapainawabganj100peaking,HFO,PDB,12*8.924,104,104,,9,Enging problem,,Rajshahi,,,
ghorasalst12,Gas,PDB,2*55,110,85,,15,Engine problem,,Dhaka,,,
ghorasalgt4,Gas,PDB,1*210,210,180,,,,,Dhaka,,,
ghorasalst5,Gas,PDB,1*210,210,190,20,,Gas shortage,,Dhaka,,,
ghorasalst7,Gas,PDB,1*243+1*122,365,365,,365,Under maint.,28/06/2019,Dhaka,,,
ghorashal78max,Gas,QRPP,2*40,78,78,28,,Gas shortage,,Dhaka,,,
bosila108,HFO,IPP,12*8.775+1*3.5,108,108,,38,Engine problem,,Dhaka,,,
chattogramst1raozan,Gas,PDB,1*210,210,180,80,,Gas Shortage,,Chattogram,,,
kaptaihydro12345,Hydro,PDB,2*40+3*50,230,230,,160,Low water lavel,,Chattogram,,,
sikalbahaenergis,HFO,RPP ,4*12.5+2*11.9+1*3+1*1.5,51,51,,18,Engine problem,,Chattogram,,,
barakasikalbahapl,HFO,IPP,105 MW,105,105,,,,,Chattogram,,,
barabkundaregent,Gas,"SIPP, PDB",8*2.90,22,22,,,,,Chattogram,,,
kaptaisolar,Solar,PDB,7.4 MW,0,0,,,,,Chattogram,,,
anwaraed,HFO,United Group,300 MW,0,0,,,,,Chattogram,,,
ashuganjst3,Gas,APSCL,1*150,150,135,10,,Gas shortage,,Cumilla,,,
ashuganjst5,Gas,APSCL,1*150,150,134,134,,Gas shortage,,Cumilla,,,
ashuganjenginestsk,Gas,APSCL,14*3.968,53,45,,45,Gas Line problem.,,Cumilla,,,
ashuganjed53,Gas,QRPP,14*4,53,53,,,Contract expired,,Cumilla,,,
ashuganj195modular,Gas,IPP,20*9.73+1*16,195,195,187,,Gas shortage,,Cumilla,,,
ashuganjmidland51,Gas,IPP,6*9.34,51,51,,11,Engine problem,,Cumilla,,,
mymensinghrpcl210,Gas,IPP,4*35+1*70,210,202,52,,GT-1 Under maint.,,Mymensingh,,,
edjamalpurl,HFO,IPP,115 MW,115,115,,15,Engine problem,,Mymensingh,,,
kushiara163gt,Gas,IPP,1*109+1*54,163,163,,,Under S/D,29/06/2019,Sylhet,,,
summitbibiana2,Gas,IPP,1*222+1*119,341,341,,,,,Sylhet,,,
madhumatipowerplant,HFO,IPP,100 MW,105,105,,,,,Khulna,,,
bhola194,Gas,PDB,2*63+1*68,194,194,,74,ST-1 & 2 Under maint.,,Barisal,,,
baghabarigt71,Gas,PDB,1*71,71,71,,,,,Rajshahi,,,
baghabarigt100,Gas,PDB,1*100,100,100,,100,Under maint.,,Rajshahi,,,
amnura50,HFO,QRPP,7*7.79,50,50,,17,Engine problem,,Rajshahi,,,
katakhalinorthern,HFO,QRPP,6*8.9,50,50,,10,Engine problem,,Rajshahi,,,
sirajgonj4414,Gas,SNWPGCL,1*282+1*132,414,414,,,,,Rajshahi,,,
paramountbaghabari,HSD,IPP,200 MW,200,200,,,,,Rajshahi,,,
confidencebogura2cpbl,HFO,IPP,113 MW,113,113,,,,,Rajshahi,,,
barapukuria2,Coal,PDB,1*125,125,85,,,Under maint.,,Rangpur,,,
barapukuria3,Coal,PDB,1*275,274,274,,,,,Rangpur,,,
confidencerangpur,HFO,IPP,113 MW,0,0,,,,,Rangpur,,,
haripur360hpl,Gas,IPP,1*235+1*125,0,0,,,,,Dhaka,,,
gazipur100,HFO,RPCL,6*17.5,105,105,70,,Fuel shortage,,Dhaka,,,
juldah1001acorn,HFO,NENP,8*13.45,0,0,,,,,Chattogram,,,
sspoweri,Coal,SS Power ,2*612,1224,1224,,612,Unit-1 under maint,,Chattogram,,,
matarbari2600cpgcl,Coal,CPGCL,2*575,1150,1150,,,,,Chattogram,,,
ashuganj225,Gas,APSCL,1*142+1*75,221,221,,91,ST Under maint,,Cumilla,,,
ashuganj450south,Gas,APSCL,1*360,360,360,120,,Gas shortage,,Cumilla,,,
jangalia33summit,Gas,"SIPP, PDB",4*8.73,0,0,,,,,Cumilla,,,
jangalia52lakdanavi,HFO,IPP,6*8.92,52,52,,44,Engine problem,,Cumilla,,,
chowmuhani113,HFO,IPP,12*9.78+2*3.1,113,113,65,,Fuel shortage,,Cumilla,,,
bhairob545,HFO,IPP,3*18.2,54,54,,37, Engine prblem,,Mymensingh,,,
fenchugonj51barakatullah,Gas,RPP ,19*2.90,51,51,20,,Gas shortage,,Sylhet,,,
sylhet225,Gas,PDB,1*142+1*89,231,231,,96,ST under maint,,Sylhet,,,
rampal1320bifpcl,Coal,NTPC&BPDB,617*2,1234,1234,,604,Unit-1 under maint,,Khulna,,,
bhola225,Gas,PDB,2*63+1*68,194,194,,59,Machine problem,,Barisal,,,
summitpowermadhabdiashulia,Gas,"SIPP,REB",3*3.67+4*8.73,80,80,,47,Engine problem,,Dhaka,,,
sikalbaha225,Gas/HSD,PDB,1*150+1*75,225,225,60,,Gas shortage,,Chattogram,,,
sspoweri,Coal,SS Power ,2*612,1224,1224,804,,Coal Shortage.,,Chattogram,,,
ashuganj450south,Gas,APSCL,1*360,360,360,,,Under Maint.,,Cumilla,,,
titas50peaking,HFO,PDB,6*8.92,52,52,14,,Fuel shortage,,Cumilla,,,
fenilankapower,HFO,IPP,7*18.415+1*9.78,114,114,14,,,,Cumilla,,,
rpcl210,Gas,IPP,4*35+1*70,210,202,167,,Gas shortage,,Mymensingh,,,
mymensingh200ed,HFO,IPP,9.78*21,200,200,165,,Fuel shortage,,Mymensingh,,,
tangailpallipowergen22,HFO,IPP,4*6.7,22,22,,,Fuel shortage,,Mymensingh,,,
bibiyanasouth400,Gas,PDB,400 MW,383,383,,,Under maint,,Sylhet,,,
rampal1320bifpcl,Coal,NTPC&BPDB,660*2,617,617,147,,Coal Shortage.,,Khulna,,,
edpayrapower,HFO,IPP,8*18.5+1*9.5,150,150,78,,Fuel shortage,,Barisal,,,
barisal307,Coal,IPP,307*1,307,307,57,,Coal Shortage.,,Barisal,,,
siddhirganj335,Gas,EGCB,1*217+118,335,335,,117,ST under S/D,,Dhaka,,,
rupganj33summit,Gas,"SIPP,REB",4*8.73,33,33,,17,Engine problem,,Dhaka,,,
fenchugonjphase2,Gas,PDB,2*35+1*35,104,90,,90,Under maint.,,Sylhet,,,
shajibazar330,Gas,PDB,3*110,330,330,,180,GT-1 Under S/D,,Sylhet,,,
ghorasal12,Gas,PDB,2*55,110,85,,52,Unit-2 Under maint,,Dhaka,,,
meghnaghatsummit,Gas,IPP,2*110+1*110,305,305,155,,GT-1 S/D for gas shortage,,Dhaka,,,
karnaphulihydro12345,Hydro,PDB,2*40+3*50,230,230,85,,Low water level,,Chattogram,,,
chattogram108ecpv,HFO,IPP,16*7,108,108,,17,Engine problem,,Chattogram,,,
chandpur150,Gas,PDB,1*106+1*57,163,163,,66,ST under shut down,,Cumilla,,,
bhola225,Gas,PDB,2*63+1*68,194,194,,129, GT-2 & ST Under maint.,,Barisal,,,
bhola95aggreko,Gas,QRPP,96*1.10,95,95,,16,Engine problem,,Barisal,,,
haripur412,Gas,EGCB,1*273+1*139,412,412,412,,Under maint,,Dhaka,,,
haripur360hpl,Gas,IPP,1*235+1*125,360,360,,360,Under maint.,2022-03-30 00:00:00,Dhaka,,,
keraniganj100powerpac,HFO,QRPP,8*13.45,100,100,,100,Fuel shortage,,Dhaka,,,
siddhirganj335,Gas,EGCB,1*217+118,335,335,195,,Gas shortage,,Dhaka,,,
meghnaghat104opcl,HFO,IPP,18.5*6,104,104,,12,Engine problem,,Dhaka,,,
karnaphulihydro12345,Hydro,PDB,2*40+3*50,230,230,,149,Low Water Level ,,Chattogram,,,
ashuganj195apscled,Gas,IPP,20*9.73+1*16,195,195,18,,Gas shortage,,Cumilla,,,
titas50peaking,HFO,PDB,6*8.92,52,52,,11,,,Cumilla,,,
chandpur150,Gas,PDB,1*106+1*57,163,163,,73,Engine problem.,,Cumilla,,,
chandpur115doreen,HFO,IPP,115,115,115,,,,,Cumilla,,,
mymensingh200ed,HFO,IPP,200,200,200,,,Engine problem,,Mymensingh,,,
jamalpur115ed,HFO,IPP,115 MW,115,115,,7,Engine problem,,Mymensingh,,,
kushiara163kp,Gas,IPP,1*109+1*54,163,163,163,,Under Maint.,22-03-022,Sylhet,,,
sylhet225,Gas,PDB,1*142+1*89,231,231,231,,Gas shortage,,Sylhet,,,
bibiyanaiii400,Gas,PDB,400 MW,400,400,0,,Gas shortage,,Sylhet,,,
bibiyanasouth400,Gas,PDB,400 MW,383,383,118,,Gas shortage,,Sylhet,,,
bhola33venture,Gas,RPP,1*34.50,33,33,,,Engine problem,,Barisal,,,
bhola95aggreko,Gas,QRPP,96*1.10,95,95,75,,Gas shortage,,Barisal,,,
bera70peaking,HFO,PDB,9*8.29,71,71,,27,Engine problem,,Rajshahi,,,
chapainawabganj100peaking,HFO,PDB,104,104,104,,11,Engine problem,,Rajshahi,,,
ghorasal3657,Gas,PDB,1*243+1*122,365,365,,185,ST Under maint,,Dhaka,,,
meghnaghat450mpl,Gas,IPP,2*150+1*150,450,450,,225,GT-1 Under maint.,2021-10-02 00:00:00,Dhaka,,,
ashuganj50,Gas,APSCL,14*3.968,53,45,25,,Gas shortage,,Cumilla,,,
chandpur150,Gas,PDB,1*106+1*57,163,163,,83, Gas shortage & ST under maint.,,Cumilla,,,
cumilla25summit,Gas,"SIPP, PDB",3*3.67+2*6.97,25,25,,6,Engine problem,,Cumilla,,,
rpcl210,Gas,IPP,4*35+1*70,210,202,57,,Gas shortage,,Mymensingh,,,
fenchugonjphase2,Gas,PDB,2*35+1*35,104,90,,58,Engine problem,,Sylhet,,,
shajibazar330,Gas,PDB,3*110,330,330,,195,GT-2 under maint.,,Sylhet,,,
shahjibazar86shahjibazar,Gas,RPP ,32*2.90,86,86,,14,Engine problem,,Sylhet,,,
sylhet225,Gas,PDB,1*142+1*89,231,231,,95,,,Sylhet,,,
keraniganj100powerpac,HFO,NENP,8*13.45,100,75,41,,Fuel shortage,,Dhaka,,,
gagnagar102digitalpower,HFO,IPP,12*8.924,102,102,,60,Engine problem,,Dhaka,,,
patenga50baraka,HFO,IPP,8*6.98,50,50,44,,Fuel shortage,,Chattogram,,,
ashuganj225,Gas,APSCL,1*142+1*75,221,221,,68,Under maint.,,Cumilla,,,
ashuganj420east,Gas,APSCL,284*1+116*1,400,400,75,,Gas shortage,,Cumilla,,,
ashuganj55precision,Gas,QRPP,0,55,55,,,Gas shortage,,Cumilla,,,
feni22doreen,Gas,"SIPP, PDB",8*2.90,22,22,,22,Engine problem,,Cumilla,,,
cumilla25summit,Gas,"SIPP, REB",3*3.67+2*6.97,25,25,,14,Engine problem,,Cumilla,,,
shahjibazarg89,Gas,PDB,2*35,70,66,,38,GT-9 Under maint.,,Sylhet,,,
rampal1320bifpcl,Coal,NTPC&BPDB,660*2,617,617,267,,Coal Shortage.,,Khulna,,,
bhola225,Gas,PDB,2*63+1*68,194,194,,134,"ST, GT-2 Under maint.",,Barisal,,,
barisal307,Coal,IPP,307*1,307,307,107,,Coal Shortage.,,Barisal,,,
baghabari50peaking,HFO,PDB,6*8.9,52,52,27,,Fuel shortage,,Rajshahi,,,
sirajgonj2253,Gas/HSD,NWPGCL,1*141,220,220,45,,Gas shortage,,Rajshahi,,,
meghnaghat100iel,HFO,NENP,12*8.9,100,100,26,,Fuel shortage,,Dhaka,,,
keraniganj100powerpac,HFO,NENP,8*13.45,100,75,,,Fuel shortage,,Dhaka,,,
siddhirgonj2120g,Gas,EGCB, 2*105,210,210,,,Gas shortage,,Dhaka,,,
kamalaghat54bancoenergy,HFO,IPP,3*18,54,54,0,,Fuel shortage,,Dhaka,,,
aurahati100aggreko,HSD,IPP,0.85*23+0.95*91,100,100,,,Contract Expired,,Dhaka,,,
kodda1491summit,HFO,IPP,8*18.45+8.97,149,149,,,Engine problem,,Dhaka,,,
meghnaghat104opcl,HFO,IPP,18.5*6,104,104,50,,Fuel shortage,,Dhaka,,,
dohazarikalaish100peaking,HFO,PDB,6*17,102,102,69,,Fuel shortage,,Chattogram,,,
juldah1001acorn,HFO,NENP,8*13.45,100,100,20,,Fuel shortage,,Chattogram,,,
juldah2acorn,HFO,IPP,8*13.6,100,100,25,,Fuel shortage,,Chattogram,,,
ashuganj225,Gas,APSCL,1*142+1*75,221,221,11,,,,Cumilla,,,
ashuganj420east,Gas,APSCL,284*1+116*1,400,400,50,,,,Cumilla,,,
ashuganj195apscled,Gas,IPP,20*9.73+1*16,195,195,112,,Gas shortage,,Cumilla,,,
titas50peaking,HFO,PDB,6*8.92,52,52,,7,Machine problem,,Cumilla,,,
jangalia52lakdanavi,HFO,IPP,6*8.92,52,52,10,,Fuel shortage,,Cumilla,,,
chowmuhani113,HFO,IPP,12*9.78+2*3.1,113,113,37,,Fuel shortage,,Cumilla,,,
mymensingh200ed,HFO,IPP,9.78*21,200,200,112,,Fuel shortage,,Mymensingh,,,
fenchugonjphase2,Gas,PDB,2*35+1*35,104,90,,51,Machine problem,,Sylhet,,,
sylhet225,Gas,PDB,1*142+1*89,231,231,,27,,,Sylhet,,,
khulna115kpcl2,HFO,NENP,7*17,115,115,,20,Engine problem,,Khulna,,,
faridpur50peaking,HFO,PDB,8*6.89,54,54,,21,Engine problem,,Khulna,,,
khulna225,HSD,NWPGCL,1*150+1*75,230,230,,,Fuel conservation,,Khulna,,,
bheramara410,Gas,NWPGCL,1*278+1*132,410,410,295,,Gas shortage,,Khulna,,,
madhumati100,HFO,NWPGCL,6*18,105,105,37,,Fuel shortage,,Khulna,,,
khulna330,Gas/HSD,BPDB,1*220+1*110,220,220,,,On test.,,Khulna,,,
rampal1320bifpcl,Coal,NTPC&BPDB,660*2,617,617,,237,Unit-2 Under maint,,Khulna,,,
barisal110summit,HFO,IPP,7*17.076,110,110,10,,Fuel shortage,,Barisal,,,
bhola33venture,Gas,NENP,1*34.50,40,40,,13,,,Barisal,,,
payra1320,Coal,BCPCL,2*622,1244,1244,,622,Unit-2 Under maint,,Barisal,,,
barisal307,Coal,IPP,307*1,307,307,307,,Coal Shortage.,,Barisal,,,
amnura50sinha,HFO,NENP,7*7.79,50,28,28,,Fuel shortage,,Rajshahi,,,
katakhali50peaking,HFO,PDB,6*8.7,50,50,,23,Engine problem,,Rajshahi,,,
sirajgonj2252,Gas/HSD,NWPGCL,1*150+1*75,220,220,88,,Gas shortage,,Rajshahi,,,
sirajgonj2253,Gas/HSD,NWPGCL,1*141,220,220,91,,Gas shortage,,Rajshahi,,,
bogra22gbb,Gas,RPP ,6*4,22,22,,,Contract Expired,,Rajshahi,,,
keraniganj100powerpac,HFO,QRPP,8*13.45,100,100,,50,Engine problem,,Dhaka,,,
siddhirganj335,Gas,EGCB,1*217+118,335,335,0,,,,Dhaka,,,
karnaphulihydro12345,Hydro,PDB,2*40+3*50,230,230,65,,Unit 2 & 5 under maint.,,Chattogram,,,
chandpur150,Gas,PDB,1*106+1*57,163,163,,25,Engine problem,,Cumilla,,,
jamalpur95powerpac,HFO,IPP,12*8.924,95,8,,,Engine problem,,Mymensingh,,,
shajibazar330,Gas,PDB,3*110,330,330,,220,GT-2 S/D ,,Sylhet,,,
bibiyanaiii400,Gas,PDB,400 MW,400,400,76,,Gas shortage,,Sylhet,,,
bhola95aggreko,Gas,QRPP,96*1.10,95,95,33,,Gas shortage,,Barisal,,,
ghorasal3657,Gas,PDB,1*243+1*122,365,365,,75,,,Dhaka,,,
siddhirganj335,Gas,EGCB,1*217+118,335,335,,335,"Gas shortage, ST Under maint.",,Dhaka,,,
karnaphulihydro12345,Hydro,PDB,2*40+3*50,230,230,,144,"Low Water Level & Unit 2 & 4,5  U/M.",,Chattogram,,,
ashuganj5,Gas,APSCL,1*150,150,134,,,,,Cumilla,,,
ashuganj450north,Gas,APSCL,1*360,360,360,,100,ST Under maint.,,Cumilla,,,
ashuganj450south,Gas,APSCL,1*360,360,360,,,Under maint,,Cumilla,,,
rpcl210,Gas,IPP,4*35+1*70,210,202,-8,,Gas shortage,,Mymensingh,,,
fenchugonjphase2,Gas,PDB,2*35+1*35,104,90,,46,Machine problem.,,Sylhet,,,
shahjibazar100g,Gas,PDB,1*100,100,100,,30,Engine prolem,,Sylhet,,,
bheramara410,Gas,NWPGCL,1*278+1*132,410,410,0,,,,Khulna,,,
bhola95aggreko,Gas,QRPP,96*1.10,95,95,43,,Gas shortage,,Barisal,,,
barapukuria2753,Coal,PDB,1*275,274,274,104,,Coal shortage,,Rangpur,,,
meghnaghat450mpl,Gas,IPP,2*150+1*150,450,450,450,,Gas shortage,2024-12-24 00:00:00,Dhaka,,,
gazipur52,HFO,RPCL,6*8.9,52,52,18,,Fuel shoratage,,Dhaka,,,
kanchanpurbachalpowergeneration,HFO,IPP,18.4*3,55,55,17,,Fuel shortage,,Dhaka,,,
hathazari100peaking,HFO,PDB,11*8.9,98,98,,23,Engine problem,,Chattogram,,,
sspoweri,Coal,IPP,2*612,1224,1224,612,,Coal shortage,,Chattogram,,,
rpcl210,Gas,IPP,4*35+1*70,210,202,202,,Gas shortage,,Mymensingh,,,
fenchuganj44energyprima,Gas,NENP,12*3.3+5*2,50,50,16,,Gas shortage,,Sylhet,,,
shahjibazarg89,Gas,PDB,2*35,70,66,8,,Gas shortage,,Sylhet,,,
shahjibazar86shahjibazar,Gas,RPP ,32*2.90,86,86,44,,Gas shortage,,Sylhet,,,
rampal1320bifpcl,Coal,NTPC&BPDB,617*2,1234,1234,,617,Unit-2 Under maint.,,Khulna,,,
bhola225,Gas,PDB,2*63+1*68,194,194,,126,Machine problem,,Barisal,,,
sirajgonj2252,Gas/HSD,NWPGCL,1*150+1*75,220,220,30,,Gas shortage,,Rajshahi,,,
sirajgonj4004,Gas/HSD,"IPP, SNWPGCL",1*282+1*132,414,414,,414,Under maint,2025-01-31 00:00:00,Rajshahi,,,
natore52rajlanka,HFO,IPP,6*8.92,52,52,,9,Engine problem,,Rajshahi,,,
ghorashal108regent,Gas,IPP,34*3.35,108,108,,11,Engine problem,,Dhaka,,,
meghnaghat450mpl,Gas,IPP,2*150+1*150,450,450,235,,Gas shortage,,Dhaka,,,
meghnaghat100iel,HFO,NENP,12*8.9,100,100,20,,Fuel shortage,,Dhaka,,,
meghnaghatsummit,Gas,IPP,2*110+1*110,335,335,,335,Machine problem,,Dhaka,,,
siddhirganj335,Gas,EGCB,1*217+118,335,335,,115,ST under maint,,Dhaka,,,
gagnagar102digitalpower,HFO,IPP,12*8.924,102,102,38,,Engine problem,,Dhaka,,,
keranigonj300apr,HSD,IPP,256*1.4,300,300,,30,Engine problem,,Dhaka,,,
bramhangoan100aggreko,HSD,IPP,114*0.959,100,100,50,,Fuel shortage,,Dhaka,,,
aurahati100aggreko,HSD,IPP,0.85*23+0.95*91,100,100,,5,Engine problem,,Dhaka,,,
kodda1491summit,HFO,IPP,8*18.45+8.97,149,149,,5,Engine problem,,Dhaka,,,
karnaphulihydro12345,Hydro,PDB,2*40+3*50,230,230,83,,Low Water Level ,,Chattogram,,,
hathazari100peaking,HFO,PDB,11*8.9,98,98,78,,Fuel shortage,,Chattogram,,,
ashuganj225,Gas,APSCL,1*142+1*75,221,221,141,,Gas shortage,,Cumilla,,,
ashuganj450south,Gas,APSCL,1*360,360,360,220,,Gas shortage,,Cumilla,,,
ashuganj55precision,Gas,QRPP,15*4,55,55,5,,,,Cumilla,,,
titas50peaking,HFO,PDB,6*8.92,52,52,,8,Cable Problem,,Cumilla,,,
mymensingh200ed,HFO,IPP,9.78*21,200,200,40,,Fuel shortage,,Mymensingh,,,
jamalpur115ed,HFO,IPP,9.78*12,115,115,,31,Engine problem,,Mymensingh,,,
fenchuganj44energyprima,Gas,NENP,12*3.3+5*2,50,50,10,,,,Sylhet,,,
sylhet50epl,Gas,NENP,27*2,50,50,30,,Gas shortage,,Sylhet,,,
faridpur50peaking,HFO,PDB,8*6.89,54,54,22,,Fuel shortage,,Khulna,,,
khulna225,HSD,NWPGCL,1*150+1*75,230,230,10,,,,Khulna,,,
bheramara410,Gas,NWPGCL,1*278+1*132,410,410,190,,Gas shortage,,Khulna,,,
noapara100banglatrac,HSD,IPP,70*1.4,100,100,,6,Engine problem,,Khulna,,,
madhumati100,HFO,NWPGCL,6*18,105,105,90,,Fuel shortage,,Khulna,,,
bhola225,Gas,PDB,2*63+1*68,194,194,,144,Machine problem,,Barisal,,,
katakhali50peaking,HFO,PDB,6*8.7,50,50,26,,Fuel shortage,,Rajshahi,,,
sirajgonj4004,Gas/HSD,SNWPGCL,1*282+1*132,414,414,84,,Gas shortage,,Rajshahi,,,
baghabari200paramount,HSD,IPP,135*1.6,200,200,,25,Engine problem,,Rajshahi,,,
barapukuria2753,Coal,PDB,1*275,274,274,,274,Under maint,,Rangpur,,,
ghorasal12,Gas,PDB,2*55,110,85,,,,,Dhaka,,,
ghorasalrepowered4,Gas,PDB,1*210,210,180,,,Under S/D,,Dhaka,,,
ghorasal3657,Gas,PDB,1*243+1*122,365,365,55,,Gas shortage,,Dhaka,,,
ghorashal785max,Gas,QRPP,2*40,78,78,,78,Gas shortage,,Dhaka,,,
ghorashal108regent,Gas,IPP,34*3.35,108,108,,108,Gas shortage,,Dhaka,,,
siddhirganj335,Gas,EGCB,1*217,217,217,,335,Machine problem,,Dhaka,,,
katpotti52sinha,HFO,IPP,7*7.9,51,51,,5,Engine problem,,Dhaka,,,
sikalbaha51energis,HFO,RPP ,4*12.5+2*11.9+1*3+1*1.5,0,0,,,Contract expired,,Chattogram,,,
ashuganj50,Gas,APSCL,14*3.968,53,45,,12,Engine problem,,Cumilla,,,
shajibazar330,Gas,PDB,3*110,330,330,,,FGMO,,Sylhet,,,
shahjibazar50epl,Gas,RPP,27*2.0,50,50,,,,,Sylhet,,,
bhola225,Gas,PDB,2*63+1*68,194,194,,126,GT-2 & STG under maint.,,Barisal,,,
bogura20energyprima,Gas,RPP ,5*3.3+5*2,20,10,,,Engine problem,,Rajshahi,,,
ghorasalrepowered3,Gas,PDB,1*210,210,170,170,,Under maint.,,Dhaka,,,
ghorasalrepowered4,Gas,PDB,1*210,210,180,80,,Gas shortage,,Dhaka,,,
ghorashal108regent,Gas,IPP,34*3.35,108,108,58,,Gas shortage,,Dhaka,,,
chandpur150,Gas,PDB,1*106+1*57,163,163,,72,Gas shortage,,Cumilla,,,
feni22doreen,Gas,"SIPP, PDB",8*2.90,22,22,,3,Engine problem,,Cumilla,,,
shajibazar330,Gas,PDB,3*110,330,330,330,,Under maint,,Sylhet,,,
shahjibazar86shahjibazar,Gas,RPP ,32*2.90,86,86,,16,Engine problem,,Sylhet,,,
bheramara410,Gas,NWPGCL,1*278+1*132,410,410,85,,Gas shortage,,Khulna,,,
bhola95aggreko,Gas,QRPP,96*1.10,95,95,34,,Gas shortage,,Barisal,,,
ghorasalrepowered4,Gas,PDB,1*210,210,180,30,,Gas shortage,,Dhaka,,,
siddhirganj100dutchbangla,HFO,NENP,12*8.9,100,100,,30,Engine problem,,Dhaka,,,
kodda150,HFO,BPDB-RPCL,9*17.06,149,149,49,,Fuel shortage,,Dhaka,,,
kodda3002summit,HFO,IPP,18*17.076,300,300,102,,Fuel shortage,,Dhaka,,,
juldah1001acorn,HFO,NENP,8*13.45,100,100,65,,Fuel shortage,,Chattogram,,,
mirsharai150,Gas/HFO,BPDB-RPCL,18.5*9,163,163,20,,Fuel shortage,,Chattogram,,,
ashuganj420east,Gas,APSCL,284*1+116*1,400,400,170,,Gas shortage,,Cumilla,,,
ashuganj150midland,HFO,IPP,23*7.015,150,150,120,,Fuel shortage,,Cumilla,,,
chandpur200deshenergy,HFO,IPP,12*18.4,200,200,115,,Fuel shortage,,Cumilla,,,
jangalia52lakdanavi,HFO,IPP,6*8.92,52,52,9,,Fuel shortage,,Cumilla,,,
cumilla25summit,Gas,"SIPP, REB",3*3.67+2*6.97,25,25,,6,Engine problem,,Cumilla,,,
chowmuhani113,HFO,IPP,12*9.78+2*3.1,113,113,83,,Fuel shortage,,Cumilla,,,
mymensingh200ed,HFO,IPP,9.78*21,200,200,35,,Fuel shortage,,Mymensingh,,,
shahjibazarg89,Gas,PDB,2*35,70,66,,6,,,Sylhet,,,
sylhet225,Gas,PDB,1*142+1*89,231,231,,118,Machine problem,,Sylhet,,,
bibiyanaiii400,Gas,PDB,285*1+134*1,400,400,,30,,,Sylhet,,,
khulna115kpcl2,HFO,NENP,7*17,115,115,,99,Engine problem,,Khulna,,,
gopalganj100peaking,HFO,PDB,16*6.98,109,109,57,,Fuel shortage,,Khulna,,,
rampal1320bifpcl,Coal,NTPC&BPDB,660*2,617,617,117,,Coal shortage,,Khulna,,,
santahar50peaking,HFO,PDB,6*8.7,50,50,26,,Fuel shortage,,Rajshahi,,,
chapainawabganj100peaking,HFO,PDB,12*8.924,104,104,12,,Fuel shortage,,Rajshahi,,,
adanipowerjharkhanda,0,Imported power,748*2,1496,1496,,,,,Rajshahi,,,
energypacpowerventurethakurgaon,HFO,IPP,115,115,115,,,Fuel shortage,,Rangpur,,,
meghnaghatsummit,Gas,IPP,2*110+1*110,305,305,,155,"FGMO, Machine problem",,Dhaka,,,
karnaphulihydro12345,Hydro,PDB,2*40+3*50,230,230,130,,Unit 2  under maint.,,Chattogram,,,
ashuganj3,Gas,APSCL,1*150,150,135,45,,Gas shortage,,Cumilla,,,
ashuganj150midland,HFO,IPP,23*7.015,150,150,,18,Engine problem,,Cumilla,,,
chandpur150,Gas,PDB,1*106+1*57,163,163,,26,Engine problem,,Cumilla,,,
shajibazar330,Gas,PDB,3*110,330,330,,200,GT-2 S/D ,,Sylhet,,,
bhola225,Gas,PDB,2*63+1*68,194,194,,102,Machine problem.,,Barisal,,,
sirajgonj2252,Gas/HSD,NWPGCL,1*150+1*75,220,220,,220,Under maint,,Rajshahi,,,
meghnaghatsummit,Gas,IPP,2*110+1*110,335,335,55,,FGMO,,Dhaka,,,
madanganj102summit,HFO,NENP,6*17,102,102,,12,Engine problem,,Dhaka,,,
hathazari100peaking,HFO,PDB,11*8.9,98,98,,50,Engine problem,,Chattogram,,,
dohazarikalaish100peaking,HFO,PDB,6*17,102,102,,37,Engine problem,,Chattogram,,,
juldah1001acorn,HFO,NENP,8*13.45,100,100,,34,Engine problem,,Chattogram,,,
anwara300ed,HFO,IPP,17*17+24,300,300,0,,,,Chattogram,,,
jodiacpower,HFO,IPP,3*18.55+1*3.6,54,54,0,,,,Chattogram,,,
ashuganj450south,Gas,APSCL,1*360,360,360,,360,Gas shortage,,Cumilla,,,
ashuganj420east,Gas,APSCL,284*1+116*1,400,400,,400,,,Cumilla,,,
ashuganj150midland,HFO,IPP,23*7.015,150,150,,15,,,Cumilla,,,
chandpur115doreen,HFO,IPP,4*18.5+2*22.5,115,115,21,,,,Cumilla,,,
rpcl210,Gas,IPP,4*35+1*70,210,202,96,,Gas shortage,,Mymensingh,,,
jamalpur115ed,HFO,IPP,9.78*12,115,115,,5,Engine problem,,Mymensingh,,,
tangailpallipowergen22,HFO,IPP,4*6.7,22,22,,4,Engine problem,,Mymensingh,,,
fenchugonjphase2,Gas,PDB,2*35+1*35,104,90,,59,Machine problem,,Sylhet,,,
sylhet225,Gas,PDB,1*142+1*89,231,231,,69,,,Sylhet,,,
faridpur50peaking,HFO,PDB,8*6.89,54,54,,4,Engine problem,,Khulna,,,
rampal1320bifpcl,Coal,NTPC&BPDB,660*2,617,617,,,Under maintenance,,Khulna,,,
chapainawabganj100peaking,HFO,PDB,12*8.924,104,104,,4,Enging problem,,Rajshahi,,,
rangpur113confidence,HFO,IPP,9*6.984+7*7.015+3.15*2,113,113,18,,Fuel shortage,,Rangpur,,,
ghorasal12,Gas,PDB,2*55,110,85,,50,# 2-Under maint,,Dhaka,,,
ghorasal3657,Gas,PDB,1*243+1*122,365,365,,5,Gas shortage,,Dhaka,,,
ghorashal785max,Gas,QRPP,2*40,78,78,,,Gas shortage,,Dhaka,,,
karnaphulihydro12345,Hydro,PDB,2*40+3*50,230,230,124,,Low water level,,Chattogram,,,
ashuganj50,Gas,APSCL,14*3.968,53,45,5,,Gas Shortage,,Cumilla,,,
ashuganj55precision,Gas,RPP ,15*4,55,55,35,,Gas shortage,,Cumilla,,,
ashuganj195apscled,Gas,IPP,20*9.73+1*16,195,195,130,,Gas shortage,,Cumilla,,,
shajibazar330,Gas,PDB,3*110,330,330,,79,Engine problem,,Sylhet,,,
shahjibazar50epl,Gas,RPP,27*2.0,0,0,,,Contact expired,,Sylhet,,,
barisalg12,HSD,PDB,2*20,0,0,,,,,Barisal,,,
bhola225,Gas,PDB,2*63+1*68,194,194,,104, GT-2 & ST Under maint.,,Barisal,,,
baghabari71g,Gas,PDB,1*71,71,71,71,,,,Rajshahi,,,
ghorasalst12,Gas,PDB,2*55,110,85,,15,,,Dhaka,,,
ghorasalgt3,Gas,PDB,1*210,210,170,,,,,Dhaka,,,
ghorasalgt4,Gas,PDB,1*210,210,180,,,Under maint,,Dhaka,,,
ghorashal78max,Gas,QRPP,2*40,78,78,8,,,,Dhaka,,,
haripurnepc110,HFO,IPP,8*15,110,110,,,Contract expired,,Dhaka,,,
siddhirgonjgt12,Gas,EGCB, 2*105,210,210,120,,Gas shortage,,Dhaka,,,
kaptaihydro12345,Hydro,PDB,2*40+3*50,230,230,,155,Low water lavel,,Chattogram,,,
ashuganjst3,Gas,APSCL,1*150,150,135,10,,,,Cumilla,,,
ashuganj195modular,Gas,IPP,20*9.73+1*16,195,195,5,,Gas shortage,,Cumilla,,,
mymensinghrpcl210,Gas,IPP,4*35+1*70,210,202,,52,GT-1 Under maint.,,Mymensingh,,,
katakhalinorthern,HFO,QRPP,6*8.9,50,50,,7,Engine problem,,Rajshahi,,,
ghorasal12,Gas,PDB,2*55,110,85,,57,Unit-2 Under maint,,Dhaka,,,
kodda1491summit,HFO,IPP,149,149,149,,18,Engine problem,,Dhaka,,,
karnaphulihydro12345,Hydro,PDB,2*40+3*50,230,230,76,,Low water level,,Chattogram,,,
sikalbaha225,Gas/HSD,PDB,1*150+1*175,225,225,60,,Gas shortage,,Chattogram,,,
sikalbahapeakinggt,Gas/HSD,PDB,1*150 ,150,150,50,,Gas shortage,,Chattogram,,,
chandpur150,Gas,PDB,1*106+1*57,163,163,,67,ST under shut down,,Cumilla,,,
chowmuhani113,HFO,IPP,12*9.78+2*3.1,113,113,53,,Fuel shortage.,,Cumilla,,,
rpcl210,Gas,IPP,4*35+1*70,210,202,45,,Gas shortage,,Mymensingh,,,
jamalpur95powerpac,HFO,IPP,12*8.924,95,95,,23,Engine problem,,Mymensingh,,,
sylhet225,Gas,PDB,1*142+1*89,231,231,,151,Engine problem,,Sylhet,,,
bhola225,Gas,PDB,2*63+1*68,194,194,,105, GT-2 & ST Under maint.,,Barisal,,,
bhola95aggreko,Gas,QRPP,96*1.10,95,95,,19,Engine problem,,Barisal,,,
ghorashal785max,Gas,QRPP,2*40,0,0,,,,,Dhaka,,,
rupganj33summit,Gas,"SIPP,REB",4*8.73,33,33,,13,Engine problem,,Dhaka,,,
bramhangoan100aggreko,HSD,IPP,114*0.959,0,0,,,,,Dhaka,,,
aurahati100aggreko,HSD,IPP,0.85*23+0.95*91,0,0,,,,,Dhaka,,,
gazipur100,HFO,RPCL,6*17.5,105,105,,15,Engine problem,,Dhaka,,,
meghnaghat104opcl,HFO,IPP,18.5*6,104,104,54,,Fuel shortage,,Dhaka,,,
karnaphulihydro12345,Hydro,PDB,2*40+3*50,230,230,,63,Unit-1 Under maint.,,Chattogram,,,
hathazari100peaking,HFO,PDB,11*8.9,98,98,,27,Engine problem,,Chattogram,,,
chattogram108ecpv,HFO,IPP,16*7,108,108,63,,Fuel shortage,,Chattogram,,,
juldah2acorn,HFO,IPP,8*13.6,100,100,76,,Fuel shortage,,Chattogram,,,
matarbari2600cpgcl,Coal,CPGCL,2*575,1150,1150,700,,Coal shortage,,Chattogram,,,
ashuganj450north,Gas,APSCL,1*360,360,360,,60,FGMO,,Cumilla,,,
ashuganj55precision,Gas,QRPP,0,55,55,55,,Gas shortage,,Cumilla,,,
ashuganj150midland,HFO,IPP,23*7.015,150,150,50,,Engine problem,,Cumilla,,,
chowmuhani113,HFO,IPP,12*9.78+2*3.1,113,113,,58,Engine problem,,Cumilla,,,
rpcl210,Gas,IPP,4*35+1*70,210,202,190,,Gas shortage,,Mymensingh,,,
jamalpur115ed,HFO,IPP,9.78*12,115,115,20,,Fuel shortage,,Mymensingh,,,
fenchugonjphase2,Gas,PDB,2*35+1*35,104,90,,90,Under maint,,Sylhet,,,
sylhet225,Gas,PDB,1*142+1*89,231,231,,91,,,Sylhet,,,
sylhet10desh,Gas,RPP ,6*1.95,0,0,,,,,Sylhet,,,
rampal1320bifpcl,Coal,NTPC&BPDB,617*2,1234,1234,724,,Coal shortage,,Khulna,,,
bhola225,Gas,PDB,2*63+1*68,194,194,,127,Machine problem,,Barisal,,,
bhola95aggreko,Gas,QRPP,96*1.10,0,0,,,,,Barisal,,,
katakhali50northern,HFO,QRPP,6*8.9,0,0,,,,,Rajshahi,,,
bogra22gbb,Gas,RPP ,0,0,0,,,,,Rajshahi,,,
bogura20energyprima,Gas,NENP,5*3.3+5*2,0,0,,,,,Rajshahi,,,
chapainawabganj100peaking,HFO,PDB,12*8.924,104,104,,8,Engine problem,,Rajshahi,,,
baghabari200paramount,HSD,IPP,135*1.6,0,0,,,,,Rajshahi,,,
ghorashal108regent,Gas,IPP,34*3.35,108,108,94,,Gas shortage,,Dhaka,,,
meghnaghat100iel,HFO,NENP,12*8.9,100,100,70,,Fuel shortage,,Dhaka,,,
keraniganj100powerpac,HFO,NENP,8*13.45,100,75,,,,,Dhaka,,,
maona33summit,Gas,"SIPP,REB",4*8.73,33,33,,8,,,Dhaka,,,
kodda3002summit,HFO,IPP,18*17.076,300,300,,22,Engine problem,,Dhaka,,,
kodda1491summit,HFO,IPP,8*18.45+8.97,149,149,,15,Engine problem,,Dhaka,,,
meghnaghat104opcl,HFO,IPP,18.5*6,104,104,31,,Fuel shortage,,Dhaka,,,
raozan25,HFO,RPCL,3*8.9,25,25,,9,Engine problem,,Chattogram,,,
sikalbaha225,Gas/HSD,PDB,1*150+1*75,225,225,,,Machine problem,,Chattogram,,,
juldah2acorn,HFO,IPP,8*13.6,100,100,10,,Fuel shortage,,Chattogram,,,
ashuganj195apscled,Gas,IPP,20*9.73+1*16,195,195,67,,Gas shortage,,Cumilla,,,
titas50peaking,HFO,PDB,6*8.92,52,52,,22,Machine problem,,Cumilla,,,
chowmuhani113,HFO,IPP,12*9.78+2*3.1,113,113,58,,,,Cumilla,,,
mymensingh200ed,HFO,IPP,9.78*21,200,200,107,,Fuel shortage,,Mymensingh,,,
kushiara163kp,Gas,IPP,1*109+1*54,163,163,,163,Under maint.,,Sylhet,,,
sylhet225,Gas,PDB,1*142+1*89,231,231,,159,Machine problem,,Sylhet,,,
bheramara410,Gas,NWPGCL,1*278+1*132,410,410,90,,,,Khulna,,,
rampal1320bifpcl,Coal,NTPC&BPDB,660*2,617,617,,617,Under maint,,Khulna,,,
barisal307,Coal,IPP,307*1,307,307,177,,Coal Shortage.,,Barisal,,,
chapainawabganj100peaking,HFO,PDB,12*8.924,104,104,21,,Fuel shortage,,Rajshahi,,,
rangpur113confidence,HFO,IPP,9*6.984+7*7.015+3.15*2,113,113,41,,Fuel shortage,,Rangpur,,,
meghnaghat100iel,HFO,NENP,12*8.9,100,100,30,,Fuel shortage,,Dhaka,,,
siddhirgonj2120g,Gas,EGCB, 2*105,210,210,,210,Gas shortage,,Dhaka,,,
rupganj33summit,Gas,"SIPP,REB",4*8.73,33,33,,5,Engine problem,,Dhaka,,,
kodda3002summit,HFO,IPP,18*17.076,300,300,110,,Fuel shortage,,Dhaka,,,
meghnaghat104opcl,HFO,IPP,18.5*6,104,104,44,,Fuel shortage,,Dhaka,,,
chattogram1,Gas,PDB,1*210,210,180,,180,,,Chattogram,,,
juldah1001acorn,HFO,NENP,8*13.45,100,100,62,,Fuel shortage,,Chattogram,,,
juldah1003acorn,HFO,IPP,8*13.5,100,100,62,,Fuel shortage,,Chattogram,,,
barabkunda22regent,Gas,"SIPP, PDB",8*2.90,22,22,13,,Gas shortage,,Chattogram,,,
juldah2acorn,HFO,IPP,8*13.6,100,100,62,,Fuel shortage,,Chattogram,,,
ashuganj195apscled,Gas,IPP,20*9.73+1*16,195,195,107,,Gas shortae,,Cumilla,,,
khulna225,HSD,NWPGCL,1*150+1*75,230,230,115,,Fuel shortage,,Khulna,,,
rangpur113confidence,HFO,IPP,9*6.984+7*7.015+3.15*2,113,113,37,,Fuel shortage,,Rangpur,,,
energypacpowerventurethakurgaon,HFO,IPP,115,115,115,39,,Fuel shortage,,Rangpur,,,
bhola225,Gas,PDB,2*63+1*68,194,194,,111,GT-2  Under maint.,,Barisal,,,
payra1320,Coal,NWPGCL,0,0,0,,,,,Barisal,,,
baghabari71g,Gas,PDB,1*71,71,71,,,Gas shortage,,Rajshahi,,,
sirajgonj2251,Gas/HSD,NWPGCL,1*150+1*75,210,210,210,,Under S/D.,,Rajshahi,,,
bogra22gbb,Gas,RPP ,6*4,22,22,,4,Engine problem,,Rajshahi,,,
ghorashal785max,Gas,QRPP,2*40,78,78,,,Gas shortage ,,Dhaka,,,
ghorashal108regent,Gas,IPP,34*3.35,108,108,,,Gas shortage ,,Dhaka,,,
meghnaghat100iel,HFO,QRPP,12*8.9,100,100,100,,Fuel Shortage.,,Dhaka,,,
siddhirganj100dutchbangla,HFO,QRPP ,12*8.9,100,100,,,Fuel Shortage.,,Dhaka,,,
siddhirganj335,Gas,EGCB,1*217+118,335,335,,,ST under shut down,,Dhaka,,,
karnaphulihydro12345,Hydro,PDB,2*40+3*50,230,230,83,,Low water level ,,Chattogram,,,
hathazari100peaking,HFO,PDB,11*8.9,98,98,,,Under maint.,,Chattogram,,,
ashuganj225,Gas,APSCL,1*142+1*75,221,221,5,,FGMO,,Cumilla,,,
ashuganj50,Gas,APSCL,14*3.968,53,45,,,Engine problem,,Cumilla,,,
chandpur150,Gas,PDB,1*106+1*57,163,163,,68,ST under shut down,,Cumilla,,,
shajibazar330,Gas,PDB,3*110,330,330,,,GT-2 under maint.,,Sylhet,,,
khulna115kpcl2,HFO,QRPP,7*17,115,115,,,.,,Khulna,,,
saidpur20g,HSD,PDB,1*20,20,20,,8,Engine problem,,Rangpur,,,
ghorasalrepowered3,Gas,PDB,1*210,210,170,,,Under maint.,,Dhaka,,,
ghorasal3657,Gas,PDB,1*243+1*122,365,365,,,Under maint.,,Dhaka,,,
bibiyanaiii400,Gas,PDB,285 MW,285,285,,,Under S/D,,Sylhet,,,
baghabari71g,Gas,PDB,1*71,71,71,11,,Gas Shortage,,Rajshahi,,,
bogura20energyprima,Gas,RPP ,5*3.3+5*2,20,10,,3,Engine problem,,Rajshahi,,,
rangpur113confidence,HFO,IPP,113 MW,113,113,,,On test,,Rangpur,,,
gagnagar102digitalpower,HFO,IPP,12*8.924,102,102,18,,Engine problem,,Dhaka,,,
gazipur52,HFO,RPCL,6*8.9,52,52,,11,Engine problem,,Dhaka,,,
keranigonj300apr,HSD,IPP,256*1.4,300,300,,144,Fuel conservation,,Dhaka,,,
aurahati100aggreko,HSD,IPP,0.85*23+0.95*91,100,100,,5,Fuel conservation,,Dhaka,,,
meghnaghat104opcl,HFO,IPP,18.5*6,104,104,14,,Fuel shortage,,Dhaka,,,
karnaphulihydro12345,Hydro,PDB,2*40+3*50,230,230,85,,Low Water Level ,,Chattogram,,,
hathazari100peaking,HFO,PDB,11*8.9,98,98,76,,Fuel shortage,,Chattogram,,,
juldah1003acorn,HFO,IPP,8*13.5,100,100,70,,Fuel shortage,,Chattogram,,,
anwara300ed,HFO,IPP,17*17+24,300,300,,,Engine problem,,Chattogram,,,
ashuganj50,Gas,APSCL,14*3.968,53,45,,5,Engine problem,,Cumilla,,,
ashuganj55precision,Gas,QRPP,15*4,55,55,,5,Engine problem,,Cumilla,,,
ashuganj150midland,HFO,IPP,23*7.015,150,150,,37,Engine problem,,Cumilla,,,
jangalia52lakdanavi,HFO,IPP,6*8.92,52,52,,9,,,Cumilla,,,
bhairob545,HFO,IPP,3*18.2,54,54,,19,,,Cumilla,,,
jamalpur115ed,HFO,IPP,9.78*12,115,115,,7,Engine problem,,Mymensingh,,,
faridpur50peaking,HFO,PDB,8*6.89,54,54,27,,Fuel shortage,,Khulna,,,
gopalganj100peaking,HFO,PDB,16*6.98,109,109,53,,Fuel shortage,,Khulna,,,
rupsha105orionrupsha,HFO,IPP,6*18.445,105,105,12,,Fuel shortage,,Khulna,,,
madhumati100,HFO,NWPGCL,6*18,105,105,38,,Fuel shortage,,Khulna,,,
bhola225,Gas,PDB,2*63+1*68,194,194,,108,Machine problem,,Barisal,,,
sirajgonj2253,Gas/HSD,NWPGCL,1*141,220,220,59,,Gas shortage,,Rajshahi,,,
chapainawabganj100peaking,HFO,PDB,12*8.924,104,104,,22,Engine problem,,Rajshahi,,,
haripurgt12,Gas,"SBU, PDB",2*32,64,40,40,,Gas shortage ,,Dhaka,,,
siddhirgonjgt12,Gas,EGCB, 2*105,210,210,10,,Gas shortage,,Dhaka,,,
bosila108,HFO,IPP,12*8.775+1*3.5,108,108,,44,Engine problem,,Dhaka,,,
chittgongst2raozan,Gas,PDB,1*210,210,180,30,,Gas shortage,,Chattogram,,,
kaptaihydro12345,Hydro,PDB,2*40+3*50,230,230,,193,Low water lavel,,Chattogram,,,
barakasikalbahapl,HFO,IPP,105 MW,0,0,,,,,Chattogram,,,
ashuganjnorth,Gas,APSCL,1*360,360,360,,100,ST under maint,,Cumilla,,,
ashuganjenginestsk,Gas,APSCL,14*3.968,53,45,,12,Engine problem,,Cumilla,,,
ashuganj195modular,Gas,IPP,20*9.73+1*16,195,195,85,,Gas shortage,,Cumilla,,,
mymensinghrpcl210,Gas,IPP,4*35+1*70,210,202,52,,Gas shortage,,Mymensingh,,,
edjamalpurl,HFO,IPP,115 MW,115,115,,17,Engine problem,,Mymensingh,,,
shajibazar330,Gas,PDB,3*110,330,330,,, FGMO,,Sylhet,,,
sylhetepl50,Gas,RPP ,27*2,50,50,,10,Engine problem,,Sylhet,,,
bheramara360,Gas,NWPGCL,1*278+1*132,410,410,,410,Under maint.,28/05/2019,Khulna,,,
madhumatipowerplant,HFO,IPP,100 MW,105,105,,,On Test,,Khulna,,,
baghabarigt100,Gas,PDB,1*100,100,100,,,,,Rajshahi,,,
confidencecpbl2,HFO,IPP,113 MW,113,113,,,,,Rajshahi,,,
barapukuria3,Coal,PDB,1*275,274,274,75,,,,Rangpur,,,
haripur360hpl,Gas,IPP,1*235+1*125,360,360,160,,Dirty fuel(Gas),,Dhaka,,,
meghnaghat450mpl,Gas,IPP,2*150+1*150,450,450,150,,Dirty fuel(Gas),,Dhaka,,,
meghnaghatsummit,Gas,IPP,2*110+1*110,305,305,55,,Gas shortage,,Dhaka,,,
karnaphulihydro12345,Hydro,PDB,2*40+3*50,230,230,190,,Low water lavel & Unit-5 Under maint.,,Chattogram,,,
shajibazar330,Gas,PDB,3*110,330,330,,150,Machine problem,,Sylhet,,,
bibiyanaiii400,Gas,PDB,400 MW,400,400,,150,ST Under maint,,Sylhet,,,
bhola225,Gas,PDB,2*63+1*68,194,194,,124,Under maintenance,,Barisal,,,
amnura50sinha,HFO,QRPP,7*7.79,50,50,,,Engine problem,,Rajshahi,,,
ghorasal3657,Gas,PDB,1*243+1*122,365,365,185,,ST under Main. & Gas shortage,,Dhaka,,,
haripur360hpl,Gas,IPP,1*235+1*125,360,360,37,,Gas shortage,,Dhaka,,,
meghnaghat100iel,HFO,NENP,12*8.9,100,100,,11,Engine problem,,Dhaka,,,
madanganj102summit,HFO,NENP,6*17,102,102,,10,Engine problem,,Dhaka,,,
madanganj55summit,HFO,IPP,3*17.08+1*11.3,55,55,,,Fuel shortage,,Dhaka,,,
siddhirgonj2120g,Gas,EGCB, 2*105,210,210,115,,Gas shortage,,Dhaka,,,
siddhirganj335,Gas,EGCB,1*217+118,335,335,120,,Gas shortage,,Dhaka,,,
rupganj33summit,Gas,"SIPP,REB",4*8.73,33,33,,7,Engine problem,,Dhaka,,,
kodda3002summit,HFO,IPP,18*17.076,300,300,,24,Engine problem,,Dhaka,,,
keranigonj300apr,HSD,IPP,256*1.4,300,300,,15,Engine problem,,Dhaka,,,
bramhangoan100aggreko,HSD,IPP,114*0.959,100,100,,35,Engine problem,,Dhaka,,,
aurahati100aggreko,HSD,IPP,0.85*23+0.95*91,100,100,30,,Fuel shortage,,Dhaka,,,
meghnaghat104opcl,HFO,IPP,18.5*6,104,104,,22,Engine problem,,Dhaka,,,
patenga50baraka,HFO,IPP,8*6.98,50,50,20,,Fuel shortage,,Chattogram,,,
dohazarikalaish100peaking,HFO,PDB,6*17,102,102,,36,Engine problem,,Chattogram,,,
juldah1003acorn,HFO,IPP,8*13.5,100,100,,13,Engine problem,,Chattogram,,,
chattogram108ecpv,HFO,IPP,16*7,108,108,58,,DCT & Fuel shortage,,Chattogram,,,
anwara300ed,HFO,IPP,17*17+24,300,300,70,,Fuel shortge,,Chattogram,,,
ashuganj195apscled,Gas,IPP,20*9.73+1*16,195,195,15,,Gas shortage,,Cumilla,,,
ashuganj150midland,HFO,IPP,23*7.015,150,150,,30,Engine problem,,Cumilla,,,
daudkandi200btrac,HSD,IPP,154*1.4,200,200,50,,Fuel shortage,,Cumilla,,,
chowmuhani113,HFO,IPP,12*9.78+2*3.1,113,113,,10,Engine problem,,Cumilla,,,
chandpur115doreen,HFO,IPP,4*18.5+2*22.5,115,115,25,,Fuel shortage,,Cumilla,,,
rpcl210,Gas,IPP,4*35+1*70,210,202,108,,Gas shortage,,Mymensingh,,,
mymensingh200ed,HFO,IPP,9.78*21,200,200,14,,Fuel shortage,,Mymensingh,,,
fenchugonjphase1,Gas,PDB,2*32+1*33,97,70,,36,Machine problem.,,Sylhet,,,
sylhet225,Gas,PDB,1*142+1*89,231,231,,37,Machine problem,,Sylhet,,,
khulna115kpcl2,HFO,NENP,7*17,115,115,,35,Engine problem,,Khulna,,,
rupsha105orionrupsha,HFO,IPP,6*18.445,105,105,69,,Fuel shortage,,Khulna,,,
barisal307,Coal,BCPCL,307*1,307,307,307,,Coal Shortage.,,Barisal,,,
baghabari50peaking,HFO,PDB,6*8.9,52,52,,32,Engine problem,,Rajshahi,,,
bera70peaking,HFO,PDB,9*8.29,71,71,,26,Engine problem,,Rajshahi,,,
chapainawabganj100peaking,HFO,PDB,12*8.924,104,104,,14,Enginr problem,,Rajshahi,,,
barapukuria2753,Coal,PDB,1*275,274,274,74,,Coal Shortage.,,Rangpur,,,
meghnaghatsummit,Gas,IPP,2*110+1*110,335,335,335,,Gas shortage.,,Dhaka,,,
siddhirganj335,Gas,EGCB,1*217+118,335,335,335,,gas shortage,,Dhaka,,,
gazipur52,HFO,RPCL,6*8.9,52,52,,,33 kV S/S work.,,Dhaka,,,
kodda1491summit,HFO,IPP,8*18.45+8.97,149,149,0,,Fuel shortage,,Dhaka,,,
manikgonj162mpgl,HFO,IPP,9*18,162,162,0,,,,Dhaka,,,
summitmeghanghat2589,Gas,IPP,589,583,583,33,,,,Dhaka,,,
karnaphulihydro12345,Hydro,PDB,2*40+3*50,230,230,137,,Low water level,,Chattogram,,,
sikalbaha105barakasikalbaha,HFO,IPP,6*17.5,105,105,,20,Engine problem,,Chattogram,,,
hathazari100peaking,HFO,PDB,11*8.9,98,98,,34,Engine problem,,Chattogram,,,
anwara300ed,HFO,IPP,17*17+24,300,300,170,,Fuel shortage,,Chattogram,,,
anlimaenergy,HFO,IPP,6*21.2,116,116,76,,Fuel shortage,,Chattogram,,,
sspoweri,Coal,IPP,2*612,1224,1224,,0,,,Chattogram,,,
titas50peaking,HFO,PDB,6*8.92,52,52,,6,Engine problem,,Cumilla,,,
chowmuhani113,HFO,IPP,12*9.78+2*3.1,113,113,,18,Engine problem,,Cumilla,,,
chandpur115doreen,HFO,IPP,4*18.5+2*22.5,115,115,64,,Fuel shortage,,Cumilla,,,
sylhet225,Gas,PDB,1*142+1*89,231,231,,111,ST Under maint.,,Sylhet,,,
bheramara410,Gas,NWPGCL,1*278+1*132,410,410,60,,,,Khulna,,,
madhumati100,HFO,NWPGCL,6*18,105,105,,105,Fuel shortage,,Khulna,,,
rampal1320bifpcl,Coal,NTPC&BPDB,617*2,1234,1234,616,,Coal shortage,,Khulna,,,
payra1320,Coal,BCPCL,2*622,1244,1244,,622,Unit-2 S/D.,,Barisal,,,
sirajgonj2252,Gas/HSD,NWPGCL,1*150+1*75,220,220,45,,Gas shortage,,Rajshahi,,,
barapukuria1,Coal,PDB,1*125,125,85,,13,,,Rangpur,,,
barapukuria2753,Coal,PDB,1*275,274,274,,124,Machine problem,,Rangpur,,,
haripur412,Gas,EGCB,1*273+1*139,412,400,30,,Gas shortage,,Dhaka,,,
meghnaghat100iel,HFO,NENP,12*8.9,100,100,100,,Fuel shortage,,Dhaka,,,
sikalbaha225,Gas/HSD,PDB,1*150+1*75,225,225,,225,Under maint.,,Chattogram,,,
juldah2acorn,HFO,IPP,8*13.6,100,100,77,,Fuel shortage,,Chattogram,,,
sspoweri,Coal,SS Power ,2*612,1224,1224,864,,Coal Shortage.,,Chattogram,,,
ashuganj450south,Gas,APSCL,1*360,360,360,25,,Gas shortage,,Cumilla,,,
chandpur200deshenergy,HFO,IPP,12*18.4,200,200,0,,Fuel shortage,,Cumilla,,,
jangalia33summit,Gas,"SIPP, PDB",4*8.73,33,33,,16,Engine problem,,Cumilla,,,
fenilankapower,HFO,IPP,7*18.415+1*9.78,114,114,,0,Engine problem,,Cumilla,,,
mymensingh200ed,HFO,IPP,9.78*21,200,200,200,,Fuel shortage,,Mymensingh,,,
sylhet225,Gas,PDB,1*142+1*89,231,231,,26,machine problem,,Sylhet,,,
bibiyanasouth400,Gas,PDB,400 MW,383,383,,383,,,Sylhet,,,
bholanutanbiddutbd,Gas,IPP,220,220,220,,110,GT-2 Under maint.,,Barisal,,,
barisal307,Coal,IPP,307*1,307,307,157,,,,Barisal,,,
barapukuria2753,Coal,PDB,1*275,274,274,,74,Coal Shortage.,,Rangpur,,,
meghnaghat100iel,HFO,NENP,12*8.9,100,100,,,Engine problem,,Dhaka,,,
kodda1491summit,HFO,IPP,8*18.45+8.97,149,149,113,,Fuel shortage,,Dhaka,,,
karnaphulihydro12345,Hydro,PDB,2*40+3*50,230,230,134,,Low water lavel,,Chattogram,,,
sikalbaha225,Gas/HSD,PDB,1*150+1*75,225,225,5,,,,Chattogram,,,
mirsharai150,HFO,BPDB-RPCL,18.5*9,163,163,146,,Fuel shortage,,Chattogram,,,
sspoweri,Coal,SS Power ,2*612,1224,1224,824,,Coal Shortage.,,Chattogram,,,
ashuganj225,Gas,APSCL,1*142+1*75,221,221,,61,ST Under maint.,,Cumilla,,,
ashuganj450south,Gas,APSCL,1*360,360,360,360,,Under maint,,Cumilla,,,
ashuganj420east,Gas,APSCL,284*1+116*1,400,400,400,,Gas shortage,,Cumilla,,,
ashuganj55precision,Gas,QRPP,0,55,55,0,,,,Cumilla,,,
ashuganj150midland,HFO,IPP,23*7.015,150,150,130,,Fuel shortage,,Cumilla,,,
feni22doreen,Gas,"SIPP, PDB",8*2.90,22,22,,9,Engine problem,,Cumilla,,,
rpcl210,Gas,IPP,4*35+1*70,210,202,128,,Gas shortage,,Mymensingh,,,
mymensingh200ed,HFO,IPP,9.78*21,200,200,132,,Fuel shortage,,Mymensingh,,,
jamalpur115ed,HFO,IPP,9.78*12,115,115,106,,Fuel shortage,,Mymensingh,,,
fenchugonj51barakatullah,Gas,RPP ,19*2.90,51,51,0,,Gas shortage,,Sylhet,,,
fenchuganj44energyprima,Gas,NENP,12*3.3+5*2,50,50,3,,Gas shortage,,Sylhet,,,
bibiyanaiii400,Gas,PDB,285*1+134*1,400,400,,400,Under maint.,,Sylhet,,,
khulna115kpcl2,HFO,NENP,7*17,115,115,82,,Fuel shortage,,Khulna,,,
rampal1320bifpcl,Coal,NTPC&BPDB,660*2,617,617,,,Unit-2 test,,Khulna,,,
bhola225,Gas,PDB,2*63+1*68,194,194,,59,GT-2 & ST Under maint.,,Barisal,,,
katakhali50peaking,HFO,PDB,6*8.7,50,50,,16,Engine problem,,Rajshahi,,,
sirajgonj4004,Gas/HSD,SNWPGCL,1*282+1*132,414,414,0,,,,Rajshahi,,,
energypacpowerventurethakurgaon,HFO,IPP,115,115,115,45,,Fuel shortage,,Rangpur,,,
ghorashal108regent,Gas,IPP,34*3.35,108,108,36,,Gas shortage,,Dhaka,,,
keraniganj100powerpac,HFO,QRPP,8*13.45,100,100,,12,Engine problem,,Dhaka,,,
gagnagar102digitalpower,HFO,IPP,12*8.924,102,102,,,Engine problem,,Dhaka,,,
bosila108clc,HFO,IPP,12*8.775+1*3.5,108,108,108,,Engine problem,,Dhaka,,,
gazipur100,HFO,RPCL,100 MW,105,105,,19,Engine problem,,Dhaka,,,
chandpur150,Gas,PDB,1*106+1*57,163,163,,57,ST under shut down,,Cumilla,,,
fenilankapower,HFO,IPP,7*18.415+1*9.78,114,114,97,,Engine problem & Fuel shortage,,Cumilla,,,
jamalpur95powerpac,HFO,IPP,12*8.924,95,95,,47,Engine problem,,Mymensingh,,,
fenchugonjphase2,Gas,PDB,2*35+1*35,104,90,,47,Unit-4 under shut down,,Sylhet,,,
kushiara163kp,Gas,IPP,1*109+1*54,163,163,,54,STG under maint.,,Sylhet,,,
shajibazar330,Gas,PDB,3*110,330,330,,170,GT-2 S/D & ST Under maint.,,Sylhet,,,
amnura50sinha,HFO,QRPP,7*7.79,50,50,30,,Fuel shortage.,,Rajshahi,,,
ghorasal5,Gas,PDB,1*210,210,190,,,Machine problem.,,Dhaka,,,
ghorasal3657,Gas,PDB,1*243+1*122,365,365,,65,Machine problem.,,Dhaka,,,
ghorashal108regent,Gas,IPP,34*3.35,108,108,,16,Engine problem,,Dhaka,,,
meghnaghat100iel,HFO,NENP,12*8.9,100,100,,30,Engine problem,,Dhaka,,,
siddhirgonj2120g,Gas,EGCB, 2*105,210,210,20,,,,Dhaka,,,
siddhirganj100dutchbangla,HFO,NENP,12*8.9,100,100,,5,,,Dhaka,,,
kodda150,HFO,BPDB-RPCL,9*17.06,149,149,,4,,,Dhaka,,,
manikganj55northern,HFO,IPP,3*19.3,55,55,,,Fuel shortage,,Dhaka,,,
manikgonj162mpgl,HFO,IPP,9*18,162,162,,135,Fuel shortage,,Dhaka,,,
patenga50baraka,HFO,IPP,8*6.98,50,50,,5,Engine problem,,Chattogram,,,
karnaphulihydro12345,Hydro,PDB,2*40+3*50,230,230,,110,Low Water Level ,,Chattogram,,,
anlimaenergy,HFO,IPP,6*21.2,116,116,,8,Engine problem,,Chattogram,,,
ashuganj450north,Gas,APSCL,1*360,360,360,30,,,,Cumilla,,,
ashuganj450south,Gas,APSCL,1*360,360,360,40,,,,Cumilla,,,
ashuganj55precision,Gas,QRPP,15*4,55,55,,4,Engine problem,,Cumilla,,,
chandpur150,Gas,PDB,1*106+1*57,163,163,,27,Machine problem.,,Cumilla,,,
jangalia52lakdanavi,HFO,IPP,6*8.92,52,52,,9,Fuel shortage,,Cumilla,,,
mymensingh200ed,HFO,IPP,9.78*21,200,200,,30,Engine problem,,Mymensingh,,,
shahjahanulla25,Gas,"SIPP, REB",3*9.34,25,25,1,,Gas shortage,,Sylhet,,,
bibiyanaiii400,Gas,PDB,400 MW,400,400,,120,ST Under maint.,,Sylhet,,,
bheramara410,Gas,NWPGCL,1*278+1*132,410,410,10,,,,Khulna,,,
bhola33venture,Gas,NENP,1*34.50,40,40,,9,Engine problem,,Barisal,,,
bhola225,Gas,PDB,2*63+1*68,194,194,109,,Gas shortage ,,Barisal,,,
chapainawabganj100peaking,HFO,PDB,12*8.924,104,104,,16,Engine problem,,Rajshahi,,,
barapukuria2753,Coal,PDB,1*275,274,274,74,,Coal Shortage,,Rangpur,,,
meghnaghatsummit,Gas,IPP,2*110+1*110,305,305,0,,,,Dhaka,,,
siddhirganj335,Gas,EGCB,1*217+118,335,335,,,Under shut down,,Dhaka,,,
bosila108clc,HFO,IPP,12*8.775+1*3.5,108,108,,,Engine problem,,Dhaka,,,
karnaphulihydro12345,Hydro,PDB,2*40+3*50,230,230,62,,Low water level,,Chattogram,,,
ashuganj3,Gas,APSCL,1*150,150,135,135,,,,Cumilla,,,
ashuganj50,Gas,APSCL,14*3.968,53,45,,18,Engine problem,,Cumilla,,,
shajibazar330,Gas,PDB,3*110,330,330,,90,GT-1  under maint.,,Sylhet,,,
sylhet50epl,Gas,RPP ,27*2,50,50,,6,Engine problem,,Sylhet,,,
sirajgonj2251,Gas/HSD,NWPGCL,1*150+1*75,210,210,210,,FGMO,,Rajshahi,,,
meghnaghat100iel,HFO,QRPP,12*8.9,100,100,,15,Engine problem,,Dhaka,,,
kodda150,HFO,BPDB-RPCL,9*17.06,149,149,,7,Engine problem,,Dhaka,,,
karnaphulihydro12345,Hydro,PDB,2*40+3*50,230,230,,190,Low Water Level ,,Chattogram,,,
dohazarikalaish100peaking,HFO,PDB,6*17,102,102,17,,Engine problem,,Chattogram,,,
ashuganj195apscled,Gas,IPP,20*9.73+1*16,195,195,85,,Gas shortage,,Cumilla,,,
shajibazar330,Gas,PDB,3*110,330,330,220,,GT-1 S/D & Gas shortage,,Sylhet,,,
sirajgonj2253,Gas/HSD,NWPGCL,1*141,220,220,40,,Gas shortage,,Rajshahi,,,
baghabari200paramount,HSD,IPP,135*1.6,200,200,,40,Engine problem,,Rajshahi,,,
ghorasal12,Gas,PDB,2*55,110,85,,50,Unit-1 Under maint.,,Dhaka,,,
haripur412,Gas,EGCB,1*273+1*139,412,412,,139,,,Dhaka,,,
gagnagar102digitalpower,HFO,IPP,12*8.924,102,102,,9,,,Dhaka,,,
karnaphulihydro12345,Hydro,PDB,2*40+3*50,230,230,148,,Low water level,,Chattogram,,,
ashuganj225,Gas,APSCL,1*142+1*75,221,221,,221,Under Maint.,,Cumilla,,,
ashuganj55precision,Gas,RPP ,15*4,55,55,,55,Under Maint.,,Cumilla,,,
chandpur150,Gas,PDB,1*106+1*57,163,163,,113,ST under shut down,,Cumilla,,,
chowmuhani113,HFO,IPP,12*9.78+2*3.1,0,0,,,,,Cumilla,,,
shajibazar330,Gas,PDB,3*110,330,330,,,GT-2 Under maint,,Sylhet,,,
bibianaii341summit,Gas,IPP,1*222+1*119,341,341,,341,Under maint.,28/12/2019,Sylhet,,,
bheramara360,Gas,NWPGCL,1*278+1*132,410,410,,0,,,Khulna,,,
bhola225,Gas,PDB,2*63+1*68,194,194,,194,Under maint.,,Barisal,,,
sirajgonj2252,Gas/HSD,NWPGCL,1*150+1*75,220,220,220,,Gas shortage.,,Rajshahi,,,
ghorasalgt3,Gas,PDB,1*210,210,170,,,Under Maint.,,Dhaka,,,
haripurgt12,Gas,"SBU, PDB",2*32,64,40,78,,Gas shortage,,Dhaka,,,
haripurpower360,Gas,IPP,1*235+1*125,360,360,,360,Under Maint.,,Dhaka,,,
siddhirgonjst210,Gas,PDB, 1*210,210,115,15,,Gas shortage,,Dhaka,,,
siddhirganj335,Gas,EGCB,1*217,217,217,,102,Machine problem,,Dhaka,,,
bosila108,HFO,IPP,12*8.775+1*3.5,108,108,,56,Engine problem,,Dhaka,,,
chittgongst2raozan,Gas,PDB,1*210,210,180,0,,Gas shortage,,Chattogram,,,
juldahacorn,HFO,QRPP,8*13.45,100,100,,30,Engine problem,,Chattogram,,,
juldah1003,HFO,IPP,0,100,100,,26,Engine problem,,Chattogram,,,
ashuganjsouth,Gas,APSCL,1*360,360,360,,360,Under maint.,26/02/2019,Cumilla,,,
ashuganjmidland51,Gas,IPP,6*9.34,51,51,,31,Engine problem,,Cumilla,,,
chandpur,Gas,PDB,1*106+1*57,163,163,,68,ST under maint.,,Cumilla,,,
jamalpur95,HFO,IPP,12*8.924,95,95,,9,Enjgine problem,,Mymensingh,,,
shajibazar330,Gas,PDB,3*110,330,330,,160,,,Sylhet,,,
sylhetepl50,Gas,RPP ,27*2,50,50,,26,Engine problem,,Sylhet,,,
summitbarisal110,HFO,IPP,7*17.076,110,110,,10,Engine problem,,Barisal,,,
sirajgonj4414,Gas,SNWPGCL,1*282,282,282,282,,Under S/D,,Rajshahi,,,
paramountbaghabari,HSD,IPP,200 MW,0,0,,,,,Rajshahi,,,
haripur412,Gas,EGCB,1*273+1*139,412,412,412,,Dust in the gas line,,Dhaka,,,
meghnaghat450mpl,Gas,IPP,2*150+1*150,450,450,150,,Dust in the gas line,,Dhaka,,,
keraniganj100powerpac,HFO,QRPP,8*13.45,100,100,,100,Project work,,Dhaka,,,
siddhirganj335,Gas,EGCB,1*217+118,335,335,,115,ST Under maint.,,Dhaka,,,
aurahati100aggreko,HSD,IPP,0.85*23+0.95*91,100,100,,100,Project work,,Dhaka,,,
chattogram1,Gas,PDB,1*210,210,180,100,,Gas shortage,,Chattogram,,,
karnaphulihydro12345,Hydro,PDB,2*40+3*50,230,230,195,,Low water lavel,,Chattogram,,,
juldah1001acorn,HFO,QRPP,8*13.45,100,100,80,,Fuel shortage,,Chattogram,,,
chandpur150,Gas,PDB,1*106+1*57,163,163,67,,Gas shortage,,Cumilla,,,
chandpur200deshenergy,HFO,IPP,0,200,200,,42,Engine problem,,Cumilla,,,
rpcl210,Gas,IPP,4*35+1*70,210,202,32,,Gas shortage,,Mymensingh,,,
jamalpur95powerpac,HFO,IPP,12*8.924,95,95,,21,Engine problem,,Mymensingh,,,
rupsha105orionrupsha,HFO,IPP,6*18.445,105,105,,14,Engine problem,,Khulna,,,
bhola225,Gas,PDB,2*63+1*68,194,194,,127,GT-2 under maint,,Barisal,,,
ghorashal108regent,Gas,IPP,34*3.35,108,108,47,,Gas shortage,,Dhaka,,,
haripur412,Gas,EGCB,1*273+1*139,412,412,26,,Gas shortage,,Dhaka,,,
haripur360hpl,Gas,IPP,1*235+1*125,360,360,38,,Gas shortage,,Dhaka,,,
meghnaghatsummit,Gas,IPP,2*110+1*110,335,335,55,,Gas shortage,,Dhaka,,,
siddhirgonj2120g,Gas,EGCB, 2*105,210,210,113,,Gas shortage,,Dhaka,,,
siddhirganj100dutchbangla,HFO,NENP,12*8.9,100,100,10,,Fuel shortage,,Dhaka,,,
chattogram1,Gas,PDB,1*210,210,180,40,,Gas shortage,,Chattogram,,,
hathazari100peaking,HFO,PDB,11*8.9,98,98,,36,Engine problem,,Chattogram,,,
juldah1001acorn,HFO,NENP,8*13.45,100,100,,47,Engine problem,,Chattogram,,,
barabkunda22regent,Gas,"SIPP, PDB",8*2.90,22,22,15,,Gas shortage,,Chattogram,,,
karnaphulipower,HFO,IPP,18.415*6+6.5,110,110,45,,Fuel shortage,,Chattogram,,,
juldah2acorn,HFO,IPP,8*13.6,100,100,17,,Fuel shortage,,Chattogram,,,
anlimaenergy,HFO,IPP,6*21.2,116,116,,27,Engine problem,,Chattogram,,,
titas50peaking,HFO,PDB,6*8.92,52,52,,32,Engine problem,,Cumilla,,,
fenilankapower,HFO,IPP,7*18.415+1*9.78,114,114,,16,Engine problem,,Cumilla,,,
mymensingh200ed,HFO,IPP,9.78*21,200,200,47,,Fuel shortage,,Mymensingh,,,
khulna115kpcl2,HFO,NENP,7*17,115,115,,30,Engine problem,,Khulna,,,
noapara40khanjahanali,HFO,NENP,5*8.5,40,40,8,,Fuel shortage,,Khulna,,,
rampal1320bifpcl,Coal,NTPC&BPDB,660*2,617,617,,,Line O/L,,Khulna,,,
sirajgonj4004,Gas/HSD,SNWPGCL,1*282+1*132,414,414,0,,Gas shortage,,Rajshahi,,,
chapainawabganj100peaking,HFO,PDB,12*8.924,104,104,,18,Enging problem,,Rajshahi,,,
barapukuria2753,Coal,PDB,1*275,274,274,74,,Machine problem,,Rangpur,,,
ghorasal3657,Gas,PDB,1*243+1*122,365,365,,195,ST Under maint.,,Dhaka,,,
karnaphulihydro12345,Hydro,PDB,2*40+3*50,230,230,140,,Unit-2 Under S/D ,,Chattogram,,,
chandpur150,Gas,PDB,1*106+1*57,163,163,,26,Machine problem,,Cumilla,,,
kushiara163kp,Gas,IPP,1*109+1*54,163,163,,,ST Under maint.,,Sylhet,,,
shajibazar330,Gas,PDB,3*110,330,330,150,,Gas shortage,,Sylhet,,,
bibiyanasouth400,Gas,PDB,400 MW,383,383,,383,Under maint.,2021-11-08 00:00:00,Sylhet,,,
bheramara410,Gas,NWPGCL,1*278+1*132,410,410,70,,Gas shortage,,Khulna,,,
bera70peaking,HFO,PDB,9*8.29,71,71,,71,Under maint,,Rajshahi,,,
sirajgonj2251,Gas/HSD,NWPGCL,1*150+1*75,210,210,100,,Gas shortage,,Rajshahi,,,
ghorasal3657,Gas,PDB,1*243+1*122,365,365,135,,Gas shortage,,Dhaka,,,
haripur412,Gas,EGCB,1*273+1*139,412,412,412,,Gas shortage,2022-04-04 00:00:00,Dhaka,,,
haripur360hpl,Gas,IPP,1*235+1*125,360,360,270,,Gas shortage,,Dhaka,,,
meghnaghat450mpl,Gas,IPP,2*150+1*150,450,450,,450,under maint,,Dhaka,,,
meghnaghat100iel,HFO,QRPP,12*8.9,100,0,,,,,Dhaka,,,
meghnaghatsummit,Gas,IPP,2*110+1*110,335,335,225,,Gas shortage,,Dhaka,,,
madanganj102summit,HFO,QRPP ,6*17,102,0,,22,Engine problem,,Dhaka,,,
keraniganj100powerpac,HFO,QRPP,8*13.45,100,100,,,Contract Expired,,Dhaka,,,
siddhirganj100dutchbangla,HFO,QRPP ,12*8.9,100,0,,,,,Dhaka,,,
gazipur100,HFO,RPCL,6*17.5,100,105,,,,,Dhaka,,,
kanchanpurbachalpowergeneration,HFO,IPP,18.4*3,55,55,,55,Engine problem,,Dhaka,,,
chattogram2,Gas,PDB,1*210,210,180,30,,Gas shortage,,Chattogram,,,
patenga50baraka,HFO,IPP,8*6.98,50,50,,20,33 kV BPDB feeder problem,,Chattogram,,,
juldah1001acorn,HFO,QRPP,8*13.45,100,100,,,Contract Expired,,Chattogram,,,
ashuganj450north,Gas,APSCL,1*360,360,360,50,,FGMO,,Cumilla,,,
ashuganj450south,Gas,APSCL,1*360,360,360,50,,FGMO,,Cumilla,,,
chandpur150,Gas,PDB,1*106+1*57,163,163,,113,Mach. prob.+ Gas shortage,,Cumilla,,,
rpcl210,Gas,IPP,4*35+1*70,210,202,192,,Gas shortage,,Mymensingh,,,
jamalpur115ed,HFO,IPP,9.78*12,115,115,,8,Engine problem,,Mymensingh,,,
fenchugonjphase1,Gas,PDB,2*32+1*33,97,70,,50,Machine problem.,,Sylhet,,,
shajibazar330,Gas,PDB,3*110,330,330,170,,GT-2 S/D for Gas shortage,,Sylhet,,,
fenchuganj44energyprima,Gas,RPP,12*3.3+5*2,0,0,,,,,Sylhet,,,
sylhet50epl,Gas,RPP ,27*2,0,0,,,,,Sylhet,,,
khulna115kpcl2,HFO,QRPP,7*17,115,0,,,,,Khulna,,,
noapara40khanjahanali,HFO,QRPP,5*8.5,0,0,,,,,Khulna,,,
bhola225,Gas,PDB,2*63+1*68,194,194,129,,Gas shortage,,Barisal,,,
bhola95aggreko,Gas,QRPP,96*1.10,95,95,,,Contract Expired,From 18-3-2022,Barisal,,,
sirajgonj2253,Gas/HSD,NWPGCL,1*141,220,220,105,,Gas shortage,,Rajshahi,,,
sirajgonj4004,Gas/HSD,SNWPGCL,1*282+1*132,414,414,194,,Gas shortage,,Rajshahi,,,
chapainawabganj100peaking,HFO,PDB,12*8.924,104,104,,11,Engine problem,,Rajshahi,,,
rangpur20g,HSD,PDB,1*20,20,20,,3,,,Rangpur,,,
ghorasalrepowered4,Gas,PDB,1*210,210,180,180,,under maint,,Dhaka,,,
gagnagar102digitalpower,HFO,IPP,12*8.924,102,102,,22,Engine problem,,Dhaka,,,
summitpowermadhabdiashulia,Gas,"SIPP,REB",3*3.67+4*8.73,80,80,,55,Engine problem,,Dhaka,,,
maona33summit,Gas,"SIPP,REB",4*8.73,33,33,,25,Engine problem,,Dhaka,,,
meghnaghatuniquepower,Gas,IPP,586,584,584,304,,,,Dhaka,,,
patenga50baraka,HFO,IPP,8*6.98,50,50,32,,fuel shortage,,Chattogram,,,
karnaphulihydro12345,Hydro,PDB,2*40+3*50,230,230,115,,Low water lavel,,Chattogram,,,
juldah1001acorn,HFO,NENP,8*13.45,100,100,55,,Fuel shortage,,Chattogram,,,
barabkunda22regent,Gas,"SIPP, PDB",8*2.90,0,0,,0,,,Chattogram,,,
juldah2acorn,HFO,IPP,8*13.6,100,100,72,,Fuel shortage,,Chattogram,,,
sspoweri,Coal,SS Power ,2*612,1224,1224,,612,Unit-2 shut down,,Chattogram,,,
matarbari2600cpgcl,Coal,CPGCL,0,575,575,,,Unit-1 Under maint,,Chattogram,,,
ashuganj225,Gas,APSCL,1*142+1*75,221,221,,71,ST Under maint.,,Cumilla,,,
chandpur150,Gas,PDB,1*106+1*57,163,163,,75,Machine problem,,Cumilla,,,
chowmuhani113,HFO,IPP,12*9.78+2*3.1,113,113,33,,Fuel shortage,,Cumilla,,,
rpcl210,Gas,IPP,4*35+1*70,210,202,2,,,,Mymensingh,,,
mymensingh200ed,HFO,IPP,9.78*21,200,200,80,,Fuel shortage,,Mymensingh,,,
fenchugonjphase1,Gas,PDB,2*32+1*33,97,70,,42,Machine problem.,,Sylhet,,,
fenchuganj44energyprima,Gas,NENP,12*3.3+5*2,50,50,,11,Engine problem,,Sylhet,,,
rupsha105orionrupsha,HFO,IPP,6*18.445,105,105,32,,Fuel shortage,,Khulna,,,
rampal1320bifpcl,Coal,NTPC&BPDB,617*2,1234,1234,,617,Unit-2 shut down,,Khulna,,,
santahar50peaking,HFO,PDB,6*8.7,50,50,14,,Engine problem,,Rajshahi,,,
adanipowerjharkhanda,Coal,Imported power,748*2,1496,1496,,748,Unit-2 shut down,,Rajshahi,,,
barapukuria1,Coal,PDB,1*125,125,85,,85,Under maint,,Rangpur,,,
ghorashal108regent,Gas,IPP,34*3.35,108,108,,9,Engine problem,,Dhaka,,,
haripur360hpl,Gas,IPP,1*235+1*125,360,360,,30,Machine problem,,Dhaka,,,
meghnaghat450mpl,Gas,IPP,2*150+1*150,450,450,120,,Dirty fuel,,Dhaka,,,
meghnaghat100iel,HFO,NENP,12*8.9,100,100,10,,Fuel shortage,,Dhaka,,,
gagnagar102digitalpower,HFO,IPP,12*8.924,102,102,8,,Fuel shortage,,Dhaka,,,
kodda150,HFO,BPDB-RPCL,9*17.06,149,149,39,,Fuel shortage,,Dhaka,,,
kanchanpurbachalpowergeneration,HFO,IPP,18.4*3,55,55,,,Fuel shortage,,Dhaka,,,
patenga50baraka,HFO,IPP,8*6.98,50,50,,12,Engine problem,,Chattogram,,,
hathazari100peaking,HFO,PDB,11*8.9,98,98,64,,Fuel shortage,,Chattogram,,,
juldah1003acorn,HFO,IPP,8*13.5,100,100,,90,Fuel shortage,,Chattogram,,,
anwara300ed,HFO,IPP,17*17+24,300,300,249,,Fuel shortage,,Chattogram,,,
ashuganj150midland,HFO,IPP,23*7.015,150,150,,8,Engine problem,,Cumilla,,,
chandpur200deshenergy,HFO,IPP,12*18.4,200,200,,,Fuel shortage,,Cumilla,,,
fenilankapower,HFO,IPP,7*18.415+1*9.78,114,114,80,,Fuel shortage,,Cumilla,,,
sylhet50epl,Gas,NENP,27*2,50,50,44,,Gas shortage,,Sylhet,,,
bheramara410,Gas,NWPGCL,1*278+1*132,410,410,125,,Gas shortage,,Khulna,,,
sirajgonj4004,Gas/HSD,SNWPGCL,1*282+1*132,414,414,4,,Gas shortage,,Rajshahi,,,
natore52rajlanka,HFO,IPP,6*8.92,52,52,36,,Fuel shortage,,Rajshahi,,,
baghabari200paramount,HSD,IPP,135*1.6,200,200,,20,Engine problem,,Rajshahi,,,
rangpur113confidence,HFO,IPP,9*6.984+7*7.015+3.15*2,113,113,,23,Engine problem,,Rangpur,,,
energypacpowerventurethakurgaon,HFO,IPP,115,115,115,,81,Fuel shortage,,Rangpur,,,
ghorashal78max,Gas,QRPP,2*40,78,78,38,,Gas shortage,,Dhaka,,,
haripurgt12,Gas,"SBU, PDB",2*32,64,40,,,,,Dhaka,,,
meghnaghatsummit,HSD,IPP,2*110+1*110,305,305,,305,Under Maint.,,Dhaka,,,
siddhirgonjst210,Gas,PDB, 1*210,210,115,,,,,Dhaka,,,
siddhirgonjgt12,Gas,EGCB, 2*105,210,210,90,,Gas shortage,,Dhaka,,,
bosila108,HFO,IPP,12*8.775+1*3.5,108,108,,58,Engine problem,,Dhaka,,,
chattogramst1raozan,Gas,PDB,1*210,210,180,40,,Gas shortage,,Chattogram,,,
ashuganjst3,Gas,APSCL,1*150,150,135,65,,Gas shortage,,Cumilla,,,
chandpur,Gas,PDB,1*106+1*57,163,163,,63,ST under maint.,,Cumilla,,,
fenchugonj2,Gas,PDB,!F71,104,90,,90,Under maint,,Sylhet,,,
sylhetepl50,Gas,RPP ,27*2,50,50,,5,Engine problem,,Sylhet,,,
sirajgonj3225,Gas/HSD,NWPGCL,1*141,220,220,,,,,Rajshahi,,,
bosila108clc,HFO,IPP,12*8.775+1*3.5,108,108,,108,Fuel Shortage.,,Dhaka,,,
ashuganj4,Gas,APSCL,1*150,150,129,9,,Gas shortage,,Cumilla,,,
shajibazar330,Gas,PDB,3*110,330,330,,20,Engine problem,,Sylhet,,,
amnura50sinha,HFO,QRPP,7*7.79,50,50,,,Fuel Shortage.,,Rajshahi,,,
barapukuria1,Coal,PDB,1*125,125,85,,,Under maint,,Rangpur,,,
barapukuria2,Coal,PDB,1*125,125,85,,85,,,Rangpur,,,
karnaphulihydro12345,Hydro,PDB,2*40+3*50,230,230,112,,Low water level & Unit-2 S/D,,Chattogram,,,
chattogram108ecpv,HFO,IPP,16*7,108,108,,22,Engine problem,,Chattogram,,,
chandpur150,Gas,PDB,1*106+1*57,163,163,,23,Engine problem,,Cumilla,,,
jangalia52lakdanavi,HFO,IPP,6*8.92,52,52,27,,Fuel shortage,,Cumilla,,,
jamalpur95powerpac,HFO,IPP,12*8.924,95,95,,95,Engine problem,,Mymensingh,,,
shahjibazar86shahjibazar,Gas,RPP ,32*2.90,86,86,,8,Engine problem,,Sylhet,,,
bibiyanaiii400,Gas,PDB,400 MW,400,400,84,,Gas shortage,,Sylhet,,,
faridpur50peaking,HFO,PDB,8*6.89,54,54,,22,Engine problem,,Khulna,,,
bhola225,Gas,PDB,2*63+1*68,194,194,,107,Machine problem.,,Barisal,,,
bhola95aggreko,Gas,QRPP,96*1.10,95,95,65,,Gas shortage,,Barisal,,,
kamalaghat54bancoenergy,HFO,IPP,3*18,54,54,,,Fuel shortage,,Dhaka,,,
kodda1491summit,HFO,IPP,8*18.45+8.97,149,149,,35,Engine problem,,Dhaka,,,
gazipur100,HFO,RPCL,6*17.5,105,105,0,,Fuel shortage,,Dhaka,,,
raozan25,HFO,RPCL,3*8.9,25,25,0,,Fuel shortage,,Chattogram,,,
hathazari100peaking,HFO,PDB,11*8.9,98,98,18,,Fuel shortage,,Chattogram,,,
matarbari2600cpgcl,Coal,CPGCL,2*575,1150,1150,250,,Coal shortage,,Chattogram,,,
ashuganj225,Gas,APSCL,1*142+1*75,221,221,,11,,,Cumilla,,,
ashuganj420east,Gas,APSCL,284*1+116*1,400,400,50,,Gas shortage,,Cumilla,,,
ashuganj50,Gas,APSCL,14*3.968,53,45,9,,Gas shortage,,Cumilla,,,
ashuganj55precision,Gas,QRPP,0,55,55,5,,Gas shortage,,Cumilla,,,
ashuganj195apscled,Gas,IPP,20*9.73+1*16,195,195,10,,Gas shortage,,Cumilla,,,
ashuganj51midland,Gas,IPP,6*9.34,51,51,,0,Engine problem,,Cumilla,,,
jangalia52lakdanavi,HFO,IPP,6*8.92,52,52,,52,Engine problem,,Cumilla,,,
chowmuhani113,HFO,IPP,12*9.78+2*3.1,113,113,47,,Fuel shortage,,Cumilla,,,
chandpur115doreen,HFO,IPP,4*18.5+2*22.5,115,115,,27,Engine problem,,Cumilla,,,
mymensingh200ed,HFO,IPP,9.78*21,200,200,49,,Fuel shortage,,Mymensingh,,,
shahjibazarg89,Gas,PDB,2*35,70,66,6,,,,Sylhet,,,
sylhet225,Gas,PDB,1*142+1*89,231,231,,25,Machine problem,,Sylhet,,,
bibiyanaiii400,Gas,PDB,285*1+134*1,400,400,,200,GBC Problem,,Sylhet,,,
rupsha105orionrupsha,HFO,IPP,6*18.445,105,105,54,,Fuel shortage,,Khulna,,,
barisal110summit,HFO,IPP,7*17.076,110,110,,,Fuel shortage,,Barisal,,,
edpayrapower,HFO,IPP,8*18.5+1*9.5,150,150,50,,Fuel shortage,,Barisal,,,
baghabari50peaking,HFO,PDB,6*8.9,52,52,,17,Engine problem,,Rajshahi,,,
ghorasalrepowered4,Gas,PDB,1*210,210,180,30,,,,Dhaka,,,
ghorashal108regent,Gas,IPP,34*3.35,108,108,56,,Gas shortage,,Dhaka,,,
siddhirganj335,Gas,EGCB,1*217+118,335,335,,335,Under maint.,2023-10-03 00:00:00,Dhaka,,,
meghnaghat104opcl,HFO,IPP,18.5*6,104,104,16,,Fuel shortage,,Dhaka,,,
karnaphulihydro12345,Hydro,PDB,2*40+3*50,230,230,,29,Machine problem,,Chattogram,,,
dohazarikalaish100peaking,HFO,PDB,6*17,102,102,72,,Fuel shortage,,Chattogram,,,
ashuganj420east,Gas,APSCL,284*1+116*1,400,400,,160,Gas shortage,,Cumilla,,,
ashuganj50,Gas,APSCL,14*3.968,53,45,,40,Gas shortage,,Cumilla,,,
titas50peaking,HFO,PDB,6*8.92,52,52,,21,Machine problem,,Cumilla,,,
fenchuganj44energyprima,Gas,NENP,12*3.3+5*2,50,50,,4,Engine problem,,Sylhet,,,
shahjibazarg89,Gas,PDB,2*35,70,66,15,,Gas shortage,,Sylhet,,,
bhola225,Gas,PDB,2*63+1*68,194,194,,58,ST under maint.,,Barisal,,,
katakhali50northern,HFO,QRPP,6*8.9,50,50,8,,,,Rajshahi,,,
katakhali50peaking,HFO,PDB,6*8.7,50,50,10,,,,Rajshahi,,,
sirajgonj2251,Gas/HSD,NWPGCL,1*150+1*75,210,210,19,,Gas shortage,,Rajshahi,,,
chapainawabganj100peaking,HFO,PDB,12*8.924,104,104,,13,Engine problem,,Rajshahi,,,
bagura113confidence2,HFO,IPP,6*18.55+7.2,113,113,,33,Engine problem,,Rajshahi,,,
rangpur113confidence,HFO,IPP,9*6.984+7*7.015+3.15*2,113,113,0,,Fuel shortage,,Rangpur,,,
tangail22doreen,Gas,"SIPP, PDB",8*2.90,22,22,,5,Engine problem,,Mymensingh,,,
jamalpur95powerpac,HFO,IPP,12*8.924,95,95,,13,Engine problem,,Mymensingh,,,
fenchugonjphase1,Gas,PDB,2*32+1*33,97,70,,50,GT-1 under S/D ,,Sylhet,,,
fenchugonjphase2,Gas,PDB,2*35+1*35,104,90,,90,Under S/D ,,Sylhet,,,
shajibazar330,Gas,PDB,3*110,330,330,,168,GT-1 under S/D for Gas shortage,,Sylhet,,,
shahjibazarg89,Gas,PDB,2*35,70,66,,30,GT-9 Under maint.,,Sylhet,,,
sylhet10desh,Gas,RPP ,6*1.95,10,10,,6,Engine problem,,Sylhet,,,
bhola33venture,Gas,RPP,1*34.50,33,33,,6,Engine problem,,Barisal,,,
sirajgonj2253,Gas/HSD,NWPGCL,1*141,220,220,40,,Gas shortage and FGMO,,Rajshahi,,,
haripur412,Gas,EGCB,1*273+1*139,412,400,,,Gas shortage,,Dhaka,,,
meghnaghatsummit,Gas,IPP,2*110+1*110,335,335,,335,Under maint.,,Dhaka,,,
madanganj102summit,HFO,NENP,6*17,0,0,,,Fuel shortage,,Dhaka,,,
nababganj55southernpower,HFO,IPP,3*19.3,55,55,,,33 kV Feeder fault,,Dhaka,,,
summitpowermadhabdiashulia,Gas,"SIPP,REB",3*3.67+4*8.73,80,80,,48,Engine problem,,Dhaka,,,
meghnaghatuniquepower,Gas,IPP,586,584,584,,154,ST Under maint.,,Dhaka,,,
karnaphulihydro12345,Hydro,PDB,2*40+3*50,230,230,170,,Low water lavel,,Chattogram,,,
juldah1001acorn,HFO,NENP,8*13.45,100,100,32,,Fuel shortage,,Chattogram,,,
chattogram108ecpv,HFO,IPP,16*7,108,108,38,,Fuel shortage,,Chattogram,,,
anlimaenergy,HFO,IPP,6*21.2,116,116,44,,Fuel shortage,,Chattogram,,,
ashuganj55precision,Gas,QRPP,0,55,55,55,,,,Cumilla,,,
chandpur150,Gas,PDB,1*106+1*57,163,163,,78,Machine problem,,Cumilla,,,
chandpur200deshenergy,HFO,IPP,12*18.4,200,200,164,,Engine problem,,Cumilla,,,
mymensingh200ed,HFO,IPP,9.78*21,200,200,135,,Fuel shortage,,Mymensingh,,,
fenchuganj44energyprima,Gas,NENP,12*3.3+5*2,50,50,,7,Engine problem,,Sylhet,,,
shahjibazarg89,Gas,PDB,2*35,70,66,,32,GT-1 Under maint.,,Sylhet,,,
rupsha105orionrupsha,HFO,IPP,6*18.445,105,105,16,,Fuel shortage,,Khulna,,,
baghabari50peaking,HFO,PDB,6*8.9,52,52,,20,Fuel shortage,,Rajshahi,,,
santahar50peaking,HFO,PDB,6*8.7,50,50,22,,Engine problem,,Rajshahi,,,
bagura113confidence2,HFO,IPP,6*18.55+7.2,113,113,,23,Engine problem,,Rajshahi,,,
rangpur113confidence,HFO,IPP,9*6.984+7*7.015+3.15*2,113,113,,7,Engine problem,,Rangpur,,,
keraniganj100powerpac,HFO,NENP,8*13.45,100,75,62,,NENP,,Dhaka,,,
manikganj55northern,HFO,IPP,3*19.3,55,55,20,,,,Dhaka,,,
kodda3002summit,HFO,IPP,18*17.076,300,300,,,Fuel shortage,,Dhaka,,,
kodda1491summit,HFO,IPP,8*18.45+8.97,149,149,,,Fuel shortage,,Dhaka,,,
manikgonj162mpgl,HFO,IPP,9*18,162,162,72,,Fuel shortage,,Dhaka,,,
karnaphulihydro12345,Hydro,PDB,2*40+3*50,230,230,54,,Low water level,,Chattogram,,,
hathazari100peaking,HFO,PDB,11*8.9,98,98,,18,Engine problem,,Chattogram,,,
chattogram108ecpv,HFO,IPP,16*7,108,108,77,,Fuel shortage,,Chattogram,,,
sspoweri,Coal,IPP,2*612,1224,1224,,274,Machine problem,,Chattogram,,,
ashuganj55precision,Gas,NENP,0,55,55,50,,Gas shortage,,Cumilla,,,
chandpur115doreen,HFO,IPP,4*18.5+2*22.5,115,115,40,,Fuel shortage,,Cumilla,,,
jamalpur115ed,HFO,IPP,9.78*12,115,115,59,,Fuel shortage,,Mymensingh,,,
shahjibazar86shahjibazar,Gas,RPP ,32*2.90,86,86,55,,Gas shortage,,Sylhet,,,
sylhet225,Gas,PDB,1*142+1*89,231,231,,101,ST Under Maint.,,Sylhet,,,
barisal110summit,HFO,IPP,7*17.076,110,110,,,fuel shoprtage,,Barisal,,,
bhola225,Gas,PDB,2*63+1*68,194,194,,71,Machine problem,,Barisal,,,
sirajgonj2251,Gas/HSD,NWPGCL,1*150+1*75,210,210,,210,Air filter replacement,,Rajshahi,,,
barapukuria1,Coal,PDB,1*125,125,85,,20,,,Rangpur,,,
madanganj102summit,HFO,NENP,6*17,102,102,69,,Fuel shortage,,Dhaka,,,
keraniganj100powerpac,HFO,NENP,8*13.45,100,75,64,,Fuel shortage,,Dhaka,,,
siddhirgonj2120g,Gas,EGCB, 2*105,210,210,76,,Gas shortage,,Dhaka,,,
kodda3002summit,HFO,IPP,18*17.076,300,300,186,,Fuel shortage,,Dhaka,,,
dohazarikalaish100peaking,HFO,PDB,6*17,102,102,,102,Fuel shortage,,Chattogram,,,
chattogram108ecpv,HFO,IPP,16*7,108,108,92,,Fuel shortage,,Chattogram,,,
karnaphulipower,HFO,IPP,18.415*6+6.5,110,110,59,,Engine problem.,,Chattogram,,,
mirsharai150,Gas/HFO,BPDB-RPCL,18.5*9,163,163,19,,Fuel shortage,,Chattogram,,,
chandpur200deshenergy,HFO,IPP,12*18.4,200,200,45,,Fuel shortage,,Cumilla,,,
shahjibazarg89,Gas,PDB,2*35,70,66,,46,Unit-9 under maint,,Sylhet,,,
bheramara410,Gas,NWPGCL,1*278+1*132,410,410,185,,Gas shortage,,Khulna,,,
rampal1320bifpcl,Coal,NTPC&BPDB,660*2,617,617,617,,Coal shortage,,Khulna,,,
barisal110summit,HFO,IPP,7*17.076,110,110,30,,Fuel shortage,,Barisal,,,
energypacpowerventurethakurgaon,HFO,IPP,115,115,115,2,,,,Rangpur,,,
ghorashal785max,Gas,QRPP,2*40,78,78,,,Engine problem,,Dhaka,,,
madanganj102summit,HFO,QRPP ,6*17,102,100,,20,Engine problem,,Dhaka,,,
meghnaghat104opcl,HFO,IPP,18.5*6,0,0,,,,,Dhaka,,,
karnaphulihydro12345,Hydro,PDB,2*40+3*50,230,230,123,,Low water level & Unit-2 under maint.,,Chattogram,,,
hathazari100peaking,HFO,PDB,11*8.9,98,98,,,under maint.,,Chattogram,,,
feni11doreen,Gas,"SIPP, REB",4*2.90,11,11,,6,,,Cumilla,,,
ghorasal3657,Gas,PDB,1*243+1*122,365,365,,95, ,,Dhaka,,,
haripurg,Gas,"SBU, PDB",2*32,64,40,,20,Machine problem,,Dhaka,,,
madanganj102summit,HFO,QRPP ,6*17,102,100,,19,Engine problem,,Dhaka,,,
bosila108clc,HFO,IPP,12*8.775+1*3.5,108,108,,,,,Dhaka,,,
chattogram1,Gas,PDB,1*210,210,180,105,,Gas shortage,,Chattogram,,,
chattogram108ecpv,HFO,IPP,16*7,108,108,,10,Engine problem,,Chattogram,,,
shajibazar330,Gas,PDB,3*110,330,330,,,ST under maint.,,Sylhet,,,
shahjibazar86shahjibazar,Gas,RPP ,32*2.90,86,86,,6,Engine prblem,,Sylhet,,,
shahjibazar50epl,Gas,RPP,27*2.0,50,50,,7,Engine prblem,,Sylhet,,,
amnura50sinha,HFO,QRPP,7*7.79,50,50,,32,Engine problem,,Rajshahi,,,
sirajgonj2253,Gas/HSD,NWPGCL,1*141,220,220,,,Gas Shortage,,Rajshahi,,,
barapukuria1,Coal,PDB,1*125,125,85,,,Under maint.,,Rangpur,,,
saidpur20g,HSD,PDB,1*20,20,20,,,Under maint.,,Rangpur,,,
madanganj102summit,HFO,NENP,6*17,102,102,,34,Engine problem,,Dhaka,,,
siddhirganj100dutchbangla,HFO,NENP,12*8.9,100,100,,100,Engine problem,,Dhaka,,,
sikalbaha225,Gas/HSD,PDB,1*150+1*75,225,225,225,,Under maint.,,Chattogram,,,
anwara300ed,HFO,IPP,17*17+24,300,300,100,,Fuel shortage,,Chattogram,,,
ashuganj225,Gas,APSCL,1*142+1*75,221,221,121,,Gas shortage,,Cumilla,,,
ashuganj450south,Gas,APSCL,1*360,360,360,160,,Gas shortage,,Cumilla,,,
ashuganj150midland,HFO,IPP,23*7.015,150,150,90,,Fuel shortage,,Cumilla,,,
chowmuhani113,HFO,IPP,12*9.78+2*3.1,113,113,55,,Fuel shortage,,Cumilla,,,
chandpur115doreen,HFO,IPP,4*18.5+2*22.5,115,115,98,,Fuel shortage,,Cumilla,,,
rpcl210,Gas,IPP,4*35+1*70,210,202,142,,Gas shortage,,Mymensingh,,,
jamalpur115ed,HFO,IPP,9.78*12,115,115,37,,Fuel shortage,,Mymensingh,,,
rupsha105orionrupsha,HFO,IPP,6*18.445,105,105,,,Fuel shortage,,Khulna,,,
bhola225,Gas,PDB,2*63+1*68,194,194,,139,GT-1 & ST Under maint.,,Barisal,,,
baghabari50peaking,HFO,PDB,6*8.9,52,52,19,,Fuel shortage,,Rajshahi,,,
bagura113confidence2,HFO,IPP,6*18.55+7.2,113,113,78,,Project work,,Rajshahi,,,
confidencepowerbogura1113,HFO,IPP,6*18.55,113,113,78,,Project work,,Rajshahi,,,
ghorasalrepowered4,Gas,PDB,1*210,210,180,,180,Machine problem,,Dhaka,,,
ghorashal108regent,Gas,IPP,34*3.35,108,108,,28,Engine problem,,Dhaka,,,
meghnaghatsummit,Gas,IPP,2*110+1*110,335,335,201,,Gas shortage,,Dhaka,,,
kodda150,HFO,BPDB-RPCL,9*17.06,149,149,,59,Engine problem,,Dhaka,,,
nababganj55southernpower,HFO,IPP,3*19.3,55,55,,,33 kV feeder fault.,,Dhaka,,,
hathazari100peaking,HFO,PDB,11*8.9,98,98,77,,Fuel shortage,,Chattogram,,,
juldah1003acorn,HFO,IPP,8*13.5,100,100,,50,Engine problem,,Chattogram,,,
anwara300ed,HFO,IPP,17*17+24,300,300,17,,Engine problem,,Chattogram,,,
ashuganj150midland,HFO,IPP,23*7.015,150,150,,65,Engine problem,,Cumilla,,,
titas50peaking,HFO,PDB,6*8.92,52,52,,5,Engine problem,,Cumilla,,,
chandpur150,Gas,PDB,1*106+1*57,163,163,163,,Gas shortage.,,Cumilla,,,
fenchuganj44energyprima,Gas,NENP,12*3.3+5*2,50,50,8,,Gas shortage,,Sylhet,,,
faridpur50peaking,HFO,PDB,8*6.89,54,54,15,,Fuel shortage,,Khulna,,,
gopalganj100peaking,HFO,PDB,16*6.98,109,109,34,,Fuel shortage,,Khulna,,,
rupsha105orionrupsha,HFO,IPP,6*18.445,105,105,,50,Engine problem,,Khulna,,,
sirajgonj2253,Gas/HSD,NWPGCL,1*141,220,220,63,,Gas shortage,,Rajshahi,,,
sirajgonj4004,Gas/HSD,SNWPGCL,1*282+1*132,414,414,154,,Gas shortage,,Rajshahi,,,
haripur412,Gas,EGCB,1*273+1*139,412,412,162,,Gas shortage,,Dhaka,,,
siddhirganj335,Gas,EGCB,1*217+118,335,335,55,,Gas shortage,,Dhaka,,,
ashuganj225,Gas,APSCL,1*142+1*75,221,221,,81,ST Under maint.,,Cumilla,,,
chandpur150,Gas,PDB,1*106+1*57,163,163,,163,Engine problem,,Cumilla,,,
rpcl210,Gas,IPP,4*35+1*70,210,202,95,,Gas shortage,,Mymensingh,,,
jamalpur95powerpac,HFO,IPP,12*8.924,95,8,,,,,Mymensingh,,,
mymensingh200ed,HFO,IPP,200,200,200,,10,Engine problem,,Mymensingh,,,
bibiyanaiii400,Gas,PDB,400 MW,400,400,78,,Gas shortage,,Sylhet,,,
rupsha105orionrupsha,HFO,IPP,6*18.445,105,105,,16,Engine problem,,Khulna,,,
bhola95aggreko,Gas,QRPP,96*1.10,95,95,78,,Gas shortage,,Barisal,,,
bera70peaking,HFO,PDB,9*8.29,71,71,,33,Engine problem,,Rajshahi,,,
katakhali50peaking,HFO,PDB,6*8.7,50,50,,12,Engine problem,,Rajshahi,,,
sirajgonj2252,Gas/HSD,NWPGCL,1*150+1*75,220,220,49,,Gas shortage,,Rajshahi,,,
rangpur20g,HSD,PDB,1*20,20,20,,20,Engine problem,,Rangpur,,,
kodda1491summit,HFO,IPP,8*18.45+8.97,149,149,16,,Fuel shortage,,Dhaka,,,
meghnaghat104opcl,HFO,IPP,18.5*6,104,104,104,,Fuel shortage,,Dhaka,,,
karnaphulihydro12345,Hydro,PDB,2*40+3*50,230,230,55,,Low water level,,Chattogram,,,
ashuganj150midland,HFO,IPP,23*7.015,150,150,35,,Fuel shortage,,Cumilla,,,
chowmuhani113,HFO,IPP,12*9.78+2*3.1,113,113,68,,Fuel shortage,,Cumilla,,,
shahjahanulla25,Gas,"SIPP, REB",3*9.34,25,25,,5,Engine problem,,Sylhet,,,
bibiyanasouth400,Gas,PDB,400 MW,383,383,,383,ST Under maint,,Sylhet,,,
meghnaghatuniquepower,Gas,IPP,586,584,584,184,,Gas shortage,,Dhaka,,,
ashuganj55precision,Gas,NENP,0,55,55,3,,Gas shortage,,Cumilla,,,
ashuganj195apscled,Gas,IPP,20*9.73+1*16,195,195,55,,Gas shortage,,Cumilla,,,
sylhet225,Gas,PDB,1*142+1*89,231,231,,96,machine problem,,Sylhet,,,
bibianaii341summit,Gas,IPP,1*222+1*119,341,341,,341,Gas problem,,Sylhet,,,
bibiyanaiii400,Gas,PDB,285*1+134*1,400,400,,40,,,Sylhet,,,
bheramara410,Gas,NWPGCL,1*278+1*132,410,410,55,,Gas shortage,,Khulna,,,
rampal1320bifpcl,Coal,NTPC&BPDB,617*2,1234,1234,617,,Unit-2 S/D,,Khulna,,,
sirajgonj2253,Gas/HSD,NWPGCL,1*141,220,220,4,,,,Rajshahi,,,
barapukuria2753,Coal,PDB,1*275,274,274,,110,Machine problem,,Rangpur,,,
meghnaghat100iel,HFO,NENP,12*8.9,100,100,66,,Fuel shortage,,Dhaka,,,
madanganj102summit,HFO,NENP,6*17,102,102,,6,Engine problem,,Dhaka,,,
madanganj55summit,HFO,IPP,3*17.08+1*11.3,55,55,30,,Fuel shortage,,Dhaka,,,
keraniganj100powerpac,HFO,NENP,8*13.45,100,75,,53,Engine problem,,Dhaka,,,
siddhirgonj2120g,Gas,EGCB, 2*105,210,210,15,,,,Dhaka,,,
siddhirganj100dutchbangla,HFO,NENP,12*8.9,100,100,68,,Fuel shortage,,Dhaka,,,
siddhirganj335,Gas,EGCB,1*217+118,335,335,,115,Machine problem,,Dhaka,,,
kodda3002summit,HFO,IPP,18*17.076,300,300,185,,Fuel shortage,,Dhaka,,,
keranigonj300apr,HSD,IPP,256*1.4,300,300,50,,Fuel shortage,,Dhaka,,,
karnaphulihydro12345,Hydro,PDB,2*40+3*50,230,230,155,,Low Water Level ,,Chattogram,,,
sikalbaha105barakasikalbaha,HFO,IPP,6*17.5,105,105,8,,Engine problem,,Chattogram,,,
juldah1003acorn,HFO,IPP,8*13.5,100,100,40,,Fuel shortage,,Chattogram,,,
juldah2acorn,HFO,IPP,8*13.6,100,100,36,,Fuel shortage,,Chattogram,,,
ashuganj450south,Gas,APSCL,1*360,360,360,130,,Gas shortage,,Cumilla,,,
ashuganj51midland,Gas,IPP,6*9.34,51,51,,,Engine problem,,Cumilla,,,
titas50peaking,HFO,PDB,6*8.92,52,52,,8,Machine problem,,Cumilla,,,
chandpur115doreen,HFO,IPP,4*18.5+2*22.5,115,115,0,,,,Cumilla,,,
sylhet225,Gas,PDB,1*142+1*89,231,231,,116,ST Under maint,,Sylhet,,,
bheramara410,Gas,NWPGCL,1*278+1*132,410,410,300,,Gas shortage,,Khulna,,,
rampal1320bifpcl,Coal,NTPC&BPDB,660*2,617,617,,110,Machine problem,,Khulna,,,
sirajgonj2253,Gas/HSD,NWPGCL,1*141,220,220,75,,Gas shortage,,Rajshahi,,,
sirajgonj4004,Gas/HSD,SNWPGCL,1*282+1*132,414,414,94,,Gas shortage,,Rajshahi,,,
natore52rajlanka,HFO,IPP,6*8.92,52,52,,44,Fuel shortage,,Rajshahi,,,
chapainawabganj100peaking,HFO,PDB,12*8.924,104,104,11,,Fuel shortage,,Rajshahi,,,
rangpur113confidence,HFO,IPP,9*6.984+7*7.015+3.15*2,113,113,28,,Fuel shortage,,Rangpur,,,
energypacpowerventurethakurgaon,HFO,IPP,115,115,115,23,,,,Rangpur,,,
haripur412,Gas,EGCB,1*273+1*139,412,412,,,,2024-02-12 00:00:00,Dhaka,,,
meghnaghat100iel,HFO,NENP,12*8.9,100,100,,,Fuel shortage,,Dhaka,,,
siddhirgonj2120g,Gas,EGCB, 2*105,210,210,110,,GT-2 S/D Gas shortage,,Dhaka,,,
siddhirganj100dutchbangla,HFO,NENP,12*8.9,100,100,,32,Engine problem,,Dhaka,,,
gagnagar102digitalpower,HFO,IPP,12*8.924,102,102,,11,Engine problem,,Dhaka,,,
kodda1491summit,HFO,IPP,8*18.45+8.97,149,149,114,,,,Dhaka,,,
sikalbaha225,Gas/HSD,PDB,1*150+1*75,225,225,15,,,,Chattogram,,,
hathazari100peaking,HFO,PDB,11*8.9,98,98,98,,Fuel shortage,,Chattogram,,,
sspoweri,Coal,SS Power ,2*612,1224,1224,644,,,,Chattogram,,,
ashuganj450north,Gas,APSCL,1*360,360,360,360,,under maint.,,Cumilla,,,
ashuganj450south,Gas,APSCL,1*360,360,360,70,,Gas shortage,,Cumilla,,,
kushiara163kp,Gas,IPP,1*109+1*54,163,163,,163,Under Maint.,,Sylhet,,,
sylhet20g,Gas,PDB,1*20,20,20,4,,Gas shortage,,Sylhet,,,
faridpur50peaking,HFO,PDB,8*6.89,54,54,2,,,,Khulna,,,
bhola225,Gas,PDB,2*63+1*68,194,194,,124,"ST, GT-1 Under maint.",,Barisal,,,
baghabari50peaking,HFO,PDB,6*8.9,52,52,26,,Fuel shortage,,Rajshahi,,,
sirajgonj2253,Gas/HSD,NWPGCL,1*141,220,220,65,,Gas shortage,,Rajshahi,,,
ghorashal108regent,Gas,IPP,34*3.35,108,108,,8,Engine problem,,Dhaka,,,
haripur412,Gas,EGCB,1*273+1*139,412,412,,412,Under maint,2022-04-04 00:00:00,Dhaka,,,
sikalbaha225,Gas/HSD,PDB,1*150+1*175,225,225,,75,ST Under S/D,,Chattogram,,,
titas50peaking,HFO,PDB,6*8.92,52,52,,20,,,Cumilla,,,
chandpur150,Gas,PDB,1*106+1*57,163,163,,73,ST under S/D,,Cumilla,,,
rpcl210,Gas,IPP,4*35+1*70,210,202,24,,Gas shortage,,Mymensingh,,,
kushiara163kp,Gas,IPP,1*109+1*54,163,163,,163,Under Maint.,22-03-022,Sylhet,,,
shajibazar330,Gas,PDB,3*110,330,330,,110,ST under maint,,Sylhet,,,
shahjibazarg89,Gas,PDB,2*35,70,66,,16,Machine problem,,Sylhet,,,
bhola225,Gas,PDB,2*63+1*68,194,194,194,,Gas shortage,,Barisal,,,
sirajgonj2251,Gas/HSD,NWPGCL,1*150+1*75,210,210,,200,ST Commissioning process,,Rajshahi,,,
madanganj55summit,HFO,(IPP),3*17.08+1*11.3,55,55,,13,Engine problem,,Dhaka,,,
karnaphulihydro12345,Hydro,PDB,2*40+3*50,230,230,125,,Low water level & Unit-2 under maint.,,Chattogram,,,
fenchugonjphase2,Gas,PDB,2*35+1*35,104,90,,60, under  maint.,,Sylhet,,,
amnura50sinha,HFO,QRPP,7*7.79,50,50,,10,Fuel shortage.,,Rajshahi,,,
rangpur20g,HSD,PDB,1*20,20,20,,,Under maint.,,Rangpur,,,
ghorasalst12,Gas,PDB,2*55,110,85,,15,ST-1 under maint.,,Dhaka,,,
ghorasalgt4,Gas,PDB,1*210,210,180,,180,Under maint.,,Dhaka,,,
ghorasalst5,Gas,PDB,1*210,210,190,80,,Gas shoetage,,Dhaka,,,
ghorashal78max,Gas,QRPP,2*40,78,78,48,,Gas Shortage,,Dhaka,,,
ghorashalregent,Gas,IPP,34*3.35,108,108,58,,Gas Shortage,,Dhaka,,,
haripurgt12,Gas,"SBU, PDB",2*32,64,40,20,,Gas Shortage,,Dhaka,,,
meghnaghat450,Gas,IPP,2*150+1*150,450,450,,,Megnaghat 450 MW GT-1,16/06/2019,Dhaka,,,
siddhirgonjgt12,Gas,EGCB, 2*105,210,210,15,,,,Dhaka,,,
siddhirganj335,Gas,EGCB,1*217,217,217,,,Under maint.,,Dhaka,,,
bancoenergy54,HFO,IPP,3*18,54,54,,19,Engine problem,,Dhaka,,,
bosila108,HFO,IPP,12*8.775+1*3.5,108,108,,43,Engine problem,,Dhaka,,,
chittgongst2raozan,Gas,PDB,1*210,210,180,80,,Gas shortage,,Chattogram,,,
kaptaihydro12345,Hydro,PDB,2*40+3*50,230,230,,192,Low water lavel,,Chattogram,,,
sikalbahaenergis,HFO,RPP ,4*12.5+2*11.9+1*3+1*1.5,51,51,,27,Engine problem,,Chattogram,,,
chattogramecpv108,HFO,IPP,16*7,108,108,,18,Engine problem,,Chattogram,,,
ashuganjst3,Gas,APSCL,1*150,150,135,55,,Gas shortage,,Cumilla,,,
summitbibiana2,Gas,IPP,1*222+1*119,341,341,,,Under Maint,14/06/2019,Sylhet,,,
bheramara360,Gas,NWPGCL,1*278+1*132,410,410,,410,Under maint.,15/06/2019,Khulna,,,
meghnaghat450mpl,Gas,IPP,2*150+1*150,450,450,,450,Under maintenance,,Dhaka,,,
siddhirgonj2120g,Gas,EGCB, 2*105,210,210,60,,Gas shortage,,Dhaka,,,
siddhirganj335,Gas,EGCB,1*217+118,335,335,,335,Engone problem,,Dhaka,,,
mymensingh200ed,HFO,IPP,200,200,200,,47,Machine problem,,Mymensingh,,,
amnura50sinha,HFO,QRPP,7*7.79,50,50,50,,Fuel Shortage.,,Rajshahi,,,
haripur412,Gas,EGCB,1*273+1*139,412,412,62,,Gas shortage,2021-09-02 00:00:00,Dhaka,,,
haripur360hpl,Gas,IPP,1*235+1*125,360,360,160,,Dirty Gas,,Dhaka,,,
meghnaghat450mpl,Gas,IPP,2*150+1*150,450,450,170,,Dirty Gas,,Dhaka,,,
gazipur100,HFO,RPCL,100 MW,105,105,,15,Engine problem,2021-08-31 00:00:00,Dhaka,,,
karnaphulihydro12345,Hydro,PDB,2*40+3*50,230,230,77,,Low water level & Unit-3 S/D,,Chattogram,,,
chattogram108ecpv,HFO,IPP,16*7,108,108,57,,Fuel shortage,,Chattogram,,,
ashuganj55precision,Gas,RPP ,15*4,55,55,25,,Gas shortage,,Cumilla,,,
ashuganj150midland,HFO,IPP,23*7.015,150,150,,20,Engine problem,2021-08-31 00:00:00,Cumilla,,,
rpcl210,Gas,IPP,4*35+1*70,210,202,82,,Gas shortage,2021-09-01 00:00:00,Mymensingh,,,
mymensingh200ed,HFO,IPP,200,200,200,,15,Engine problem,2021-09-13 00:00:00,Mymensingh,,,
bhola95aggreko,Gas,QRPP,96*1.10,95,95,35,,Gas shortage,,Barisal,,,
sirajgonj2251,Gas/HSD,NWPGCL,1*150+1*75,210,210,210,,Gas shortage & ST Under maint.,,Rajshahi,,,
sirajgonj2252,Gas/HSD,NWPGCL,1*150+1*75,220,220,50,,Gas shortage,,Rajshahi,,,
natore52rajlanka,HFO,IPP,52,52,52,,27,Engine problem,,Rajshahi,,,
chapainawabganj100peaking,HFO,PDB,104,104,104,,19,Engine problem,,Rajshahi,,,
meghnaghat450mpl,Gas,IPP,2*150+1*150,450,450,190,,Gas shortage,,Dhaka,,,
keraniganj100powerpac,HFO,QRPP,8*13.45,100,100,100,,Fuel shortage,,Dhaka,,,
ashuganj450north,Gas,APSCL,1*360,360,360,,140,ST Under maint.,,Cumilla,,,
chandpur150,Gas,PDB,1*106+1*57,163,163,,71,Machine problem,,Cumilla,,,
fenilankapower,HFO,IPP,7*18.415+1*9.78,114,114,,33,Engine problem,,Cumilla,,,
faridpur50peaking,HFO,PDB,8*6.89,54,54,,20,Engine problem,,Khulna,,,
payra1320,Coal,BCPCL,2*622,1244,1244,,,Line over load.,,Barisal,,,
confidencepowerbogura1113,HFO,IPP,6*18.55,113,113,,23,Engine problem,,Rajshahi,,,
haripur360hpl,Gas,IPP,1*235+1*125,360,360,360,,Gas line problem,,Dhaka,,,
meghnaghat450mpl,Gas,IPP,2*150+1*150,450,450,60,,Gas shortage,,Dhaka,,,
meghnaghatsummit,Gas,IPP,2*110+1*110,335,335,,35,GT-1 S/D due to gas shortage,,Dhaka,,,
karnaphulihydro12345,Hydro,PDB,2*40+3*50,230,230,,134,Low Water Level ,,Chattogram,,,
juldah1001acorn,HFO,NENP,8*13.45,100,100,,10,Engine problem,,Chattogram,,,
chandpur150,Gas,PDB,1*106+1*57,163,163,,28,Machine problem.,,Cumilla,,,
chowmuhani113,HFO,IPP,12*9.78+2*3.1,113,113,17,,Engine problem,,Cumilla,,,
mymensingh200ed,HFO,IPP,9.78*21,200,200,,9,Engine problem,,Mymensingh,,,
sylhet225,Gas,PDB,1*142+1*89,231,231,,,Flood in Sylhet,,Sylhet,,,
sylhet20g,Gas,PDB,1*20,20,20,,,Flood in Sylhet,,Sylhet,,,
sylhet50epl,Gas,NENP,27*2,50,50,,,Flood in Sylhet,,Sylhet,,,
shahjahanulla25,Gas,"SIPP, REB",3*9.34,25,25,,,Flood in Sylhet,,Sylhet,,,
sylhet10desh,Gas,RPP ,6*1.95,10,10,,,Flood in Sylhet,,Sylhet,,,
madhumati100,HFO,NWPGCL,6*18,105,105,,16,Engine problem,,Khulna,,,
katakhali50northern,HFO,QRPP,6*8.9,50,50,,50,Fuel shortage,,Rajshahi,,,
rangpur113confidence,HFO,IPP,9*6.984+7*7.015+3.15*2,113,113,,18,Engine problem,,Rangpur,,,
ghorasalrepowered3gt,Gas,PDB,1*260,260,260,,170,Machine problem,                                          ,Dhaka,,,
ghorashal108regent,Gas,IPP,34*3.35,108,108,,,Gas shortage,,Dhaka,,,
haripur412,Gas,EGCB,1*273+1*139,412,412,87,,Gas shortage,,Dhaka,,,
haripur360hpl,Gas,IPP,1*235+1*125,360,360,90,,Gas shortage,,Dhaka,,,
meghnaghat450mpl,Gas,IPP,2*150+1*150,450,450,230,,Gas shortage,,Dhaka,,,
karnaphulihydro12345,Hydro,PDB,2*40+3*50,230,230,172,,Low water lavel,,Chattogram,,,
sikalbahapeakinggt,Gas/HSD,PDB,1*150 ,150,150,,40,Machine problem,,Chattogram,,,
ashuganj51midland,Gas,IPP,6*9.34,51,51,,17,Engine problem,,Cumilla,,,
noapara40khanjahanali,HFO,QRPP,5*8.5,40,0,,,Contract Expired,,Khulna,,,
bhola95aggreko,Gas,QRPP,96*1.10,95,95,25,,Gas shortage,,Barisal,,,
madanganj102summit,HFO,NENP,6*17,102,102,,51,Engine problem,,Dhaka,,,
kodda1491summit,HFO,IPP,8*18.45+8.97,149,149,19,,Fuel shortage,,Dhaka,,,
karnaphulihydro12345,Hydro,PDB,2*40+3*50,230,230,,23,,,Chattogram,,,
hathazari100peaking,HFO,PDB,11*8.9,98,98,34,,Fuel shortage,,Chattogram,,,
dohazarikalaish100peaking,HFO,PDB,6*17,102,102,85,,under maint.,,Chattogram,,,
mirsharai150,Gas/HFO,BPDB-RPCL,18.5*9,163,163,,,Gas shortage,,Chattogram,,,
ashuganj225,Gas,APSCL,1*142+1*75,221,221,,71,ST under maint.,,Cumilla,,,
rpcl210,Gas,IPP,4*35+1*70,210,202,136,,Gas shortage,,Mymensingh,,,
khulna115kpcl2,HFO,NENP,7*17,115,115,50,,Fuel shortage,,Khulna,,,
adanipowerjharkhanda,Coal,Imported power,748*2,1496,1496,496,,,,Rajshahi,,,
keraniganj100powerpac,HFO,NENP,8*13.45,100,75,60,,Engine problem.,,Dhaka,,,
kanchanpurbachalpowergeneration,HFO,IPP,18.4*3,55,55,55,,Engine problem.,,Dhaka,,,
hathazari100peaking,HFO,PDB,11*8.9,98,98,17,,,,Chattogram,,,
dohazarikalaish100peaking,HFO,PDB,6*17,102,102,,48,Engine problem,,Chattogram,,,
chattogram108ecpv,HFO,IPP,16*7,108,108,28,,Fuel shortage,,Chattogram,,,
anwara300ed,HFO,IPP,17*17+24,300,300,248,,,,Chattogram,,,
ashuganj50,Gas,APSCL,14*3.968,53,45,7,,,,Cumilla,,,
chandpur200deshenergy,HFO,IPP,12*18.4,200,200,40,,,,Cumilla,,,
chowmuhani113,HFO,IPP,12*9.78+2*3.1,113,113,28,,Fuel shortage,,Cumilla,,,
bhairob545,HFO,IPP,3*18.2,54,54,,12,Engine problem,,Cumilla,,,
fenchugonjphase1,Gas,PDB,2*32+1*33,97,70,,48,Machine problem.,,Sylhet,,,
fenchugonjphase2,Gas,PDB,2*35+1*35,104,90,,40,Machine problem,,Sylhet,,,
adanipowerjharkhanda,Coal,Imported power,748*2,1496,1496,,,Unit-1 Reserve,,Rajshahi,,,
barapukuria1,Coal,PDB,1*125,125,85,12,,,,Rangpur,,,
rangpur113confidence,HFO,IPP,9*6.984+7*7.015+3.15*2,113,113,22,,Fuel shortage,,Rangpur,,,
ghorashal785max,Gas,QRPP,2*40,78,78,40,,Gas shortage,,Dhaka,,,
siddhirganj335,Gas,EGCB,1*217+118,335,335,,85,Engine problem,,Dhaka,,,
chattogram2,Gas,PDB,1*210,210,180,80,,Gas shortage,,Chattogram,,,
karnaphulihydro12345,Hydro,PDB,2*40+3*50,230,230,155,,Low water level,,Chattogram,,,
ashuganj50,Gas,APSCL,14*3.968,53,45,,11,Engine problem,,Cumilla,,,
chandpur150,Gas,PDB,1*106+1*57,163,163,,73,Machine Problem,,Cumilla,,,
shahjibazar86shahjibazar,Gas,RPP ,32*2.90,86,86,,12,Engine problem,,Sylhet,,,
baghabari100g,Gas,PDB,1*100,100,100,40,,Gas shortage,,Rajshahi,,,
ghorashal108regent,Gas,IPP,34*3.35,108,108,,15,Engine problem,,Dhaka,,,
meghnaghat450mpl,Gas,IPP,2*150+1*150,450,450,225,,Gas shortage & GT-2 S/D,,Dhaka,,,
madanganj55summit,HFO,IPP,3*17.08+1*11.3,55,55,,25,Engine problem,,Dhaka,,,
keranigonj300apr,HSD,IPP,256*1.4,300,300,300,,Fuel conservation,,Dhaka,,,
bramhangoan100aggreko,HSD,IPP,114*0.959,100,100,100,,Fuel conservation,,Dhaka,,,
aurahati100aggreko,HSD,IPP,0.85*23+0.95*91,100,100,100,,Fuel conservation,,Dhaka,,,
meghnaghat104opcl,HFO,IPP,18.5*6,104,104,,,Fuel shortage,,Dhaka,,,
patenga50baraka,HFO,IPP,8*6.98,50,50,,18,Engine problem,,Chattogram,,,
karnaphulihydro12345,Hydro,PDB,2*40+3*50,230,230,,119,Low Water Level ,,Chattogram,,,
sikalbahapeakinggt,Gas/HSD,PDB,1*150 ,150,150,,150,"Under maint,Fuel conservation",,Chattogram,,,
juldah1001acorn,HFO,NENP,8*13.45,100,100,44,,Fuel shortage,,Chattogram,,,
anwara300ed,HFO,IPP,17*17+24,300,300,86,,Fuel shortage,,Chattogram,,,
chandpur150,Gas,PDB,1*106+1*57,163,163,,21,Engine problem,,Cumilla,,,
daudkandi200btrac,HSD,IPP,154*1.4,200,200,200,,Fuel conservation,,Cumilla,,,
chandpur115doreen,HFO,IPP,4*18.5+2*22.5,115,115,55,,Fuel shortage,,Cumilla,,,
rpcl210,Gas,IPP,4*35+1*70,210,202,100,,Gas shortage,,Mymensingh,,,
jamalpur115ed,HFO,IPP,9.78*12,115,115,,36,Engine problem,,Mymensingh,,,
kushiara163kp,Gas,IPP,1*109+1*54,163,163,,53,ST under maint.,,Sylhet,,,
khulna225,HSD,NWPGCL,1*150+1*75,230,230,230,,Fuel conservation,,Khulna,,,
bheramara410,Gas,NWPGCL,1*278+1*132,410,410,225,,Gas shortage,,Khulna,,,
noapara100banglatrac,HSD,IPP,70*1.4,100,100,100,,Fuel conservation,,Khulna,,,
bhola225,Gas,PDB,2*63+1*68,194,194,106,,Gas shortage ,,Barisal,,,
sirajgonj2252,Gas/HSD,NWPGCL,1*150+1*75,220,220,220,,Fuel conservation,,Rajshahi,,,
sirajgonj2253,Gas/HSD,NWPGCL,1*141,220,220,53,,Gas shortage,,Rajshahi,,,
baghabari200paramount,HSD,IPP,135*1.6,200,200,200,,Fuel conservation,,Rajshahi,,,
energypacpowerventurethakurgaon,HFO,IPP,115,115,115,,25,Fuel shortage,,Rangpur,,,
ghorasal12,Gas,PDB,2*55,110,85,,48,# 2 Under maint,,Dhaka,,,
chandpur150,Gas,PDB,1*106+1*57,163,163,,69,Engine problem,,Cumilla,,,
shajibazar330,Gas,PDB,3*110,330,330,180,,GT-1 under maintenance.,,Sylhet,,,
bhola33venture,Gas,RPP,1*34.50,33,33,,12,Engine problem,,Barisal,,,
siddhirgonjgt12,Gas,EGCB, 2*105,210,210,,,,,Dhaka,,,
chattogramst1raozan,Gas,PDB,1*210,210,180,55,,Gas shortage,,Chattogram,,,
raozan25rpcl,HFO,IPP,3*8.9,25,25,,9,Engine problem,,Chattogram,,,
kaptaihydro12345,Hydro,PDB,2*40+3*50,230,230,,117,Low water lavel,,Chattogram,,,
sikalbahapeakinggt,Gas/HSD,PDB,1*150 ,150,150,,150,Under S/D,,Chattogram,,,
ashuganjst3,Gas,APSCL,1*150,150,135,15,,Gas shortage,,Cumilla,,,
chandpur,Gas,PDB,1*106+1*57,163,163,,63,ST Under maint & DP high.,,Cumilla,,,
jamalpur95,HFO,IPP,12*8.924,95,95,,15,Enjgine problem,,Mymensingh,,,
sirajgonj2225,Gas/HSD,NWPGCL,1*150+1*75,220,220,,,,,Rajshahi,,,
ghorasalgt3,Gas,PDB,1*210,210,170,,170,On test.,,Dhaka,,,
chattogramecpv108,HFO,IPP,16*7,108,108,,22,Engine problem,,Chattogram,,,
chandpur,Gas,PDB,1*106+1*57,163,163,,163,Under  maint.,,Cumilla,,,
katakhalinorthern,HFO,QRPP,6*8.9,50,50,,15,Engine problem,,Rajshahi,,,
rajlanka52,HFO,IPP,6*8.92,52,52,,8,Engine problem,,Rajshahi,,,
keraniganj100powerpac,HFO,QRPP,8*13.45,100,100,,100,Unit transformer problem,,Dhaka,,,
ashuganj50,Gas,APSCL,14*3.968,53,45,,40,Engine problem,,Cumilla,,,
jamalpur95powerpac,HFO,IPP,12*8.924,95,95,,89,Engine problem,,Mymensingh,,,
shahjibazarg89,Gas,PDB,2*35,70,66,,,Under maint,,Sylhet,,,
sylhet225,Gas,PDB,1*142+1*89,231,231,,,Under maint,,Sylhet,,,
ghorasal5,Gas,PDB,1*210,210,190,20,,Gas shortage,,Dhaka,,,
haripur412,Gas,EGCB,1*273+1*139,412,412,412,,Dirty Gas,,Dhaka,,,
meghnaghatsummit,Gas,IPP,2*110+1*110,305,305,35,,Gas shortage,,Dhaka,,,
madanganj102summit,HFO,QRPP ,6*17,102,100,,,Contract Expired,,Dhaka,,,
karnaphulihydro12345,Hydro,PDB,2*40+3*50,230,230,160,,Low water lavel,,Chattogram,,,
hathazari100peaking,HFO,PDB,11*8.9,98,98,,98,,,Chattogram,,,
anlimaenergy,HFO,IPP,6*21.2,116,116,,56,Engine problem,,Chattogram,,,
ashuganj150midland,HFO,IPP,23*7.015,150,150,,,Under maint.,,Cumilla,,,
jamalpur95powerpac,HFO,IPP,12*8.924,95,95,,46,Engine problem,,Mymensingh,,,
shajibazar330,Gas,PDB,3*110,330,330,,165,,,Sylhet,,,
shahjibazar100g,Gas,PDB,1*100,0,0,,100,Under maint,20/04/2021,Sylhet,,,
bhola225,Gas,PDB,2*63+1*68,194,194,,124,GT-2 under maint,,Barisal,,,
amnura50sinha,HFO,QRPP,7*7.79,50,50,50,,Fuel shortage ,,Rajshahi,,,
katakhali50northern,HFO,QRPP,6*8.9,50,50,50,,Fuel shortage ,,Rajshahi,,,
ghorasal12,Gas,PDB,2*55,110,85,,45,Unit-2 Under maint.,,Dhaka,,,
ashuganj3,Gas,APSCL,1*150,150,135,15,,Gas shortage,,Cumilla,,,
ashuganj450north,Gas,APSCL,1*360,360,360,,360,Under S/D,,Cumilla,,,
chandpur150,Gas,PDB,1*106+1*57,163,163,,57,ST under S/D,,Cumilla,,,
rpcl210,Gas,IPP,4*35+1*70,210,202,41,,Gas shortage,,Mymensingh,,,
meghnaghatsummit,Gas,IPP,2*110+1*110,335,335,185,,GT-1 Under S/D,,Dhaka,,,
meghnaghatuniquepower,Gas,IPP,586,584,584,,584,Under maint.,,Dhaka,,,
karnaphulipower,HFO,IPP,18.415*6+6.5,110,110,,25,Engine Problem,,Chattogram,,,
ashuganj150midland,HFO,IPP,23*7.015,150,150,15,,Fuel shortage,,Cumilla,,,
chowmuhani113,HFO,IPP,12*9.78+2*3.1,113,113,,27,Engine problem,,Cumilla,,,
mymensingh200ed,HFO,IPP,9.78*21,200,200,99,,Fuel shortage,,Mymensingh,,,
shahjibazarg89,Gas,PDB,2*35,70,66,,34,GT-1 Under maint.,,Sylhet,,,
barisal307,Coal,IPP,307*1,307,307,167,,Wet Coal,,Barisal,,,
meghnaghat100iel,HFO,QRPP,12*8.9,100,100,,10,Engine problem,,Dhaka,,,
madanganj102summit,HFO,QRPP ,6*17,102,102,,8,Engine problem,,Dhaka,,,
gazipur100,HFO,RPCL,6*17.5,105,105,,5,Engine problem,,Dhaka,,,
karnaphulipower,HFO,IPP,18.415*6+6.5,110,110,,4,Engine problem,,Chattogram,,,
anlimaenergy,HFO,IPP,6*21.2,116,116,,16,Engine problem,,Chattogram,,,
shajibazar330,Gas,PDB,3*110,330,330,110,,Gas shortage,,Sylhet,,,
shahjibazarg89,Gas,PDB,2*35,70,66,11,,Gas shortage,,Sylhet,,,
sylhet50epl,Gas,RPP ,27*2,50,50,15,,Gas shortage,,Sylhet,,,
bosila108,HFO,IPP,12*8.775+1*3.5,108,108,,78,Engine problem,,Dhaka,,,
kaptaihydro12345,Hydro,PDB,2*40+3*50,230,230,,165,Low water lavel,,Chattogram,,,
ashuganjenginestsk,Gas,APSCL,14*3.968,53,45,,9,Engine problem,,Cumilla,,,
ashuganjmidland51,Gas,IPP,6*9.34,51,51,6,,,,Cumilla,,,
gopalganjpeaking,HFO,PDB,16*6.98,109,109,,109,under maint.,,Khulna,,,
bholaventure33,Gas,RPP,1*34.50,33,33,,6,Engine problem,,Barisal,,,
bhola194,Gas,PDB,2*63+1*68,194,194,,68, ST under maint.,,Barisal,,,
katakhalinorthern,HFO,QRPP,6*8.9,50,50,,7,,,Rajshahi,,,
confidencecpbl2,HFO,IPP,113 MW,0,0,,,,,Rajshahi,,,
siddhirganj335,Gas,EGCB,1*217+118,335,335,,235,Machine problem,,Dhaka,,,
gazipur100,HFO,RPCL,100 MW,105,105,,21,Engine problem,,Dhaka,,,
manikgonj162mpgl,HFO,IPP,9*18,162,162,,36,Engine problem,,Dhaka,,,
shajibazar330,Gas,PDB,3*110,330,330,,166,GT-1 Under maint,,Sylhet,,,
khulna225,HSD,NWPGCL,1*150+1*75,230,230,,, Not available,,Khulna,,,
baghabari100g,Gas,PDB,1*100,100,100,20,,Gas shortage,,Rajshahi,,,
bera70peaking,HFO,PDB,9*8.29,71,71,,28,Engine problem,,Rajshahi,,,
santahar50peaking,HFO,PDB,6*8.7,50,50,,50,Under maint,,Rajshahi,,,
meghnaghat104opcl,HFO,IPP,18.5*6,104,104,51,,Lube oil shortage.,,Dhaka,,,
chattogram1,Gas,PDB,1*210,210,180,62,,Gas shortage,,Chattogram,,,
chattogram108ecpv,HFO,IPP,16*7,108,108,18,,Fuel shortage,,Chattogram,,,
juldah2acorn,HFO,IPP,8*13.6,100,100,30,,Fuel shortage,,Chattogram,,,
ashuganj225,Gas,APSCL,1*142+1*75,221,221,,11,FGMO,,Cumilla,,,
ashuganj450south,Gas,APSCL,1*360,360,360,,,under maint,,Cumilla,,,
chandpur200deshenergy,HFO,IPP,12*18.4,200,200,64,,,,Cumilla,,,
sylhet225,Gas,PDB,1*142+1*89,231,231,,161,Machine problem,,Sylhet,,,
sirajgonj2251,Gas/HSD,NWPGCL,1*150+1*75,210,210,,,Gas shortage,,Rajshahi,,,
siddhirganj335,Gas,EGCB,1*217+118,335,335,,35,,,Dhaka,,,
kodda150,HFO,BPDB-RPCL,9*17.06,149,149,,6,Engine problem,,Dhaka,,,
meghnaghat104opcl,HFO,IPP,18.5*6,104,104,36,,Lub Oil problem,,Dhaka,,,
juldah1003acorn,HFO,IPP,8*13.5,100,100,88,,fuel shortage.,,Chattogram,,,
ashuganj420east,Gas,APSCL,284*1+116*1,400,400,70,,FGMO,,Cumilla,,,
ashuganj50,Gas,APSCL,14*3.968,53,45,11,,Gas shortage,,Cumilla,,,
chowmuhani113,HFO,IPP,12*9.78+2*3.1,113,113,,0,,,Cumilla,,,
kushiara163kp,Gas,IPP,1*109+1*54,163,163,,0,,,Sylhet,,,
bheramara410,Gas,NWPGCL,1*278+1*132,410,410,195,,Gas shortage,,Khulna,,,
barapukuria2753,Coal,PDB,1*275,274,274,,74,,,Rangpur,,,
siddhirganj335,Gas,EGCB,1*217+118,335,335,335,,,,Dhaka,,,
kodda150,HFO,BPDB-RPCL,9*17.06,149,149,,,DTC,,Dhaka,,,
nababganj55southernpower,HFO,IPP,3*19.3,55,55,,,Fuel shortage,,Dhaka,,,
kodda1491summit,HFO,IPP,8*18.45+8.97,149,149,79,,Fuel shortage,,Dhaka,,,
juldah1003acorn,HFO,IPP,8*13.5,100,100,100,,Fuel shortage,,Chattogram,,,
ashuganj450north,Gas,APSCL,1*360,360,360,40,,FGMO,,Cumilla,,,
chowmuhani113,HFO,IPP,12*9.78+2*3.1,113,113,58,,Engine problem,,Cumilla,,,
jamalpur115ed,HFO,IPP,9.78*12,115,115,90,,Fuel shortage,,Mymensingh,,,
sylhet225,Gas,PDB,1*142+1*89,231,231,,68,Machine problem,,Sylhet,,,
gopalganj100peaking,HFO,PDB,16*6.98,109,109,109,,under maint.,,Khulna,,,
ghorashal108regent,Gas,IPP,34*3.35,108,108,,25,Engine problem,,Dhaka,,,
haripur412,Gas,EGCB,1*273+1*139,412,412,22,,,,Dhaka,,,
meghnaghat100iel,HFO,NENP,12*8.9,100,100,68,,Fuel shortage,,Dhaka,,,
gagnagar102digitalpower,HFO,IPP,12*8.924,102,102,70,,Fuel shortage,,Dhaka,,,
kodda150,HFO,BPDB-RPCL,9*17.06,149,149,,19,Engine problem,,Dhaka,,,
aurahati100aggreko,HSD,IPP,0.85*23+0.95*91,100,100,,10,Engine problem,,Dhaka,,,
kodda1491summit,HFO,IPP,8*18.45+8.97,149,149,,,Fuel shoetage,,Dhaka,,,
meghnaghat104opcl,HFO,IPP,18.5*6,104,104,71,,Fuel shortage,,Dhaka,,,
karnaphulihydro12345,Hydro,PDB,2*40+3*50,230,230,,77,Low Water Level ,,Chattogram,,,
hathazari100peaking,HFO,PDB,11*8.9,98,98,73,,Fuel shortage,,Chattogram,,,
barabkunda22regent,Gas,"SIPP, PDB",8*2.90,22,22,,7,Engine problem,,Chattogram,,,
chattogram108ecpv,HFO,IPP,16*7,108,108,,25,Engine problem,,Chattogram,,,
anwara300ed,HFO,IPP,17*17+24,300,300,90,,Fuel shortage,,Chattogram,,,
chandpur150,Gas,PDB,1*106+1*57,163,163,,33,Engine problem,,Cumilla,,,
fenilankapower,HFO,IPP,7*18.415+1*9.78,114,114,0,,Fuel shortage,,Cumilla,,,
jamalpur115ed,HFO,IPP,9.78*12,115,115,,37,Engine problem,,Mymensingh,,,
kushiara163kp,Gas,IPP,1*109+1*54,163,163,,163,ST under maint.,,Sylhet,,,
sylhet50epl,Gas,NENP,27*2,50,50,20,,Gas shortage,,Sylhet,,,
shahjahanulla25,Gas,"SIPP, REB",3*9.34,25,25,13,,Gas shortage,,Sylhet,,,
noapara100banglatrac,HSD,IPP,70*1.4,100,100,,10,Engine problem,,Khulna,,,
rupsha105orionrupsha,HFO,IPP,6*18.445,105,105,53,,Fuel shortage,,Khulna,,,
payra1320,Coal,BCPCL,2*622,1244,1244,,,Coal Shortage,,Barisal,,,
barapukuria1,Coal,PDB,1*125,125,85,85,,Machine problem,,Rangpur,,,
rangpur113confidence,HFO,IPP,9*6.984+7*7.015+3.15*2,113,113,,57,Engine problem,,Rangpur,,,
gazipur100,HFO,RPCL,100 MW,105,105,,35,Engine problem,,Dhaka,,,
chandpur150,Gas,PDB,1*106+1*57,163,163,,,ST under maintenance,,Cumilla,,,
rpcl210,Gas,IPP,4*35+1*70,210,202,2,,Gas shortage,,Mymensingh,,,
fenchugonjphase2,Gas,PDB,!F71,104,90,,,Water problem.,,Sylhet,,,
shajibazar330,Gas,PDB,3*110,330,330,,170,GT-1  under maint.,,Sylhet,,,
sylhet50epl,Gas,RPP ,27*2,50,50,,20,Engine problem,,Sylhet,,,
ghorasalst5,Gas,PDB,1*210,210,190,,180,Under maint.,,Dhaka,,,
katpotti51,HFO,IPP,7*7.9,51,51,,3,Engoine problem,,Dhaka,,,
summitgazipur1150,HFO,IPP,149,149,149,,19,Engine problem,,Dhaka,,,
sikalbahapeakinggt,Gas/HSD,PDB,1*150 ,150,150,,,FGMO,,Chattogram,,,
sikalbahaenergis,HFO,RPP ,4*12.5+2*11.9+1*3+1*1.5,51,51,,11,,,Chattogram,,,
juldahacorn,HFO,QRPP,8*13.45,100,100,,10,Engine problem,,Chattogram,,,
chattogramecpv108,HFO,IPP,16*7,108,108,,,Engine problem,,Chattogram,,,
ashuganjst4,Gas,APSCL,1*150,150,129,9,,Gas shortage,,Cumilla,,,
ashuganjst5,Gas,APSCL,1*150,150,134,14,,Gas shortage,,Cumilla,,,
ashuganjnorth,Gas,APSCL,1*360,360,360,,100,ST Under maint.,,Cumilla,,,
ashuganjprecision55,Gas,RPP ,15*4,55,55,25,,Gas shortage,,Cumilla,,,
chandpur,Gas,PDB,1*106+1*57,163,163,,63,FGMO & STG under maint.,,Cumilla,,,
mymensinghrpcl210,Gas,IPP,4*35+1*70,210,202,33,,Gas shortage,,Mymensingh,,,
jamalpur95,HFO,IPP,12*8.924,95,95,,16,Engine problem.,,Mymensingh,,,
fenchuganjepl44,Gas,RPP,12*3.3+5*2,44,44,,23,Engine problem,,Sylhet,,,
bholaventure33,Gas,RPP,1*34.50,33,33,,8,Engine problem,,Barisal,,,
baghabarigt100,Gas,PDB,1*100,100,100,,0,,,Rajshahi,,,
sirajgonj3225,Gas/HSD,NWPGCL,1*141,141,141,141,,Gas shortage.,,Rajshahi,,,
bograepl,Gas,RPP ,5*3.3+5*2,20,10,,5,Engine problem,,Rajshahi,,,
rajlanka52,HFO,IPP,6*8.92,52,52,,,Engine problem,,Rajshahi,,,
barapukuria3,Coal,PDB,1*275,274,274,135,,Coal shortage,,Rangpur,,,
madanganj102summit,HFO,NENP,6*17,102,102,54,,Fuel shortage,,Dhaka,,,
gazipur52,HFO,RPCL,6*8.9,52,52,33,,Fuel shortage,,Dhaka,,,
kodda1491summit,HFO,IPP,8*18.45+8.97,149,149,95,,Fuel shortage,,Dhaka,,,
patenga50baraka,HFO,IPP,8*6.98,50,50,24,,Fuel shortage,,Chattogram,,,
karnaphulipower,HFO,IPP,18.415*6+6.5,110,110,38,,Fuel shortage,,Chattogram,,,
juldah2acorn,HFO,IPP,8*13.6,100,100,70,,Fuel shortage,,Chattogram,,,
ashuganj225,Gas,APSCL,1*142+1*75,221,221,11,,Gas shortage,,Cumilla,,,
titas50peaking,HFO,PDB,6*8.92,52,52,,52,Engine problem,,Cumilla,,,
gopalganj100peaking,HFO,PDB,16*6.98,109,109,,26,Engine problem,,Khulna,,,
bhola33venture,Gas,NENP,1*34.50,40,40,,19,Engine problem,,Barisal,,,
bera70peaking,HFO,PDB,9*8.29,71,71,,40,Engine problem,,Rajshahi,,,
ghorasal12,Gas,PDB,2*55,110,85,,85,Under maint,,Dhaka,,,
ashuganj4,Gas,APSCL,1*150,150,129,49,,,,Cumilla,,,
ashuganj195apscled,Gas,IPP,20*9.73+1*16,195,195,0,,,,Cumilla,,,
fenchugonjphase2,Gas,PDB,2*35+1*35,104,90,,58,Machine problem.,,Sylhet,,,
shajibazar330,Gas,PDB,3*110,330,330,,180,Gas shortage.,,Sylhet,,,
bhola225,Gas,PDB,2*63+1*68,194,194,,59, ST under maint.,,Barisal,,,
ghorasalrepowered4,Gas,PDB,1*210,210,180,40,,,,Dhaka,,,
ghorasal5,Gas,PDB,1*210,210,190,10,,,,Dhaka,,,
meghnaghatsummit,Gas,IPP,2*110+1*110,335,335,35,,,,Dhaka,,,
madanganj102summit,HFO,NENP,6*17,102,102,,,Engine problem,,Dhaka,,,
meghnaghatuniquepower,Gas,IPP,586,584,584,284,,,,Dhaka,,,
chattogram108ecpv,HFO,IPP,16*7,108,108,69,,Fuel shortage,,Chattogram,,,
sspoweri,Coal,SS Power ,2*612,1224,1224,,624,Unit-2 shut down,,Chattogram,,,
ashuganj195apscled,Gas,IPP,20*9.73+1*16,195,195,147,,Gas shortage,,Cumilla,,,
chandpur150,Gas,PDB,1*106+1*57,163,163,,83,Machine problem,,Cumilla,,,
rampal1320bifpcl,Coal,NTPC&BPDB,617*2,1234,1234,,,Unit-2 shut down,,Khulna,,,
barapukuria2753,Coal,PDB,1*275,274,274,,44,Machine problem,,Rangpur,,,
meghnaghat100iel,HFO,NENP,12*8.9,100,100,,15,Engine problem,,Dhaka,,,
meghnaghatsummit,Gas,IPP,2*110+1*110,335,335,335,,GT-1 under S/D due to Gas shortage,,Dhaka,,,
keraniganj100powerpac,HFO,NENP,8*13.45,100,75,45,,Fuel shortage,,Dhaka,,,
siddhirganj335,Gas,EGCB,1*217+118,335,335,135,,Gas shortage,,Dhaka,,,
anwara300ed,HFO,IPP,17*17+24,300,300,55,,Fuel shortage+Engine problem,,Chattogram,,,
sspoweri,Coal,SS Power ,1*612,612,612,,132,,,Chattogram,,,
shahjibazarg89,Gas,PDB,2*35,70,66,,33,GT-8 Under maint.,,Sylhet,,,
rampal1320bifpcl,Coal,NTPC&BPDB,660*2,617,617,,217,Machine problem,,Khulna,,,
bholanutanbiddutbd,Gas,IPP,220,220,220,,110,GT-1 Under maint.,,Barisal,,,
barisal307,Coal,IPP,307*1,307,307,167,,Coal shortage,,Barisal,,,
meghnaghatsummit,Gas,IPP,2*110+1*110,305,305,305,,Dust in the gas line,,Dhaka,,,
siddhirganj335,Gas,EGCB,1*217+118,335,335,,335,Dust in the gas line,,Dhaka,,,
katpotti52sinha,HFO,IPP,7*7.9,51,51,,,Fuel Shortage.,,Dhaka,,,
chandpur150,Gas,PDB,1*106+1*57,163,163,,163,Filter change.,,Cumilla,,,
shahjibazar100g,Gas,PDB,1*100,100,100,,100,Under maint,20/04/2021,Sylhet,,,
sylhet225,Gas,PDB,1*142+1*89,231,231,,,Gas shortage,,Sylhet,,,
ghorasalrepowered4,Gas,PDB,1*210,210,180,180,,,,Dhaka,,,
karnaphulihydro12345,Hydro,PDB,2*40+3*50,230,230,25,,,,Chattogram,,,
juldah1001acorn,HFO,NENP,8*13.45,100,100,100,,Fuel shortage,,Chattogram,,,
juldah1003acorn,HFO,IPP,8*13.5,100,100,63,,Fuel shortage,,Chattogram,,,
juldah2acorn,HFO,IPP,8*13.6,100,100,63,,Fuel shortage,,Chattogram,,,
chandpur115doreen,HFO,IPP,4*18.5+2*22.5,115,115,49,,Fuel shortage,,Cumilla,,,
bhairob545,HFO,IPP,3*18.2,54,54,,19,engine problem,,Mymensingh,,,
fenchugonjphase2,Gas,PDB,2*35+1*35,104,90,,37,Machine problem,,Sylhet,,,
bibiyanaiii400,Gas,PDB,285*1+134*1,400,400,,134,ST Under maint.,,Sylhet,,,
rampal1320bifpcl,Coal,NTPC&BPDB,617*2,1234,1234,,617,Unit-2 under maint.,,Khulna,,,
sirajgonj2251,Gas/HSD,NWPGCL,1*150+1*75,210,210,50,,,,Rajshahi,,,
ghorasalrepowered4,Gas,PDB,1*210,210,180,,80,,,Dhaka,,,
ghorashal108regent,Gas,IPP,34*3.35,108,108,31,,Gas shortage,,Dhaka,,,
madanganj102summit,HFO,NENP,6*17,102,102,34,,Fuel shortage,,Dhaka,,,
kodda150,HFO,BPDB-RPCL,9*17.06,149,149,67,,Fuel shortage,,Dhaka,,,
nababganj55southernpower,HFO,IPP,3*19.3,55,55,0,,,,Dhaka,,,
patenga50baraka,HFO,IPP,8*6.98,50,50,18,,Fuel shortage,,Chattogram,,,
anlimaenergy,HFO,IPP,6*21.2,116,116,9,,Engine problem,,Chattogram,,,
mymensingh200ed,HFO,IPP,9.78*21,200,200,152,,Fuel shortage,,Mymensingh,,,
rupsha105orionrupsha,HFO,IPP,6*18.445,105,105,87,,Fuel shortage,,Khulna,,,
gazipur100,HFO,RPCL,100 MW,105,105,,5,Engine problem,,Dhaka,,,
ashuganj4,Gas,APSCL,1*150,150,129,19,,Gas shortage,,Cumilla,,,
ashuganj5,Gas,APSCL,1*150,150,134,,134,Under Maint.,,Cumilla,,,
chandpur150,Gas,PDB,1*106+1*57,163,163,,73,ST under maint.,,Cumilla,,,
bheramara360,Gas,NWPGCL,1*278+1*132,410,410,,110,ST under maint,,Khulna,,,
haripurnepc110,HFO,IPP,8*15,110,110,,14,Engine problem,,Dhaka,,,
siddhirgonjgt12,Gas,EGCB, 2*105,210,210,0,,,,Dhaka,,,
siddhirganj335,Gas,EGCB,1*217,217,217,,92,Machine problem,,Dhaka,,,
katpotti51,HFO,IPP,7*7.9,51,51,,4,,,Dhaka,,,
northern55,HFO,IPP,3*19.3,55,55,,0,,,Dhaka,,,
bosila108,HFO,IPP,12*8.775+1*3.5,108,108,,60,Engine problem,,Dhaka,,,
ashuganjst3,Gas,APSCL,1*150,150,135,,,,,Cumilla,,,
ashuganjst4,Gas,APSCL,1*150,150,129,,129,Under maint.,,Cumilla,,,
mymensinghrpcl210,Gas,IPP,4*35+1*70,210,202,39,,Gas shortage ,,Mymensingh,,,
sirajgonj1225,Gas/HSD,NWPGCL,1*150+1*75,210,210,,,,,Rajshahi,,,
ghorashal108regent,Gas,IPP,34*3.35,108,108,66,,Gas shortage,,Dhaka,,,
meghnaghat100iel,HFO,QRPP,12*8.9,100,100,84,,Fuel shortage,,Dhaka,,,
keraniganj100powerpac,HFO,QRPP,8*13.45,100,100,75,,Fuel shortage,,Dhaka,,,
gagnagar102digitalpower,HFO,IPP,12*8.924,102,102,95,,Fuel shortage,,Dhaka,,,
kushiara163kp,Gas,IPP,1*109+1*54,163,163,,53,STG under maint.,,Sylhet,,,
sylhet225,Gas,PDB,1*142+1*89,231,231,,,Under maintenance,,Sylhet,,,
bheramara410,Gas,NWPGCL,1*278+1*132,410,410,75,,Gas Shortage,,Khulna,,,
rupsha105orionrupsha,HFO,IPP,6*18.445,105,105,,70,Fuel shortage,,Khulna,,,
bhola95aggreko,Gas,QRPP,96*1.10,95,95,,9,Engine problem,,Barisal,,,
amnura50sinha,HFO,QRPP,7*7.79,50,50,32,,Engine problem,,Rajshahi,,,
rangpur113confidence,HFO,IPP,113 MW,113,113,,19,Engine problem,,Rangpur,,,
ghorasalrepowered4,Gas,PDB,1*210,210,180,180,,Line O/L,,Dhaka,,,
meghnaghat450mpl,Gas,IPP,2*150+1*150,450,450,80,,Gas shortage,,Dhaka,,,
siddhirganj100dutchbangla,HFO,NENP,12*8.9,100,100,8,,Fuel shortage,,Dhaka,,,
hathazari100peaking,HFO,PDB,11*8.9,98,98,,58,Engine problem,,Chattogram,,,
dohazarikalaish100peaking,HFO,PDB,6*17,102,102,,38,Engine problem,,Chattogram,,,
juldah1001acorn,HFO,NENP,8*13.45,100,100,,45,Engine problem,,Chattogram,,,
anwara300ed,HFO,IPP,17*17+24,300,300,75,,Fuel shortage,,Chattogram,,,
rampal1320bifpcl,Coal,NTPC&BPDB,660*2,617,617,,,Tripped ,,Khulna,,,
chapainawabganj100peaking,HFO,PDB,12*8.924,104,104,,19,Enging problem,,Rajshahi,,,
meghnaghat100iel,HFO,NENP,12*8.9,100,100,,93,Fuel shortage,,Dhaka,,,
kodda150,HFO,BPDB-RPCL,9*17.06,149,149,,9,Engine problem,,Dhaka,,,
nababganj55southernpower,HFO,IPP,3*19.3,55,55,,0,Engine problem,,Dhaka,,,
manikgonj162mpgl,HFO,IPP,9*18,162,162,,0,Fuel shortage,,Dhaka,,,
karnaphulihydro12345,Hydro,PDB,2*40+3*50,230,230,,148,Low Water Level ,,Chattogram,,,
dohazarikalaish100peaking,HFO,PDB,6*17,102,102,,,Fuel shortage,,Chattogram,,,
ashuganj225,Gas,APSCL,1*142+1*75,221,221,,,Gas shortage ,,Cumilla,,,
ashuganj450north,Gas,APSCL,1*360,360,360,60,,Gas shortage ,,Cumilla,,,
ashuganj50,Gas,APSCL,14*3.968,53,45,,10,Engine problem,,Cumilla,,,
chandpur150,Gas,PDB,1*106+1*57,163,163,,83,Gas shortage,,Cumilla,,,
chowmuhani113,HFO,IPP,12*9.78+2*3.1,113,113,0,,Fuel shortage,,Cumilla,,,
rpcl210,Gas,IPP,4*35+1*70,210,202,,117,Gas shortage,,Mymensingh,,,
khulna115kpcl2,HFO,NENP,7*17,115,115,15,,Fuel shortage,,Khulna,,,
faridpur50peaking,HFO,PDB,8*6.89,54,54,,10,Engine problem,,Khulna,,,
noapara40khanjahanali,HFO,NENP,5*8.5,40,40,,,Fuel shortage,,Khulna,,,
bhola225,Gas,PDB,2*63+1*68,194,194,112,,Gas shortage ,,Barisal,,,
sirajgonj4004,Gas/HSD,SNWPGCL,1*282+1*132,414,414,74,,Gas shortage,,Rajshahi,,,
haripur412,Gas,EGCB,1*273+1*139,412,412,412,,Dirty fuel(Gas),,Dhaka,,,
meghnaghat104opcl,HFO,IPP,18.5*6,104,104,,104,Engine problem,,Dhaka,,,
jamalpur95powerpac,HFO,IPP,12*8.924,95,95,,45,Engine problem,,Mymensingh,,,
khulna115kpcl2,HFO,QRPP,7*17,115,115,,49,Engine problem,,Khulna,,,
sikalbaha225,Gas/HSD,PDB,1*150+1*75,225,225,31,,Gas shortage,,Chattogram,,,
hathazari100peaking,HFO,PDB,11*8.9,98,98,15,,Fuel shortage,,Chattogram,,,
ashuganj450south,Gas,APSCL,1*360,360,360,360,,under maint,,Cumilla,,,
ashuganj420east,Gas,APSCL,284*1+116*1,400,400,10,,Gas shortage,,Cumilla,,,
ashuganj150midland,HFO,IPP,23*7.015,150,150,70,,Fuel shortage,,Cumilla,,,
chowmuhani113,HFO,IPP,12*9.78+2*3.1,113,113,,,DCT,,Cumilla,,,
rpcl210,Gas,IPP,4*35+1*70,210,202,157,,Gas shortage,,Mymensingh,,,
bibiyanasouth400,Gas,PDB,400 MW,383,383,,123,ST Under S/D,,Sylhet,,,
keraniganj100powerpac,HFO,NENP,8*13.45,100,75,,25,Engine problem,,Dhaka,,,
kamalaghat54bancoenergy,HFO,IPP,3*18,54,54,20,,Fuel shortage,,Dhaka,,,
kodda3002summit,HFO,IPP,18*17.076,300,300,188,,Fuel shortage,,Dhaka,,,
karnaphulihydro12345,Hydro,PDB,2*40+3*50,230,230,100,,Low Water Level ,,Chattogram,,,
sikalbaha105barakasikalbaha,HFO,IPP,6*17.5,105,105,54,,Engine problem,,Chattogram,,,
hathazari100peaking,HFO,PDB,11*8.9,98,98,58,,Fuel shortage,,Chattogram,,,
chattogram108ecpv,HFO,IPP,16*7,108,108,84,,Fuel shortage,,Chattogram,,,
juldah2acorn,HFO,IPP,8*13.6,100,100,12,,Fuel shortage,,Chattogram,,,
ashuganj450south,Gas,APSCL,1*360,360,360,100,,Gas shortage,,Cumilla,,,
titas50peaking,HFO,PDB,6*8.92,52,52,,6,Machine problem,,Cumilla,,,
rpcl210,Gas,IPP,4*35+1*70,210,202,104,,Gas shortage,,Mymensingh,,,
mymensingh200ed,HFO,IPP,9.78*21,200,200,115,,Fuel shortage,,Mymensingh,,,
fenchugonjphase2,Gas,PDB,2*35+1*35,104,90,,60,Under maint,,Sylhet,,,
shahjibazarg89,Gas,PDB,2*35,70,66,,36,Unit-9 under maint,,Sylhet,,,
sylhet225,Gas,PDB,1*142+1*89,231,231,,119,ST Under maint,,Sylhet,,,
bheramara410,Gas,NWPGCL,1*278+1*132,410,410,255,,Gas shortage,,Khulna,,,
khulna330,Gas/HSD,BPDB,1*220+1*110,220,220,100,,Fuel shortage,,Khulna,,,
bhola225,Gas,PDB,2*63+1*68,194,194,,74,Machine problem,,Barisal,,,
katakhali50peaking,HFO,PDB,6*8.7,50,50,15,,Engine problem,,Rajshahi,,,
sirajgonj2253,Gas/HSD,NWPGCL,1*141,220,220,39,,Gas shortage,,Rajshahi,,,
santahar50peaking,HFO,PDB,6*8.7,50,50,17,,Fuel shortage,,Rajshahi,,,
rangpur113confidence,HFO,IPP,9*6.984+7*7.015+3.15*2,113,113,8,,Fuel shortage,,Rangpur,,,
haripur412,Gas,EGCB,1*273+1*139,412,412,,412,Under maint.,2021-07-02 00:00:00,Dhaka,,,
meghnaghat450mpl,Gas,IPP,2*150+1*150,450,450,,450,Under maint.,2021-10-02 00:00:00,Dhaka,,,
karnaphulihydro12345,Hydro,PDB,2*40+3*50,230,230,162,,Low water level,,Chattogram,,,
ashuganj50,Gas,APSCL,14*3.968,53,45,,19,Machine problem,,Cumilla,,,
ashuganj150midland,HFO,IPP,23*7.015,150,150,,50,Engine Problem,,Cumilla,,,
chandpur150,Gas,PDB,1*106+1*57,163,163,,63,ST under maint.,,Cumilla,,,
fenchugonjphase2,Gas,PDB,2*35+1*35,104,90,,,Under maint.,,Sylhet,,,
shahjibazar100g,Gas,PDB,1*100,0,0,,0,,,Sylhet,,,
sylhet225,Gas,PDB,1*142+1*89,231,231,,81,,,Sylhet,,,
sirajgonj2251,Gas/HSD,NWPGCL,1*150+1*75,210,210,210,,,,Rajshahi,,,
sirajgonj4004,Gas/HSD,SNWPGCL,1*282+1*132,414,414,,414,Under maint.,13/2/2021,Rajshahi,,,
bagura113confidence2,HFO,IPP,113 MW,113,113,,113,Under maint.,,Rajshahi,,,
kodda1491summit,HFO,IPP,8*18.45+8.97,149,149,0,,,,Dhaka,,,
meghnaghatuniquepower,Gas,IPP,586,584,584,284,,Gas shortage,,Dhaka,,,
karnaphulihydro12345,Hydro,PDB,2*40+3*50,230,230,96,,Low water level,,Chattogram,,,
ashuganj420east,Gas,APSCL,284*1+116*1,400,400,,,Under maint.,,Cumilla,,,
ashuganj51midland,Gas,IPP,6*9.34,51,51,,0,,,Cumilla,,,
rpcl210,Gas,IPP,4*35+1*70,210,202,173,,Gas shortage,,Mymensingh,,,
sylhet225,Gas,PDB,1*142+1*89,231,231,,101,Machine problem,,Sylhet,,,
bera70peaking,HFO,PDB,9*8.29,71,71,,43,Engine problem,,Rajshahi,,,
sirajgonj2251,Gas/HSD,NWPGCL,1*150+1*75,210,210,45,,Gas shortage,,Rajshahi,,,
sirajgonj2252,Gas/HSD,NWPGCL,1*150+1*75,220,220,70,,Gas shortage,,Rajshahi,,,
bagura113confidence2,HFO,IPP,6*18.55+7.2,113,113,,0,,,Rajshahi,,,
barapukuria1,Coal,PDB,1*125,125,85,,22,Machine problem,,Rangpur,,,
barapukuria2753,Coal,PDB,1*275,274,274,,139,Machine problem,,Rangpur,,,
meghnaghatsummit,Gas,IPP,2*110+1*110,305,305,155,,FGMO & GT-2 S/D due to gas shortage.,,Dhaka,,,
narshingdi22doreen,Gas,"SIPP, REB",8*2.90,22,22,,0,Engine problem,,Dhaka,,,
chattogram1,Gas,PDB,1*210,210,180,180,,Under maint.,,Chattogram,,,
karnaphulihydro12345,Hydro,PDB,2*40+3*50,230,230,,155,"Low Water Level & Unit 2 & 4,5  U/M.",,Chattogram,,,
ashuganj5,Gas,APSCL,1*150,150,134,14,,Gas shortage,,Cumilla,,,
rpcl210,Gas,IPP,4*35+1*70,210,202,,,Gas shortage,,Mymensingh,,,
shajibazar330,Gas,PDB,3*110,330,330,,230,GT-1 S/D ,,Sylhet,,,
shahjibazarg89,Gas,PDB,2*35,70,66,,33,GT-8 S/D for gas shortage.,,Sylhet,,,
bheramara410,Gas,NWPGCL,1*278+1*132,410,410,,410,Under maint.,,Khulna,,,
bhola225,Gas,PDB,2*63+1*68,194,194,,126,Machine problem.,,Barisal,,,
ghorasal3657,Gas,PDB,1*243+1*122,365,365,,165,ST under Main. & Gas shortage,,Dhaka,,,
siddhirganj100dutchbangla,HFO,NENP,12*8.9,100,100,,35,Engine problem,,Dhaka,,,
siddhirganj335,Gas,EGCB,1*217+118,335,335,119,,Gas shortage,,Dhaka,,,
rupganj33summit,Gas,"SIPP,REB",4*8.73,33,33,,1,,,Dhaka,,,
anwara300ed,HFO,IPP,17*17+24,300,300,23,,Fuel shortge,,Chattogram,,,
karnaphulipower,HFO,IPP,18.415*6+6.5,110,110,,5,Engine problem,,Chattogram,,,
ashuganj195apscled,Gas,IPP,20*9.73+1*16,195,195,155,,Gas shortage,,Cumilla,,,
chandpur200deshenergy,HFO,IPP,12*18.4,200,200,,5,,,Cumilla,,,
daudkandi200btrac,HSD,IPP,154*1.4,200,200,70,,Fuel shortage,,Cumilla,,,
chowmuhani113,HFO,IPP,12*9.78+2*3.1,113,113,19,,Fuel shortage,,Cumilla,,,
tangail22doreen,Gas,"SIPP, PDB",8*2.90,22,22,4,,Gas shortage,,Mymensingh,,,
fenchugonjphase1,Gas,PDB,2*32+1*33,97,70,,37,Machine problem.,,Sylhet,,,
kushiara163kp,Gas,IPP,1*109+1*54,163,163,,163,ST Under maint,,Sylhet,,,
baghabari50peaking,HFO,PDB,6*8.9,52,52,,26,Engine problem,,Rajshahi,,,
bera70peaking,HFO,PDB,9*8.29,71,71,,37,Engine problem,,Rajshahi,,,
sirajgonj2251,Gas/HSD,NWPGCL,1*150+1*75,210,210,-10,,Gas shortage,,Rajshahi,,,
sirajgonj2253,Gas/HSD,NWPGCL,1*141,220,220,0,,Gas shortage,,Rajshahi,,,
chapainawabganj100peaking,HFO,PDB,12*8.924,104,104,,24,Enginr problem,,Rajshahi,,,
barapukuria2753,Coal,PDB,1*275,274,274,54,,Coal Shortage.,,Rangpur,,,
ghorashal78max,Gas,QRPP,2*40,78,78,38,,Gas shortage ,,Dhaka,,,
ghorashalregent,Gas,IPP,34*3.35,108,108,1,,,,Dhaka,,,
haripurgt12,Gas,"SBU, PDB",2*32,64,40,,,Gas shortage ,,Dhaka,,,
siddhirgonjgt12,Gas,EGCB, 2*105,210,210,110,,Gas shortage,,Dhaka,,,
bosila108,HFO,IPP,12*8.775+1*3.5,108,108,,46,Engine problem,,Dhaka,,,
sikalbahaenergis,HFO,RPP ,4*12.5+2*11.9+1*3+1*1.5,51,51,,19,Engine problem,,Chattogram,,,
mymensinghrpcl210,Gas,IPP,4*35+1*70,210,202,54,,Gas shortage,,Mymensingh,,,
gagnagar102digitalpower,HFO,IPP,12*8.924,102,102,,26,Engine problem,,Dhaka,,,
karnaphulihydro12345,Hydro,PDB,2*40+3*50,230,230,125,,Low water level & Unit-4 under maint.,,Chattogram,,,
ashuganj51midland,Gas,IPP,6*9.34,51,51,,9,Engine problem,,Cumilla,,,
shajibazar330,Gas,PDB,3*110,330,330,,220,GT-2 under maint.,,Sylhet,,,
ghorasalrepowered4,Gas,PDB,1*210,210,180,,,Machine problem,,Dhaka,,,
ghorashal108regent,Gas,IPP,34*3.35,108,108,,24,Engine problem,,Dhaka,,,
meghnaghat100iel,HFO,NENP,12*8.9,100,100,,6,Engine problem,,Dhaka,,,
meghnaghatsummit,Gas,IPP,2*110+1*110,335,335,,335,Gas shortage,,Dhaka,,,
manikganj55northern,HFO,IPP,3*19.3,55,55,0,,Fuel shortage,,Dhaka,,,
nababganj55southernpower,HFO,IPP,3*19.3,55,55,,,33 kV feeder Fault.,,Dhaka,,,
aurahati100aggreko,HSD,IPP,0.85*23+0.95*91,100,100,0,,Fuel conservation,,Dhaka,,,
karnaphulihydro12345,Hydro,PDB,2*40+3*50,230,230,114,,Low Water Level ,,Chattogram,,,
anwara300ed,HFO,IPP,17*17+24,300,300,105,,Fuel shortage,,Chattogram,,,
ashuganj50,Gas,APSCL,14*3.968,53,45,0,,Gas shortage,,Cumilla,,,
ashuganj55precision,Gas,QRPP,15*4,55,55,4,,Gas shortage,,Cumilla,,,
ashuganj150midland,HFO,IPP,23*7.015,150,150,80,,Fuel shortage,,Cumilla,,,
jangalia33summit,Gas,"SIPP, PDB",4*8.73,33,33,,1,Engine problem,,Cumilla,,,
chowmuhani113,HFO,IPP,12*9.78+2*3.1,113,113,113,,Fuel shortage,,Cumilla,,,
sylhet225,Gas,PDB,1*142+1*89,231,231,,53,ST Under maint.,,Sylhet,,,
gopalganj100peaking,HFO,PDB,16*6.98,109,109,33,,Fuel shortage,,Khulna,,,
bhola33venture,Gas,NENP,1*34.50,40,40,,13,Engine problem,,Barisal,,,
bhola225,Gas,PDB,2*63+1*68,194,194,,129,Machine problem,,Barisal,,,
sirajgonj4004,Gas/HSD,SNWPGCL,1*282+1*132,414,414,86,,Gas shortage,,Rajshahi,,,
haripur412,Gas,EGCB,1*273+1*139,412,412,412,,Under Maint.,2024-02-12 00:00:00,Dhaka,,,
madanganj102summit,HFO,NENP,6*17,102,102,17,,Fuel shortage,,Dhaka,,,
siddhirganj100dutchbangla,HFO,NENP,12*8.9,100,100,,25,Engine problem,,Dhaka,,,
siddhirganj335,Gas,EGCB,1*217+118,335,335,,205,Machine problem,,Dhaka,,,
kodda1491summit,HFO,IPP,8*18.45+8.97,149,149,104,,Fuel shortage,,Dhaka,,,
karnaphulihydro12345,Hydro,PDB,2*40+3*50,230,230,184,,Low water lavel,,Chattogram,,,
ashuganj225,Gas,APSCL,1*142+1*75,221,221,,66,ST Under maint.,,Cumilla,,,
mymensingh200ed,HFO,IPP,9.78*21,200,200,134,,Fuel shortage,,Mymensingh,,,
rampal1320bifpcl,Coal,NTPC&BPDB,660*2,617,617,,,Unit-2 under S/D.,,Khulna,,,
bhola33venture,Gas,NENP,1*34.50,40,40,,30,Engine problem,,Barisal,,,
katakhali50peaking,HFO,PDB,6*8.7,50,50,,2,Under maint,,Rajshahi,,,
adanipowerjharkhanda,Coal,Imported power,748*2,1496,1496,,,Unit-2 under maint.,,Rajshahi,,,
energypacpowerventurethakurgaon,HFO,IPP,115,115,115,41,,Fuel shortage,,Rangpur,,,
keraniganj100powerpac,HFO,QRPP,8*13.45,100,100,,32,Engine problem,,Dhaka,,,
karnaphulihydro12345,Hydro,PDB,2*40+3*50,230,230,69,,Low water level & Unit-2 S/D,,Chattogram,,,
shajibazar330,Gas,PDB,3*110,330,330,170,,GT-2 S/D ,,Sylhet,,,
meghnaghat450mpl,Gas,IPP,2*150+1*150,450,450,300,,GT-2 S/D,,Dhaka,,,
maona33summit,Gas,"SIPP,REB",4*8.73,33,33,,15,Engine problem,,Dhaka,,,
gazipur52,HFO,RPCL,6*8.9,52,52,,,Fuel Shortage,,Dhaka,,,
karnaphulihydro12345,Hydro,PDB,2*40+3*50,230,230,180,,Low water level,,Chattogram,,,
sikalbaha225,Gas/HSD,PDB,1*150+1*75,225,225,,35,Machine problem,,Chattogram,,,
chattogram108ecpv,HFO,IPP,16*7,108,108,68,,Fuel shortage,,Chattogram,,,
sspoweri,Coal,IPP,2*612,1224,1224,,,,,Chattogram,,,
matarbari2600cpgcl,Coal,CPGCL,2*575,1150,1150,1150,,Under maint,,Chattogram,,,
kushiara163kp,Gas,IPP,1*109+1*54,163,163,,50,ST under maint,,Sylhet,,,
shahjibazarg89,Gas,PDB,2*35,70,66,41,,Gas shortage,,Sylhet,,,
shahjibazar86shahjibazar,Gas,RPP ,32*2.90,86,86,24,,Gas shortage,,Sylhet,,,
sylhet225,Gas,PDB,1*142+1*89,231,231,,56,Machine problem,,Sylhet,,,
bibianaii341summit,Gas,IPP,1*222+1*119,341,341,41,,FGMO,,Sylhet,,,
bibiyanaiii400,Gas,PDB,285*1+134*1,400,400,15,,Gas shortage,,Sylhet,,,
bibiyanasouth400,Gas,PDB,400 MW,383,383,23,,Gas shortage,,Sylhet,,,
rampal1320bifpcl,Coal,NTPC&BPDB,617*2,1234,1234,612,,Coal shortage,,Khulna,,,
bhola225,Gas,PDB,2*63+1*68,194,194,,60,Machine problem,,Barisal,,,
bholanutanbiddutbd,Gas,IPP,220,220,220,,220,Under maint,,Barisal,,,
sirajgonj2251,Gas/HSD,NWPGCL,1*150+1*75,210,210,70,,Gas shortage,,Rajshahi,,,
barapukuria2753,Coal,PDB,1*275,274,274,,120,Machine problem,,Rangpur,,,
ghorasalst12,Gas,PDB,2*55,110,85,,50,ST-1 under maint.,,Dhaka,,,
ghorasalgt4,Gas,PDB,1*210,210,180,180,,S/D due to Low demand,,Dhaka,,,
ghorashal78max,Gas,QRPP,2*40,78,78,78,,Gas Shortage,,Dhaka,,,
meghnaghat450,Gas,IPP,2*150+1*150,450,450,,,GT-1 Under maint.,,Dhaka,,,
siddhirganj335,Gas,EGCB,1*217,217,217,,,S/D due to Low demand,,Dhaka,,,
kaptaihydro12345,Hydro,PDB,2*40+3*50,230,230,,195,Low water lavel,,Chattogram,,,
ashuganjmidland51,Gas,IPP,6*9.34,51,51,,26,Engine problem,,Cumilla,,,
sirajgonj3225,Gas/HSD,NWPGCL,1*141,220,220,,,S/D due to Low demand,,Rajshahi,,,
haripur412,Gas,EGCB,1*273+1*139,412,412,42,,Gas shortage,,Dhaka,,,
meghnaghat100iel,HFO,NENP,12*8.9,100,100,36,,Fuel shortage,,Dhaka,,,
meghnaghatsummit,Gas,IPP,2*110+1*110,335,335,335,,Under maint,,Dhaka,,,
gazipur52,HFO,RPCL,6*8.9,52,52,27,,,,Dhaka,,,
karnaphulihydro12345,Hydro,PDB,2*40+3*50,230,230,120,,Low Water Level ,,Chattogram,,,
ashuganj420east,Gas,APSCL,284*1+116*1,400,400,130,,Gas shortage,,Cumilla,,,
khulna225,HSD,NWPGCL,1*150+1*75,230,230,70,,Fuel shortage,,Khulna,,,
barisal307,Coal,IPP,307*1,307,307,57,,Coal shortage,,Barisal,,,
santahar50peaking,HFO,PDB,6*8.7,50,50,19,,Fuel shortage,,Rajshahi,,,
rangpur113confidence,HFO,IPP,9*6.984+7*7.015+3.15*2,113,113,36,,Fuel shortage,,Rangpur,,,
siddhirganj335,Gas,EGCB,1*217+118,335,335,115,,ST under S/D.,,Dhaka,,,
ashuganj4,Gas,APSCL,1*150,150,129,9,,,,Cumilla,,,
ghorashal785max,Gas,QRPP,2*40,78,78,,10,Engine problem,,Dhaka,,,
haripur412,Gas,EGCB,1*273+1*139,412,412,,,Gas Shortage,,Dhaka,,,
meghnaghatsummit,Gas,IPP,2*110+1*110,305,305,,,GT-1 S/D for gas shortage,,Dhaka,,,
kodda1491summit,HFO,IPP,149,149,149,,34,Engine problem,,Dhaka,,,
karnaphulihydro12345,Hydro,PDB,2*40+3*50,230,230,111,,Low water level,,Chattogram,,,
fenchugonjphase2,Gas,PDB,2*35+1*35,104,90,,,unit-4 under shut down,,Sylhet,,,
shajibazar330,Gas,PDB,3*110,330,330,,,ST under shut down,,Sylhet,,,
bheramara410,Gas,NWPGCL,1*278+1*132,410,410,,,ST under shut down.,,Khulna,,,
bhola95aggreko,Gas,QRPP,96*1.10,95,95,,15,Engine problem,,Barisal,,,
haripurg,Gas,"SBU, PDB",2*32,64,40,20,,Gas shortage,,Dhaka,,,
meghnaghat450mpl,Gas,IPP,2*150+1*150,450,450,,,Machine problem,,Dhaka,,,
ghorasal3657,Gas,PDB,1*243+1*122,365,365,,165,Engine problem,,Dhaka,,,
ashuganj3,Gas,APSCL,1*150,150,135,35,,Gas Shortage,,Cumilla,,,
fenchugonjphase1,Gas,PDB,2*32+1*33,97,70,,,GT-2 under shut down for maint.,,Sylhet,,,
fenchugonjphase2,Gas,PDB,2*35+1*35,104,90,,30,,,Sylhet,,,
shajibazar330,Gas,PDB,3*110,330,330,,170,GT-2 S/D due to gas shortage.,,Sylhet,,,
ashuganj3,Gas,APSCL,1*150,150,135,,,Under maint.,,Cumilla,,,
ashuganj50,Gas,APSCL,14*3.968,53,45,,2,Engine problem,,Cumilla,,,
chandpur150,Gas,PDB,1*106+1*57,163,163,,113,Engine problem,,Cumilla,,,
jamalpur115ed,HFO,IPP,115 MW,115,115,,,Cable fault,,Mymensingh,,,
ghorashal108regent,Gas,IPP,34*3.35,108,108,,33,Engine problem,,Dhaka,,,
meghnaghat100iel,HFO,NENP,12*8.9,100,100,,12,Engine problem,,Dhaka,,,
siddhirgonj2120g,Gas,EGCB, 2*105,210,210,210,,GT-2 U/M,,Dhaka,,,
karnaphulihydro12345,Hydro,PDB,2*40+3*50,230,230,,107,Low Water Level ,,Chattogram,,,
hathazari100peaking,HFO,PDB,11*8.9,98,98,,98,Engine problem,,Chattogram,,,
juldah1001acorn,HFO,NENP,8*13.45,100,100,,46,Engine problem,,Chattogram,,,
chowmuhani113,HFO,IPP,12*9.78+2*3.1,113,113,19,,Engine problem,,Cumilla,,,
fenchugonjphase2,Gas,PDB,2*35+1*35,104,90,,69,Under maintenance,,Sylhet,,,
khulna115kpcl2,HFO,NENP,7*17,115,115,,18,Engine problem,,Khulna,,,
faridpur50peaking,HFO,PDB,8*6.89,54,54,,15,Engine problem,,Khulna,,,
bhola225,Gas,PDB,2*63+1*68,194,194,107,,Gas shortage & GT-2 S/D,,Barisal,,,
payra1320,Coal,BCPCL,2*622,1244,1244,,622, Unit-2 S/D,,Barisal,,,
sirajgonj2252,Gas/HSD,NWPGCL,1*150+1*75,220,220,32,,Gas shortage,,Rajshahi,,,
ghorasalrepowered4,Gas,PDB,1*210,210,180,50,,,,Dhaka,,,
madanganj102summit,HFO,NENP,6*17,102,102,22,,Fuel shortage,,Dhaka,,,
kodda1491summit,HFO,IPP,8*18.45+8.97,149,149,41,,Fuel shortage,,Dhaka,,,
gazipur100,HFO,RPCL,6*17.5,105,105,17,,Engine problem,,Dhaka,,,
chattogram1,Gas,PDB,1*210,210,180,60,,,,Chattogram,,,
karnaphulihydro12345,Hydro,PDB,2*40+3*50,230,230,170,,Low Water Level ,,Chattogram,,,
sikalbaha225,Gas/HSD,PDB,1*150+1*175,225,225,,225, Under maint,,Chattogram,,,
hathazari100peaking,HFO,PDB,11*8.9,98,98,,33,Engine problem,,Chattogram,,,
ashuganj55precision,Gas,QRPP,15*4,55,55,40,,Gas shortage,,Cumilla,,,
mymensingh200ed,HFO,IPP,9.78*21,200,200,144,,Fuel shortage,,Mymensingh,,,
jamalpur115ed,HFO,IPP,9.78*12,115,115,0,,Fuel shortage,,Mymensingh,,,
sylhet225,Gas,PDB,1*142+1*89,231,231,,81,ST under maint,2023-03-06 00:00:00,Sylhet,,,
bibiyanasouth400,Gas,PDB,400 MW,383,383,,383, Under maint,,Sylhet,,,
ghorasalgt3,Gas,PDB,1*210,210,170,,170,Under Maint.,,Dhaka,,,
ghorasalst7,Gas,PDB,1*243+1*122,365,365,,,FGMO,,Dhaka,,,
meghnaghatsummit,HSD,IPP,2*110+1*110,305,305,,,,,Dhaka,,,
siddhirgonjgt12,Gas,EGCB, 2*105,210,210,173,,Gas shortage,,Dhaka,,,
kaptaihydro12345,Hydro,PDB,2*40+3*50,230,230,,159,Low water lavel,,Chattogram,,,
chandpur,Gas,PDB,1*106+1*57,163,163,,63,ST under maint./FGMO,,Cumilla,,,
fenchugonj2,Gas,PDB,!F71,104,90,,20,,,Sylhet,,,
shajibazar330,Gas,PDB,3*110,330,330,,230,GT-2 Under maint.,,Sylhet,,,
sylhetgt150,Gas,PDB,1*142,142,142,,142,Under maint.,,Sylhet,,,
keraniganj100powerpac,HFO,NENP,8*13.45,100,75,75,,Fuel shortage,,Dhaka,,,
kodda1491summit,HFO,IPP,8*18.45+8.97,149,149,,37,Engine problem,,Dhaka,,,
anwara300ed,HFO,IPP,17*17+24,300,300,285,,Fuel shortage,,Chattogram,,,
titas50peaking,HFO,PDB,6*8.92,52,52,,18,Engine problem,,Cumilla,,,
fenchugonjphase1,Gas,PDB,2*32+1*33,97,70,,31,Machine problem.,,Sylhet,,,
fenchugonj51barakatullah,Gas,RPP ,19*2.90,51,51,21,,Gas shortage,,Sylhet,,,
sylhet225,Gas,PDB,1*142+1*89,231,231,,26,ST under maint,,Sylhet,,,
barapukuria2753,Coal,PDB,1*275,274,274,,64,Under maint.,,Rangpur,,,
haripur360hpl,Gas,IPP,1*235+1*125,360,360,197,,Gas shortage,,Dhaka,,,
karnaphulihydro12345,Hydro,PDB,2*40+3*50,230,230,208,,Unit 4 & 5 Under S/D due to Low water lavel,,Chattogram,,,
chandpur150,Gas,PDB,1*106+1*57,163,163,33,,Gas shortage,,Cumilla,,,
chandpur200deshenergy,HFO,IPP,0,200,200,,40,Engine problem,,Cumilla,,,
shajibazar330,Gas,PDB,3*110,330,330,,,Machine problem,,Sylhet,,,
bheramara410,Gas,NWPGCL,1*278+1*132,410,410,200,,Gas shortage,,Khulna,,,
katakhali50peaking,HFO,PDB,6*8.7,50,50,,21,Engine problem,,Rajshahi,,,
santahar50peaking,HFO,PDB,6*8.7,50,50,,,Engine problem,,Rajshahi,,,
madanganj102summit,HFO,NENP,6*17,102,102,,7,Engine problem,,Dhaka,,,
siddhirganj100dutchbangla,HFO,NENP,12*8.9,100,100,35,,Fuel shortage,,Dhaka,,,
gagnagar102digitalpower,HFO,IPP,12*8.924,102,102,42,,Fuel shortage,,Dhaka,,,
bosila108clc,HFO,IPP,12*8.775+1*3.5,0,0,,,,,Dhaka,,,
karnaphulihydro12345,Hydro,PDB,2*40+3*50,230,230,,33,#01 under maint.,,Chattogram,,,
dohazarikalaish100peaking,HFO,PDB,6*17,102,102,102,,under maint.,,Chattogram,,,
ashuganj55precision,Gas,QRPP,0,0,0,,,Contract Expired,,Cumilla,,,
jamalpur95powerpac,HFO,IPP,0,0,0,,,,,Mymensingh,,,
jamalpur115ed,HFO,IPP,9.78*12,115,115,16,,Fuel shortage,,Mymensingh,,,
fenchugonjphase2,Gas,PDB,2*35+1*35,104,90,,67,Machine problem,,Sylhet,,,
sylhet225,Gas,PDB,1*142+1*89,231,231,,75,Machine problem,,Sylhet,,,
adanipowerjharkhanda,Coal,Imported power,748*2,1496,1496,971,,,,Rajshahi,,,
haripur412,Gas,EGCB,1*273+1*139,412,412,162,,Under maint,,Dhaka,,,
madanganj55summit,HFO,IPP,3*17.08+1*11.3,55,55,0,,,,Dhaka,,,
manikgonj162mpgl,HFO,IPP,9*18,162,162,162,,Fuel shortage,,Dhaka,,,
hathazari100peaking,HFO,PDB,11*8.9,98,98,12,,Fuel shortage,,Chattogram,,,
sspoweri,Coal,SS Power ,2*612,1224,1224,874,,Coal Shortage.,,Chattogram,,,
ashuganj420east,Gas,APSCL,284*1+116*1,400,400,,,Under maint,,Cumilla,,,
shahjibazar86shahjibazar,Gas,RPP ,32*2.90,86,86,56,,Gas shortage,,Sylhet,,,
barisal307,Coal,IPP,307*1,307,307,147,,Coal Shortage.,,Barisal,,,
katakhali50peaking,HFO,PDB,6*8.7,50,50,,0,,,Rajshahi,,,
meghnaghat450mpl,Gas,IPP,2*150+1*150,450,450,225,,,,Dhaka,,,
madanganj102summit,HFO,NENP,6*17,102,102,20,,Fuel shortage,,Dhaka,,,
maona33summit,Gas,"SIPP,REB",4*8.73,33,33,,19,Engine problem,,Dhaka,,,
karnaphulihydro12345,Hydro,PDB,2*40+3*50,230,230,34,,Low water lavel,,Chattogram,,,
karnaphulipower,HFO,IPP,18.415*6+6.5,110,110,,30,Engine problem,,Chattogram,,,
ashuganj150midland,HFO,IPP,23*7.015,150,150,,0,,,Cumilla,,,
fenilankapower,HFO,IPP,7*18.415+1*9.78,114,114,26,,Fuel shortage,,Cumilla,,,
tangailpallipowergen22,HFO,IPP,4*6.7,22,22,16,,Engine prblem,,Mymensingh,,,
bibianaii341summit,Gas,IPP,1*222+1*119,341,341,51,,,,Sylhet,,,
rampal1320bifpcl,Coal,NTPC&BPDB,617*2,1234,1234,514,,Coal shortage,,Khulna,,,
rangpur113confidence,HFO,IPP,9*6.984+7*7.015+3.15*2,113,113,,12,Engine problem,,Rangpur,,,
ghorasalrepowered3,Gas,PDB,1*210,210,170,,55,,,Dhaka,,,
meghnaghatsummit,Gas,IPP,2*110+1*110,305,305,,155,"FGMO, GT-1 under maint.",,Dhaka,,,
tongi80g,Gas,PDB,1* 105,105,105,105,,Under maint.,,Dhaka,,,
ashuganj5,Gas,APSCL,1*150,150,134,-1,,,,Cumilla,,,
tangail22doreen,Gas,"SIPP, PDB",8*2.90,22,22,,2,Engine problem,,Mymensingh,,,
jamalpur95powerpac,HFO,IPP,12*8.924,95,95,,,Engine problem,,Mymensingh,,,
shajibazar330,Gas,PDB,3*110,330,330,,172,GT-1 under maint.,,Sylhet,,,
shahjahanulla25,Gas,"SIPP, REB",3*9.34,25,25,,6,Engine problem,,Sylhet,,,
bibiyanaiii400,Gas,PDB,400 MW,400,400,170,,,,Sylhet,,,
faridpur50peaking,HFO,PDB,8*6.89,54,54,,,Engine problem,,Khulna,,,
bheramara410,Gas,NWPGCL,1*278+1*132,410,410,,410,Under maintenance,,Khulna,,,
sirajgonj2251,Gas/HSD,NWPGCL,1*150+1*75,210,210,,,Under maint,,Rajshahi,,,
ghorasal12,Gas,PDB,2*55,110,85,,,Unit-1 Under maint.,,Dhaka,,,
gazipur52,HFO,IPP,6*8.9,52,52,,9,Engine problem,,Dhaka,,,
chandpur150,Gas,PDB,1*106+1*57,163,163,,,ST under S/D,,Cumilla,,,
shajibazar330,Gas,PDB,3*110,330,330,,120,ST under maint.,,Sylhet,,,
chapainawabganj100peaking,HFO,PDB,104,104,104,,22,Engine problem,,Rajshahi,,,
ghorasalrepowered3,Gas,PDB,1*210,210,170,,75,Gas shortage,,Dhaka,,,
haripur360hpl,Gas,IPP,1*235+1*125,360,360,,360,Under maint,2020-10-02 00:00:00,Dhaka,,,
siddhirganj335,Gas,EGCB,1*217+118,335,335,,95,ST Under S/D,,Dhaka,,,
karnaphulihydro12345,Hydro,PDB,2*40+3*50,230,230,158,,Low water level,,Chattogram,,,
sirajgonj4004,Gas/HSD,SNWPGCL,1*282+1*132,414,414,`,,FGMO,,Rajshahi,,,
bogura20energyprima,Gas,RPP ,5*3.3+5*2,20,10,,5,Engine problem,,Rajshahi,,,
ghorasal3657,Gas,PDB,1*243+1*122,365,365,105,,Machine problem,,Dhaka,,,
ghorashal108regent,Gas,IPP,34*3.35,108,108,,23,Engine problem,,Dhaka,,,
meghnaghat100iel,HFO,NENP,12*8.9,100,100,18,,Fuel shortage,,Dhaka,,,
meghnaghatsummit,Gas,IPP,2*110+1*110,335,335,205,,Gas shortage,,Dhaka,,,
gagnagar102digitalpower,HFO,IPP,12*8.924,102,102,,27,Engine problem,,Dhaka,,,
gazipur52,HFO,RPCL,6*8.9,52,52,,12,Engine problem,,Dhaka,,,
kanchanpurbachalpowergeneration,HFO,IPP,18.4*3,55,55,55,,Fuel shortage,,Dhaka,,,
karnaphulihydro12345,Hydro,PDB,2*40+3*50,230,230,,80,Low Water Level ,,Chattogram,,,
juldah1001acorn,HFO,NENP,8*13.45,100,100,,22,Engine problem,,Chattogram,,,
barabkunda22regent,Gas,"SIPP, PDB",8*2.90,22,22,,12,Engine problem,,Chattogram,,,
chattogram108ecpv,HFO,IPP,16*7,108,108,97,,Fuel shortage,,Chattogram,,,
jodiacpower,HFO,IPP,3*18.55+1*3.6,54,54,,18,Engine prolem,,Chattogram,,,
ashuganj225,Gas,APSCL,1*142+1*75,221,221,15,,,,Cumilla,,,
ashuganj195apscled,Gas,IPP,20*9.73+1*16,195,195,75,,Gas shortage,,Cumilla,,,
daudkandi200btrac,HSD,IPP,154*1.4,200,200,,10,Engine problem,,Cumilla,,,
tangail22doreen,Gas,"SIPP, PDB",8*2.90,22,22,22,,Gas shortage,,Mymensingh,,,
mymensingh200ed,HFO,IPP,9.78*21,200,200,113,,Fuel shortage,,Mymensingh,,,
fenchuganj44energyprima,Gas,NENP,12*3.3+5*2,50,50,40,,Gas shortage,,Sylhet,,,
sylhet225,Gas,PDB,1*142+1*89,231,231,,11,,,Sylhet,,,
sylhet50epl,Gas,NENP,27*2,50,50,29,,Gas shortage,,Sylhet,,,
gopalganj100peaking,HFO,PDB,16*6.98,109,109,,41,Engine problem,,Khulna,,,
bheramara410,Gas,NWPGCL,1*278+1*132,410,410,130,,Gas shortage,,Khulna,,,
chapainawabganj100peaking,HFO,PDB,12*8.924,104,104,,23,Engine problem,,Rajshahi,,,
baghabari200paramount,HSD,IPP,135*1.6,200,200,,36,Engine problem,,Rajshahi,,,
meghnaghat450mpl,Gas,IPP,2*150+1*150,450,450,0,,,,Dhaka,,,
meghnaghat100iel,HFO,NENP,12*8.9,100,100,32,,Fuel shortage,,Dhaka,,,
gagnagar102digitalpower,HFO,IPP,12*8.924,102,102,37,,Fuel shortage,,Dhaka,,,
dohazarikalaish100peaking,HFO,PDB,6*17,102,102,,20,Engine problem,,Chattogram,,,
juldah1001acorn,HFO,NENP,8*13.45,100,100,,56,Engine problem,,Chattogram,,,
juldah1003acorn,HFO,IPP,8*13.5,100,100,,,Fuel shortage,,Chattogram,,,
ashuganj55precision,Gas,QRPP,15*4,55,55,1,,Gas shortage,,Cumilla,,,
fenchugonj51barakatullah,Gas,RPP ,19*2.90,51,51,,,Machine problem,,Sylhet,,,
fenchuganj44energyprima,Gas,NENP,12*3.3+5*2,50,50,,,Machine problem,,Sylhet,,,
shahjibazarg89,Gas,PDB,2*35,70,66,,32,,,Sylhet,,,
bera70peaking,HFO,PDB,9*8.29,71,71,,38,Engine problem,,Rajshahi,,,
meghnaghat450mpl,Gas,IPP,2*150+1*150,450,450,,225,GT-2 under maint,,Dhaka,,,
meghnaghatsummit,Gas,IPP,2*110+1*110,335,335,181,,ST Under maint.,,Dhaka,,,
gagnagar102digitalpower,HFO,IPP,12*8.924,102,102,,4,,,Dhaka,,,
meghnaghat104opcl,HFO,IPP,18.5*6,104,104,34,,Lub Oil problem,,Dhaka,,,
karnaphulihydro12345,Hydro,PDB,2*40+3*50,230,230,10,,,,Chattogram,,,
hathazari100peaking,HFO,PDB,11*8.9,98,98,,,Fuel shortage,,Chattogram,,,
anlimaenergy,HFO,IPP,6*21.2,116,116,,11,,,Chattogram,,,
sspoweri,Coal,SS Power ,2*612,1224,1224,,1224, under maint.,,Chattogram,,,
ashuganj55precision,Gas,QRPP,0,55,55,30,,Gas shortage,,Cumilla,,,
mymensingh200ed,HFO,IPP,9.78*21,200,200,74,,Fuel shortage,,Mymensingh,,,
fenchugonjphase1,Gas,PDB,2*32+1*33,97,70,,43,Machine problem.,,Sylhet,,,
rampal1320bifpcl,Coal,NTPC&BPDB,617*2,1234,1234,648,,Unit-2 S/D due to Coal shortage,,Khulna,,,
adanipowerjharkhanda,Coal,Imported power,748*2,1496,1496,,732,Unit-2 S/D.,,Rajshahi,,,
ghorashal108regent,Gas,IPP,34*3.35,108,108,103,,Gas shortage,,Dhaka,,,
meghnaghat450mpl,Gas,IPP,2*150+1*150,450,450,,225,Unit-2 U/M,,Dhaka,,,
meghnaghat100iel,HFO,NENP,12*8.9,100,100,,,Contract Expired,,Dhaka,,,
madanganj102summit,HFO,NENP,6*17,102,102,,,Contract Expired,,Dhaka,,,
siddhirganj100dutchbangla,HFO,NENP,12*8.9,100,100,,,Contract Expired,,Dhaka,,,
kodda3002summit,HFO,IPP,18*17.076,300,300,58,,Fuel shortage,,Dhaka,,,
meghnaghat104opcl,HFO,IPP,18.5*6,104,104,53,,Fuel shortage,,Dhaka,,,
manikgonj162mpgl,HFO,IPP,9*18,162,162,36,,Fuel shortage,,Dhaka,,,
juldah1001acorn,HFO,NENP,8*13.45,100,100,52,,Fuel shortage,,Chattogram,,,
anwara300ed,HFO,IPP,17*17+24,300,300,284,,Fuel shortage,,Chattogram,,,
jodiacpower,HFO,IPP,3*18.55+1*3.6,54,54,35,,Fuel shortage,,Chattogram,,,
sspoweri,Coal,SS Power ,2*612,1224,1224,734,,Coal Shortage.,,Chattogram,,,
matarbari2600cpgcl,Coal,CPGCL,0,575,575,,,Unit-1 under Maint.,,Chattogram,,,
ashuganj420east,Gas,APSCL,284*1+116*1,400,400,120,,Gas shortage,,Cumilla,,,
ashuganj50,Gas,APSCL,14*3.968,53,45,20,,Gas shortage,,Cumilla,,,
ashuganj55precision,Gas,QRPP,0,55,55,11,,Gas shortage,,Cumilla,,,
chandpur200deshenergy,HFO,IPP,12*18.4,200,200,49,,Fuel shortage,,Cumilla,,,
feni11doreen,Gas,"SIPP, REB",4*2.90,11,11,,5,Engine problem,,Cumilla,,,
bhairob545,HFO,IPP,3*18.2,54,54,,27,Engine problem,,Cumilla,,,
mymensingh200ed,HFO,IPP,9.78*21,200,200,90,,Fuel shortage,,Mymensingh,,,
kushiara163kp,Gas,IPP,1*109+1*54,163,163,,53,ST Under maint.,,Sylhet,,,
shahjibazarg89,Gas,PDB,2*35,70,66,,32,Unit-9 Under Maint.,,Sylhet,,,
sylhet10desh,Gas,RPP ,6*1.95,10,10,,,Contract Expired,,Sylhet,,,
khulna115kpcl2,HFO,NENP,7*17,115,115,,,Contract Expired,,Khulna,,,
noapara40khanjahanali,HFO,NENP,5*8.5,40,40,,,Contract Expired,,Khulna,,,
khulna330,Gas/HSD,BPDB,1*220+1*110,336,336,186,,Fuel shortage,,Khulna,,,
rampal1320bifpcl,Coal,NTPC&BPDB,660*2,617,617,232,,Coal Shortage.,,Khulna,,,
bhola225,Gas,PDB,2*63+1*68,194,194,,64, ST Under maint.,,Barisal,,,
edpayrapower,HFO,IPP,8*18.5+1*9.5,150,150,,,Fuel shortage,,Barisal,,,
ullapara11summit,Gas,"SIPP, REB",4*2.90,11,11,,1,Engine problem,,Rajshahi,,,
barapukuria2753,Coal,PDB,1*275,274,274,,24,Coal Shortage.,,Rangpur,,,
ghorasal3657,Gas,PDB,1*243+1*122,365,365,165,,Machine problem,,Dhaka,,,
meghnaghat100iel,HFO,QRPP,12*8.9,100,100,93,,Fuel shortage,,Dhaka,,,
siddhirganj100dutchbangla,HFO,QRPP ,12*8.9,100,100,93,,Fuel shortage,,Dhaka,,,
karnaphulihydro12345,Hydro,PDB,2*40+3*50,230,230,120,,Low water level,,Chattogram,,,
ashuganj50,Gas,APSCL,14*3.968,53,45,13,,Gas shortage,,Cumilla,,,
fenchugonjphase2,Gas,PDB,2*35+1*35,104,90,,35,Unit-4 under shut down,,Sylhet,,,
bhola225,Gas,PDB,2*63+1*68,194,194,,134,GT-2 & STG under shut down,,Barisal,,,
sirajgonj2251,Gas/HSD,NWPGCL,1*150+1*75,210,210,,210,ST Under maint & gas shoratge,,Rajshahi,,,
210siddhirgonj,Gas,PDB, 1*210,210,115,115,,Under maint.,,Dhaka,,,
bosila108clc,HFO,IPP,12*8.775+1*3.5,108,108,,68,Engine problem,,Dhaka,,,
keranigonj300apr,HSD,IPP,256*1.4,300,300,,,Reserve.,,Dhaka,,,
bramhangoan100aggreko,HSD,IPP,100,100,100,,,Reserve.,,Dhaka,,,
aurahati100aggreko,HSD,IPP,0.85*23+0.95*91,100,100,,,Reserve.,,Dhaka,,,
chattogram1,Gas,PDB,1*210,210,180,80,,,,Chattogram,,,
patenga50baraka,HFO,IPP,8*6.98,50,50,,,Engine problem,,Chattogram,,,
karnaphulihydro12345,Hydro,PDB,2*40+3*50,230,230,,156,Low water lavel,,Chattogram,,,
sikalbaha51engine,HFO,RPP ,4*12.5+2*11.9+1*3+1*1.5,51,51,,19,Engine problem,,Chattogram,,,
anwara300ed,HFO,United Group,300 MW,300,300,,,,,Chattogram,,,
ashuganj50,Gas,APSCL,14*3.968,53,45,,45,Gas Line problem.,,Cumilla,,,
ashuganj195apscled,Gas,IPP,20*9.73+1*16,195,195,141,,Gas shortage,,Cumilla,,,
edmymensingh200ed,HFO,IPP,200,200,200,,,,,Mymensingh,,,
jamalpur115ed,HFO,IPP,115 MW,115,115,,20,Engine problem,,Mymensingh,,,
khulna225,HSD,NWPGCL,1*150+1*75,230,230,,,Reserve.,,Khulna,,,
bhola225,Gas,PDB,2*63+1*68,194,194,,104,GT-Under maint,,Barisal,,,
sirajgonj4004,Gas,SNWPGCL,1*282+1*132,414,414,,,Under maint.,,Rajshahi,,,
haripur360hpl,Gas,IPP,1*235+1*125,360,360,210,,Gas shortage,,Dhaka,,,
karnaphulihydro12345,Hydro,PDB,2*40+3*50,230,230,127,,Unit 2  under maint.,,Chattogram,,,
shajibazar330,Gas,PDB,3*110,330,330,,198,GT-2 S/D ,,Sylhet,,,
sirajgonj2252,Gas/HSD,NWPGCL,1*150+1*75,220,220,,90,ST under maint,,Rajshahi,,,
ghorasal3657,Gas,PDB,1*243+1*122,365,365,,85,Machine problem,,Dhaka,,,
meghnaghatsummit,Gas,IPP,2*110+1*110,305,305,155,,Gas shortage & GT-1 S/D,,Dhaka,,,
fenchugonjphase2,Gas,PDB,2*35+1*35,104,90,,58,Machine problem,,Sylhet,,,
shajibazar330,Gas,PDB,3*110,330,330,,110,ST Under maint.,,Sylhet,,,
bhola225,Gas,PDB,2*63+1*68,194,194,,134,GT-2 & ST Under maint.,,Barisal,,,
bogra22gbb,Gas,RPP ,6*4,22,22,,5,Engine problem,,Rajshahi,,,
ghorashal108regent,Gas,IPP,34*3.35,108,108,40,,Gas shortage,,Dhaka,,,
haripur412,Gas,EGCB,1*273+1*139,412,412,32,,,,Dhaka,,,
keraniganj100powerpac,HFO,QRPP,8*13.45,100,20,,,,,Dhaka,,,
gagnagar102digitalpower,HFO,IPP,12*8.924,102,102,62,,Fuel shortage,,Dhaka,,,
aurahati100aggreko,HSD,IPP,0.85*23+0.95*91,100,100,100,,Contract Expired,,Dhaka,,,
karnaphulihydro12345,Hydro,PDB,2*40+3*50,230,230,195,,Low Water Level ,,Chattogram,,,
juldah1001acorn,HFO,NENP,8*13.45,100,100,33,,,,Chattogram,,,
juldah1003acorn,HFO,IPP,8*13.5,100,100,0,,,,Chattogram,,,
juldah2acorn,HFO,IPP,8*13.6,100,100,0,,,,Chattogram,,,
ashuganj420east,Gas,APSCL,284*1+116*1,400,400,30,,Gas shortage,,Cumilla,,,
ashuganj50,Gas,APSCL,14*3.968,53,45,,-1,Engine problem,,Cumilla,,,
chowmuhani113,HFO,IPP,12*9.78+2*3.1,113,113,27,,Fuel shortage,,Cumilla,,,
sylhet225,Gas,PDB,1*142+1*89,231,231,,29,,,Sylhet,,,
faridpur50peaking,HFO,PDB,8*6.89,54,54,,26,Engine problem,,Khulna,,,
khulna225,HSD,NWPGCL,1*150+1*75,230,230,,30,Engine problem,,Khulna,,,
gopalganj100peaking,HFO,PDB,16*6.98,109,109,,31,Engine problem,,Khulna,,,
rampal1320bifpcl,Coal,NTPC&BPDB,660*2,617,617,317,,Coal Shortage.,,Khulna,,,
payra1320,Coal,BCPCL,2*622,1244,1244,874,,Unit-1 under S/D ,,Barisal,,,
bholanutanbiddutbd,Gas,IPP,220,220,220,,110,,,Barisal,,,
amnura50sinha,HFO,QRPP,7*7.79,50,28,28,,Fuel shortage,,Rajshahi,,,
bagura113confidence2,HFO,IPP,6*18.55+7.2,113,113,13,,,,Rajshahi,,,
confidencepowerbogura1113,HFO,IPP,6*18.55,113,113,53,,Fuel shortage,,Rajshahi,,,
rangpur113confidence,HFO,IPP,9*6.984+7*7.015+3.15*2,113,113,33,,Fuel shortage,,Rangpur,,,
meghnaghat450mpl,Gas,IPP,2*150+1*150,450,450,300,,Gas shortage,,Dhaka,,,
ashuganj225,Gas,APSCL,1*142+1*75,221,221,41,,,,Cumilla,,,
ashuganj55precision,Gas,RPP ,15*4,55,55,49,,Gas shortage,,Cumilla,,,
chandpur150,Gas,PDB,1*106+1*57,163,163,,83,ST under maint ,,Cumilla,,,
kushiara163kp,Gas,IPP,1*109+1*54,163,163,33,,Gas shortage,,Sylhet,,,
shajibazar330,Gas,PDB,3*110,330,330,,170,GT-2  under S/D due to gas,,Sylhet,,,
shahjahanulla25,Gas,"SIPP, REB",3*9.34,25,25,,10,Engine problem,,Sylhet,,,
amnura50sinha,HFO,QRPP,7*7.79,50,50,,50,Contact expired,,Rajshahi,,,
keraniganj100powerpac,HFO,NENP,8*13.45,100,75,51,,Fuel shortage,,Dhaka,,,
gagnagar102digitalpower,HFO,IPP,12*8.924,102,102,60,,Fuel shortage,,Dhaka,,,
kodda150,HFO,BPDB-RPCL,9*17.06,149,149,16,,Fuel shortage,,Dhaka,,,
karnaphulipower,HFO,IPP,18.415*6+6.5,110,110,95,,Fuel shortage,,Chattogram,,,
sspoweri,Coal,SS Power ,2*612,1224,1224,764,,Coal Shortage.,,Chattogram,,,
sonagazi75solarplant,Solar,EGCB,75,0,0,,,,,Chattogram,,,
ashuganj420east,Gas,APSCL,284*1+116*1,400,400,120,,ST Under S/D.,,Cumilla,,,
ashuganj55precision,Gas,QRPP,0,55,55,25,,Gas shortage,,Cumilla,,,
chandpur115doreen,HFO,IPP,4*18.5+2*22.5,115,115,79,,Fuel shortage,,Cumilla,,,
jamalpur115ed,HFO,IPP,9.78*12,115,115,,,DCT ,,Mymensingh,,,
rampal1320bifpcl,Coal,NTPC&BPDB,660*2,617,617,257,,Coal Shortage.,,Khulna,,,
bhola225,Gas,PDB,2*63+1*68,194,194,,54,Machine problem,,Barisal,,,
bera70peaking,HFO,PDB,9*8.29,71,71,,50,Engine problem,,Rajshahi,,,
baghabari200paramount,HSD,IPP,135*1.6,200,200,,,Contract Expired,,Rajshahi,,,
rangpur113confidence,HFO,IPP,9*6.984+7*7.015+3.15*2,113,113,48,,Fuel shortage,,Rangpur,,,
ghorasal12,Gas,PDB,2*55,110,85,,50,unit-2 Under maint,,Dhaka,,,
haripur412,Gas,EGCB,1*273+1*139,412,412,,,Under maint.,26/06/2020,Dhaka,,,
karnaphulihydro12345,Hydro,PDB,2*40+3*50,230,230,121,,Low water level,,Chattogram,,,
ashuganj55precision,Gas,RPP ,15*4,55,55,5,,Gas shortage,,Cumilla,,,
fenchugonjphase2,Gas,PDB,2*35+1*35,104,90,,68,GT-4 under  maint.,,Sylhet,,,
shajibazar330,Gas,PDB,3*110,330,330,,55,Engine problem,,Sylhet,,,
baghabari100g,Gas,PDB,1*100,100,100,50,,Gas shortage,,Rajshahi,,,
ghorasalst12,Gas,PDB,2*55,110,85,,47,Unit-1 under maint.,,Dhaka,,,
ghorashal78max,Gas,QRPP,2*40,78,78,48,,Gas shortage,,Dhaka,,,
ghorashalregent,Gas,IPP,34*3.35,108,108,86,,Gas shortage,,Dhaka,,,
meghnaghatiel,HFO,QRPP,12*8.9,100,100,,0,,,Dhaka,,,
bosila108,HFO,IPP,12*8.775+1*3.5,108,108,,51,Engine problem,,Dhaka,,,
tongigt,Gas,PDB,1* 105,105,105,65,,Gas shortage,,Dhaka,,,
chattogramst1raozan,Gas,PDB,1*210,210,180,,180,Under maint.,,Chattogram,,,
juldahacorn,HFO,QRPP,8*13.45,100,100,,0,,,Chattogram,,,
ashuganjst5,Gas,APSCL,1*150,150,134,,134,Gas shortage,,Cumilla,,,
ashuganj225,Gas,APSCL,1*142+1*75,221,221,,71,Under maint.,,Cumilla,,,
shahjibazarepl50,Gas,RPP,27*2.0,50,50,,3,Engine problem,,Sylhet,,,
amnura50,HFO,QRPP,7*7.79,50,50,,8,Engine problem,,Rajshahi,,,
barapukuria3,Coal,PDB,1*275,274,274,90,,,,Rangpur,,,
meghnaghatsummit,Gas,IPP,2*110+1*110,335,335,105,,Gas shortage,,Dhaka,,,
karnaphulihydro12345,Hydro,PDB,2*40+3*50,230,230,154,,Low Water Level ,,Chattogram,,,
ashuganj55precision,Gas,QRPP,15*4,55,55,40,,Gas shortae,,Cumilla,,,
ashuganj51midland,Gas,IPP,6*9.34,51,51,46,,Gas shortage,,Cumilla,,,
chandpur150,Gas,PDB,1*106+1*57,163,163,78,,Gas shortage.,,Cumilla,,,
tangail22doreen,Gas,"SIPP, PDB",8*2.90,22,22,11,,Gas shortage,,Mymensingh,,,
mymensingh200ed,HFO,IPP,9.78*21,200,200,145,,Fuel shortage,,Mymensingh,,,
fenchuganj44energyprima,Gas,NENP,12*3.3+5*2,50,50,13,,Gas shortage,,Sylhet,,,
hobiganj11cofidencee,Gas,"SIPP, REB",4*2.90,11,11,8,,Gas shortage,,Sylhet,,,
sylhet225,Gas,PDB,1*142+1*89,231,231,,141,ST under maint,,Sylhet,,,
bheramara410,Gas,NWPGCL,1*278+1*132,410,410,235,,Gas shortage,,Khulna,,,
bholanutanbiddutbd,Gas,IPP,220,220,220,,90,Gas shortage,,Barisal,,,
karnaphulihydro12345,Hydro,PDB,2*40+3*50,230,230,,157,"Low Water Level & Unit 2 & 4,5  U/M.",,Chattogram,,,
ashuganj450north,Gas,APSCL,1*360,360,360,,90,ST Under maint.,,Cumilla,,,
bheramara410,Gas,NWPGCL,1*278+1*132,410,410,40,,Gas shortage,,Khulna,,,
bhola225,Gas,PDB,2*63+1*68,194,194,,122,Machine problem.,,Barisal,,,
sirajgonj2251,Gas/HSD,NWPGCL,1*150+1*75,210,210,150,,Gas shortage,,Rajshahi,,,
barapukuria2753,Coal,PDB,1*275,274,274,94,,Coal shortage,,Rangpur,,,
siddhirganj100dutchbangla,HFO,NENP,12*8.9,100,100,60,,Fuel shortage,,Dhaka,,,
bramhangoan100aggreko,HSD,IPP,114*0.959,100,100,60,,Fuel shortage,,Dhaka,,,
aurahati100aggreko,HSD,IPP,0.85*23+0.95*91,100,100,,50,Engine problem,,Dhaka,,,
sikalbaha105barakasikalbaha,HFO,IPP,6*17.5,105,105,18,,Fuel shortage,,Chattogram,,,
ashuganj450south,Gas,APSCL,1*360,360,360,,30,,,Cumilla,,,
ashuganj195apscled,Gas,IPP,20*9.73+1*16,195,195,87,,Gas shortage,,Cumilla,,,
ashuganj51midland,Gas,IPP,6*9.34,51,51,,46,Engine problem,,Cumilla,,,
jamalpur115ed,HFO,IPP,9.78*12,115,115,27,,Fuel shortage,,Mymensingh,,,
sylhet225,Gas,PDB,1*142+1*89,231,231,,96,ST under maint.,,Sylhet,,,
bhola33venture,Gas,NENP,1*34.50,40,40,,5,Engine problem,,Barisal,,,
katakhali50northern,HFO,QRPP,6*8.9,50,50,,8,Fuel shortage,,Rajshahi,,,
katakhali50peaking,HFO,PDB,6*8.7,50,50,,10,Fuel shortage,,Rajshahi,,,
chapainawabganj100peaking,HFO,PDB,12*8.924,104,104,,24,Fuel shortage,,Rajshahi,,,
rangpur113confidence,HFO,IPP,9*6.984+7*7.015+3.15*2,113,113,6,,Fuel shortage,,Rangpur,,,
karnaphulihydro12345,Hydro,PDB,2*40+3*50,230,230,72,,Unit 2  under maint.,,Chattogram,,,
bhola95aggreko,Gas,QRPP,96*1.10,95,95,37,,Gas shortage,,Barisal,,,
kodda1491summit,HFO,IPP,8*18.45+8.97,149,149,17,,Fuel shortage,,Dhaka,,,
kanchanpurbachalpowergeneration,HFO,IPP,18.4*3,55,55,,20,Fuel shortage,,Dhaka,,,
summitmeghanghat2589,Gas,IPP,589,583,583,383,,Gas shortage,,Dhaka,,,
karnaphulihydro12345,Hydro,PDB,2*40+3*50,230,230,,17,,,Chattogram,,,
hathazari100peaking,HFO,PDB,11*8.9,98,98,,16,Engine problem,,Chattogram,,,
chattogram108ecpv,HFO,IPP,16*7,108,108,64,,Fuel shortage,,Chattogram,,,
matarbari2600cpgcl,Coal,CPGCL,2*575,1150,1150,800,,Coal shortage,,Chattogram,,,
ashuganj225,Gas,APSCL,1*142+1*75,221,221,6,,Gas shortage,,Cumilla,,,
ashuganj450north,Gas,APSCL,1*360,360,360,,40,FGMO,,Cumilla,,,
chandpur150,Gas,PDB,1*106+1*57,163,163,83,,Gas shortage,,Cumilla,,,
chandpur200deshenergy,HFO,IPP,12*18.4,200,200,,45,Engine problem,,Cumilla,,,
chowmuhani113,HFO,IPP,12*9.78+2*3.1,113,113,,39,Fuel shortage,,Cumilla,,,
chandpur115doreen,HFO,IPP,4*18.5+2*22.5,115,115,,23,Fuel shortage,,Cumilla,,,
rpcl210,Gas,IPP,4*35+1*70,210,202,194,,Gas shortage,,Mymensingh,,,
bhairob545,HFO,IPP,3*18.2,54,54,,,Fuel shortage,,Mymensingh,,,
fenchugonjphase1,Gas,PDB,2*32+1*33,97,70,,40,,,Sylhet,,,
fenchugonj51barakatullah,Gas,RPP ,19*2.90,51,51,1,,Gas shortage,,Sylhet,,,
gopalganj100peaking,HFO,PDB,16*6.98,109,109,,57,Engine problem,,Khulna,,,
barapukuria1,Coal,PDB,1*125,125,85,,22,,,Rangpur,,,
ghorasalrepowered3,Gas,PDB,1*210,210,170,,,Gas shortage,,Dhaka,,,
madanganj55summit,HFO,(IPP),3*17.08+1*11.3,55,55,,,Engine problem,,Dhaka,,,
kodda3002summit,HFO,IPP,18*17.076,300,300,,,Reserve.,,Dhaka,,,
karnaphulihydro12345,Hydro,PDB,2*40+3*50,230,230,,111,Low water lavel,,Chattogram,,,
sikalbaha51energis,HFO,RPP ,4*12.5+2*11.9+1*3+1*1.5,51,51,,19,Engine problem,,Chattogram,,,
ashuganj50,Gas,APSCL,14*3.968,53,45,,10,Gas shortage,,Cumilla,,,
rpcl210,Gas,IPP,4*35+1*70,210,202,,51,GT-1 Under maint.,,Mymensingh,,,
sirajgonj4004,Gas/HSD,SNWPGCL,1*282+1*132,414,414,,,Under maint.,,Rajshahi,,,
keraniganj100powerpac,HFO,QRPP,8*13.45,100,100,,,Engine problem,,Dhaka,,,
nababganj55southernpower,HFO,IPP,3*19.3,55,55,,20,33 kV feeder problem.,,Dhaka,,,
ashuganj51midland,Gas,IPP,6*9.34,51,51,,,CB problem.,,Cumilla,,,
ashuganj150midland,HFO,IPP,23*7.015,150,150,,,CB problem.,,Cumilla,,,
fenchugonjphase2,Gas,PDB,2*35+1*35,104,90,,60,Engine problem,,Sylhet,,,
sylhet225,Gas,PDB,1*142+1*89,231,231,,111,,,Sylhet,,,
bholanutanbiddutbd,Gas,IPP,220,0,0,,,Under maint.,,Barisal,,,
meghnaghat450mpl,Gas,IPP,2*150+1*150,450,450,,450,,,Dhaka,,,
siddhirganj100dutchbangla,HFO,NENP,12*8.9,100,100,,40,Engine problem,,Dhaka,,,
kodda3002summit,HFO,IPP,18*17.076,300,300,205,,Fuel shortage,,Dhaka,,,
chattogram1,Gas,PDB,1*210,210,180,,65,,,Chattogram,,,
sikalbaha225,Gas/HSD,PDB,1*150+1*75,225,225,,75,ST Under maint.,,Chattogram,,,
mirsharai150,Gas/HFO,BPDB-RPCL,18.5*9,163,163,3,,,,Chattogram,,,
ashuganj225,Gas,APSCL,1*142+1*75,221,221,16,,Gas shortage,,Cumilla,,,
chandpur115doreen,HFO,IPP,4*18.5+2*22.5,115,115,,,Fuel shortage,,Cumilla,,,
jamalpur115ed,HFO,IPP,9.78*12,115,115,13,,Fuel shortage,,Mymensingh,,,
fenchuganj44energyprima,Gas,NENP,12*3.3+5*2,50,50,,5,Engine problem,,Sylhet,,,
sylhet225,Gas,PDB,1*142+1*89,231,231,,45,Machine problem,,Sylhet,,,
rampal1320bifpcl,Coal,NTPC&BPDB,660*2,617,617,47,,Coal shortage,,Khulna,,,
bhola225,Gas,PDB,2*63+1*68,194,194,,62,ST under maint.,,Barisal,,,
chapainawabganj100peaking,HFO,PDB,12*8.924,104,104,12,,Engine problem,,Rajshahi,,,
bagura113confidence2,HFO,IPP,6*18.55+7.2,113,113,38,,Fuel shortage,,Rajshahi,,,
karnaphulihydro12345,Hydro,PDB,2*40+3*50,230,230,195,,Low water level,,Chattogram,,,
fenchugonjphase2,Gas,PDB,2*35+1*35,104,90,,63,GT-4 under  maint.,,Sylhet,,,
bogra22gbb,Gas,RPP ,6*4,22,22,,7,Engine problem,,Rajshahi,,,
siddhirganj100dutchbangla,HFO,QRPP ,12*8.9,100,100,100,,Fuel Shortage.,,Dhaka,,,
gagnagar102digitalpower,HFO,IPP,12*8.924,102,102,102,,Fuel Shortage.,,Dhaka,,,
karnaphulihydro12345,Hydro,PDB,2*40+3*50,230,230,83,,Low water level,,Chattogram,,,
ghorasal5,Gas,PDB,1*210,210,190,,,Machine problem,,Dhaka,,,
haripur360hpl,Gas,IPP,1*235+1*125,360,360,45,,,,Dhaka,,,
meghnaghat100iel,HFO,NENP,12*8.9,100,100,58,,Fuel shortage,,Dhaka,,,
madanganj102summit,HFO,NENP,6*17,102,102,2,,,,Dhaka,,,
kodda150,HFO,BPDB-RPCL,9*17.06,149,149,0,,Fuel shortage,,Dhaka,,,
maona33summit,Gas,"SIPP,REB",4*8.73,33,33,,0,Engine problem,,Dhaka,,,
kodda3002summit,HFO,IPP,18*17.076,300,300,100,,,,Dhaka,,,
kanchanpurbachalpowergeneration,HFO,IPP,18.4*3,55,55,0,,Fuel shortage,,Dhaka,,,
patenga50baraka,HFO,IPP,8*6.98,50,50,,31,Engine problem,,Chattogram,,,
sikalbaha225,Gas/HSD,PDB,1*150+1*175,225,225,,75,ST Under maint,,Chattogram,,,
karnaphulipower,HFO,IPP,18.415*6+6.5,110,110,,38,Engine problem,,Chattogram,,,
ashuganj225,Gas,APSCL,1*142+1*75,221,221,,,Under maintenance,,Cumilla,,,
ashuganj195apscled,Gas,IPP,20*9.73+1*16,195,195,105,,Gas shortage,,Cumilla,,,
chandpur115doreen,HFO,IPP,4*18.5+2*22.5,115,115,,43,Engine problem,,Cumilla,,,
tangail22doreen,Gas,"SIPP, PDB",8*2.90,22,22,2,,Gas shortage,,Mymensingh,,,
mymensingh200ed,HFO,IPP,9.78*21,200,200,142,,Fuel shortage,,Mymensingh,,,
fenchugonj51barakatullah,Gas,RPP ,19*2.90,51,51,21,,Gas Shortage,,Sylhet,,,
sylhet50epl,Gas,NENP,27*2,50,50,35,,Gas shortage,,Sylhet,,,
rupsha105orionrupsha,HFO,IPP,6*18.445,105,105,,70,Engine problem,,Khulna,,,
bhola225,Gas,PDB,2*63+1*68,194,194,,10,,,Barisal,,,
payra1320,Coal,BCPCL,2*622,1244,1244,,724,Unit-1 U/M &Rampal Test,,Barisal,,,
natore52rajlanka,HFO,IPP,6*8.92,52,52,,18,Engine problem,,Rajshahi,,,
ashuganj50,Gas,APSCL,14*3.968,53,45,39,,Gas shortage,,Cumilla,,,
chandpur150,Gas,PDB,1*106+1*57,163,163,,38,Machine problem.,,Cumilla,,,
fenchugonjphase2,Gas,PDB,2*35+1*35,104,90,,48,GT-4 under maint.,,Sylhet,,,
katakhali50peaking,HFO,PDB,6*8.7,50,50,,13,Engine problem,,Rajshahi,,,
meghnaghat100iel,HFO,NENP,12*8.9,100,100,90,,Fuel shortage,,Dhaka,,,
meghnaghat104opcl,HFO,IPP,18.5*6,104,104,86,,Fuel shortage,,Dhaka,,,
juldah1001acorn,HFO,NENP,8*13.45,100,100,64,,Fuel shortage,,Chattogram,,,
ashuganj55precision,Gas,QRPP,0,55,55,15,,,,Cumilla,,,
feni22doreen,Gas,"SIPP, PDB",8*2.90,0,0,,,Contract Expired,,Cumilla,,,
tangail22doreen,Gas,"SIPP, PDB",8*2.90,0,0,,,Contract Expired,,Mymensingh,,,
mymensingh200ed,HFO,IPP,9.78*21,200,200,103,,Fuel shortage,,Mymensingh,,,
jamalpur115ed,HFO,IPP,9.78*12,115,115,115,,Fuel shortage,,Mymensingh,,,
sylhet225,Gas,PDB,1*142+1*89,231,231,,93,machine problem,,Sylhet,,,
bibiyanasouth400,Gas,PDB,400 MW,383,383,,,ST Under maint.,,Sylhet,,,
barisal307,Coal,IPP,307*1,307,307,7,,,,Barisal,,,
manikganj55northern,HFO,IPP,3*19.3,55,55,,18,Engine problem,,Dhaka,,,
meghnaghat104opcl,HFO,IPP,18.5*6,104,104,,68,Engine problem,,Dhaka,,,
manikgonj162mpgl,HFO,IPP,9*18,162,162,,72,Engine problem,,Dhaka,,,
karnaphulihydro12345,Hydro,PDB,2*40+3*50,230,230,183,,Low water level,,Chattogram,,,
chattogram108ecpv,HFO,IPP,16*7,108,108,,15,Engine problem,,Chattogram,,,
chandpur150,Gas,PDB,1*106+1*57,163,163,,103,Gas shortage,,Cumilla,,,
gazipur100,HFO,RPCL,6*17.5,105,105,35,,Fuel shortage,,Dhaka,,,
sikalbaha105barakasikalbaha,HFO,IPP,6*17.5,105,105,77,,Fuel shortage,,Chattogram,,,
mirsharai150,HFO,BPDB-RPCL,18.5*9,163,163,0,,Fuel shortage,,Chattogram,,,
gopalganj100peaking,HFO,PDB,16*6.98,109,109,,65,Engine problem,,Khulna,,,
bhola225,Gas,PDB,2*63+1*68,194,194,,57,GT-2 & ST Under maint.,,Barisal,,,
katakhali50peaking,HFO,PDB,6*8.7,50,50,,50,Under maint,,Rajshahi,,,
karnaphulihydro12345,Hydro,PDB,2*40+3*50,230,230,115,,Unit 2 & 5  under maint.,,Chattogram,,,
meghnaghatsummit,Gas,IPP,2*110+1*110,335,335,335,,GT-2 S/D,,Dhaka,,,
summitmeghanghat2589,Gas,IPP,589,583,583,-6,,,,Dhaka,,,
karnaphulihydro12345,Hydro,PDB,2*40+3*50,230,230,134,,Low water level,,Chattogram,,,
anwara300ed,HFO,IPP,17*17+24,300,300,235,,Fuel shortage,,Chattogram,,,
sylhet225,Gas,PDB,1*142+1*89,231,231,,57,,,Sylhet,,,
bibianaii341summit,Gas,IPP,1*222+1*119,341,341,,,Gas shortage,,Sylhet,,,
bibiyanaiii400,Gas,PDB,285*1+134*1,400,400,,,Gas shortage,,Sylhet,,,
bholanutanbiddutbd,Gas,IPP,220,220,220,,,under maint,,Barisal,,,
barapukuria2753,Coal,PDB,1*275,274,274,,119,Machine problem,,Rangpur,,,
siddhirgonj2120g,Gas,EGCB, 2*105,210,210,,,Gas Shortage,,Dhaka,,,
siddhirganj335,Gas,EGCB,1*217+118,335,335,,105,ST-under maint.,,Dhaka,,,
chandpur150,Gas,PDB,1*106+1*57,163,163,,71,ST Under maint.,,Cumilla,,,
shajibazar330,Gas,PDB,3*110,330,330,,85,Engine problem,,Sylhet,,,
haripur412,Gas,EGCB,1*273+1*139,412,412,19,,Gas shortage,,Dhaka,,,
kodda1491summit,HFO,IPP,8*18.45+8.97,149,149,,21,Engine problem,,Dhaka,,,
juldah1001acorn,HFO,NENP,8*13.45,100,100,77,,Fuel shortage,,Chattogram,,,
anwara300ed,HFO,IPP,17*17+24,300,300,,0,Engine problem,,Chattogram,,,
chowmuhani113,HFO,IPP,12*9.78+2*3.1,113,113,18,,Fuel shortage,,Cumilla,,,
sylhet225,Gas,PDB,1*142+1*89,231,231,,29,Machine problem,,Sylhet,,,
khulna225,HSD,NWPGCL,1*150+1*75,230,230,,20,Engine problem,,Khulna,,,
rampal1320bifpcl,Coal,NTPC&BPDB,660*2,617,617,307,,Coal Shortage.,,Khulna,,,
payra1320,Coal,BCPCL,2*622,1244,1244,874,,Coal Shortage.,,Barisal,,,
barisal307,Coal,BCPCL,307*1,307,307,157,,,,Barisal,,,
chattogramst1raozan,Gas,PDB,1*210,210,180,70,,Gas shortage,,Chattogram,,,
kaptaihydro12345,Hydro,PDB,2*40+3*50,230,230,,100,Low water lavel,,Chattogram,,,
ashuganjsouth,Gas,APSCL,1*360,360,360,,360,under maint.,,Cumilla,,,
ashuganjprecision55,Gas,RPP ,15*4,55,55,30,,Gas shortage,,Cumilla,,,
ashuganj195modular,Gas,IPP,20*9.73+1*16,195,195,179,,Gas Shortage,,Cumilla,,,
ashuganjmidland51,Gas,IPP,6*9.34,51,51,,16,Gas Shortage,,Cumilla,,,
summitbibiana2,Gas,IPP,1*222+1*119,341,341,,,"FGMO, Under maint.",,Sylhet,,,
bheramara360,Gas,NWPGCL,1*278+1*132,410,410,,,Line O/L & Line S/D,,Khulna,,,
ghorasal12,Gas,PDB,2*55,110,85,,15,Gas shortage,,Dhaka,,,
ghorashal108regent,Gas,IPP,34*3.35,108,108,,,Machine problem,,Dhaka,,,
haripurg,Gas,"SBU, PDB",2*32,64,40,40,,Machine problem,,Dhaka,,,
siddhirgonj2120g,Gas,EGCB, 2*105,210,210,10,,Gas shortage,,Dhaka,,,
shahjibazar50epl,Gas,RPP,27*2.0,50,50,,5,Engine problem,,Sylhet,,,
sylhet150,Gas,PDB,1*142,142,142,,,under maint.,,Sylhet,,,
sylhet20g,Gas,PDB,1*20,20,20,,2,Engine problem,,Sylhet,,,
rangpur113confidence,HFO,IPP,113 MW,0,0,,,On test,,Rangpur,,,
haripur360hpl,Gas,IPP,1*235+1*125,360,360,200,,Gas shortage,,Dhaka,,,
gagnagar102digitalpower,HFO,IPP,12*8.924,102,102,,4,Engine problem,,Dhaka,,,
karnaphulihydro12345,Hydro,PDB,2*40+3*50,230,230,,60,Unit-1 Under maint.,,Chattogram,,,
matarbari2600cpgcl,Coal,CPGCL,2*575,1150,1150,830,,Coal shortage,,Chattogram,,,
ashuganj450north,Gas,APSCL,1*360,360,360,,360,Under maint,2024-10-06 00:00:00,Cumilla,,,
jamalpur115ed,HFO,IPP,9.78*12,115,115,22,,Fuel shortage,,Mymensingh,,,
shahjibazarg89,Gas,PDB,2*35,70,66,36,,,,Sylhet,,,
rampal1320bifpcl,Coal,NTPC&BPDB,617*2,1234,1234,584,,Coal shortage,,Khulna,,,
sirajgonj2253,Gas/HSD,NWPGCL,1*141,220,220,52,,Gas shortage,,Rajshahi,,,
barapukuria2753,Coal,PDB,1*275,274,274,,54,,,Rangpur,,,
manikganj55northern,HFO,IPP,3*19.3,55,55,,,Engine problem,,Dhaka,,,
manikgonj162mpgl,HFO,IPP,9*18,162,162,,,Engine problem,,Dhaka,,,
karnaphulihydro12345,Hydro,PDB,2*40+3*50,230,230,184,,Low water level,,Chattogram,,,
chandpur150,Gas,PDB,1*106+1*57,163,163,,113,Gas shortage + ST under maint.,,Cumilla,,,
kushiara163kp,Gas,IPP,1*109+1*54,163,163,,,Gas shortage,,Sylhet,,,
shajibazar330,Gas,PDB,3*110,330,330,,225,GT-2 & ST under maint.,,Sylhet,,,
bibiyanasouth400,Gas,PDB,400 MW,0,0,,,RRT,,Sylhet,,,
bholanutanbiddutbd,Gas,IPP,220,0,0,,,Machine problem.,,Barisal,,,
sirajgonj2252,Gas/HSD,NWPGCL,1*150+1*75,220,220,,,FGMO  ,,Rajshahi,,,
karnaphulihydro12345,Hydro,PDB,2*40+3*50,230,230,,124,"Low Water Level & Unit 2 & 4,5  U/M.",,Chattogram,,,
shajibazar330,Gas,PDB,3*110,330,330,,186,GT-2 S/D ,,Sylhet,,,
bhola95aggreko,Gas,QRPP,96*1.10,95,95,8,,Gas shortage,,Barisal,,,
bholanutanbiddutbd,Gas,IPP,220,220,220,,110,GT-2 Under shut down.,,Barisal,,,
meghnaghat100iel,HFO,NENP,12*8.9,100,100,28,,Fuel shortage,,Dhaka,,,
hathazari100peaking,HFO,PDB,11*8.9,98,98,46,,Fuel shortage,,Chattogram,,,
ashuganj225,Gas,APSCL,1*142+1*75,221,221,,21,,,Cumilla,,,
ashuganj195apscled,Gas,IPP,20*9.73+1*16,195,195,87,,Gas shortae,,Cumilla,,,
titas50peaking,HFO,PDB,6*8.92,52,52,,52,Under Maint.,,Cumilla,,,
chandpur115doreen,HFO,IPP,4*18.5+2*22.5,115,115,115,,Fuel shortage,,Cumilla,,,
madhumati100,HFO,NWPGCL,6*18,105,105,20,,Fuel shortage,,Khulna,,,
sirajgonj2251,Gas/HSD,NWPGCL,1*150+1*75,210,210,25,,Gas shortage,,Rajshahi,,,
ghorasalrepowered4,Gas,PDB,1*210,210,180,,180,,,Dhaka,,,
ghorashal108regent,Gas,IPP,34*3.35,108,108,33,,Machine problem,,Dhaka,,,
meghnaghatsummit,Gas,IPP,2*110+1*110,305,305,,,GT-2 under shut down,,Dhaka,,,
kodda1491summit,HFO,IPP,149,149,149,,15,Engine problem,,Dhaka,,,
gazipur100,HFO,RPCL,100 MW,105,105,,17,Engine problem,,Dhaka,,,
chandpur150,Gas,PDB,1*106+1*57,163,163,,68,ST under maint.,,Cumilla,,,
amnura50sinha,HFO,QRPP,7*7.79,50,50,,30,Engine problem,,Rajshahi,,,
barapukuria1,Coal,PDB,1*125,125,85,0,,,,Rangpur,,,
rangpur113confidence,HFO,IPP,113 MW,113,113,,13,,,Rangpur,,,
karnaphulihydro12345,Hydro,PDB,2*40+3*50,230,230,146,,Low water level,,Chattogram,,,
ashuganj225,Gas,APSCL,1*142+1*75,221,221,,221,Test,,Cumilla,,,
chandpur150,Gas,PDB,1*106+1*57,163,163,,23,ST under shut down,,Cumilla,,,
chowmuhani113,HFO,IPP,12*9.78+2*3.1,0,0,,,on test,,Cumilla,,,
sirajgonj2252,Gas/HSD,NWPGCL,1*150+1*75,220,220,0,,FGMO,,Rajshahi,,,
sirajgonj2253,Gas/HSD,NWPGCL,1*141,220,220,,,Under maint.,,Rajshahi,,,
ghorashal78max,Gas,QRPP,2*40,78,78,58,,Gas shortage,,Dhaka,,,
siddhirganj335,Gas,EGCB,1*217,217,217,,100,Machine problem,,Dhaka,,,
chattogramst1raozan,Gas,PDB,1*210,210,180,30,,Gas shortage,,Chattogram,,,
ashuganjst4,Gas,APSCL,1*150,150,129,59,,Gas shortage,,Cumilla,,,
ghorasalrepowered4,Gas,PDB,1*210,210,180,0,,Gas shortage,,Dhaka,,,
meghnaghat450mpl,Gas,IPP,2*150+1*150,450,450,,450,Gas shortage,,Dhaka,,,
gazipur100,HFO,RPCL,6*17.5,100,105,,15,Engine problem,,Dhaka,,,
patenga50baraka,HFO,IPP,8*6.98,50,50,,8,33 kV BPDB feeder problem,,Chattogram,,,
karnaphulihydro12345,Hydro,PDB,2*40+3*50,230,230,,158,Low Water Level ,,Chattogram,,,
hathazari100peaking,HFO,PDB,11*8.9,98,98,,56,Engine problem,,Chattogram,,,
chandpur150,Gas,PDB,1*106+1*57,163,163,,77,"Mach. Prob, Gas shortage",,Cumilla,,,
chandpur115doreen,HFO,IPP,4*18.5+2*22.5,115,115,,37,Engine problem,,Cumilla,,,
shajibazar330,Gas,PDB,3*110,330,330,80,,Gas shortage,,Sylhet,,,
sirajgonj2253,Gas/HSD,NWPGCL,1*141,220,220,61,,Gas shortage,,Rajshahi,,,
barapukuria2753,Coal,PDB,1*275,274,274,24,,Coal shortage,,Rangpur,,,
rangpur20g,HSD,PDB,1*20,20,20,,8,Engine problem,,Rangpur,,,
karnaphulihydro12345,Hydro,PDB,2*40+3*50,230,230,207,,Unit 4 & 5 Under S/D due to Low water lavel,,Chattogram,,,
juldah1001acorn,HFO,QRPP,8*13.45,100,100,100,,Fuel shortage,,Chattogram,,,
chandpur150,Gas,PDB,1*106+1*57,163,163,68,,Gas shortage,,Cumilla,,,
rupsha105orionrupsha,HFO,IPP,6*18.445,105,105,,13,Engine problem,,Khulna,,,
bhola225,Gas,PDB,2*63+1*68,194,194,,129,GT-2 under maint,,Barisal,,,
katakhali50peaking,HFO,PDB,6*8.7,50,50,,28,Engine problem,,Rajshahi,,,
haripur360hpl,Gas,IPP,1*235+1*125,360,360,35,,Gas shortage,,Dhaka,,,
keraniganj100powerpac,HFO,QRPP,8*13.45,100,100,,37,Engine problem,,Dhaka,,,
kamalaghat54bancoenergy,HFO,IPP,3*18,54,54,,37,Engine problem,,Dhaka,,,
karnaphulihydro12345,Hydro,PDB,2*40+3*50,230,230,65,,Low water level & Unit-2 S/D,,Chattogram,,,
chowmuhani113,HFO,IPP,12*9.78+2*3.1,113,113,,19,Engine problem,,Cumilla,,,
rpcl210,Gas,IPP,4*35+1*70,210,202,-2,,,,Mymensingh,,,
sylhet20g,Gas,PDB,1*20,20,20,18,,Gas shortage,,Sylhet,,,
rupsha105orionrupsha,HFO,IPP,6*18.445,105,105,,17,Engine problem,,Khulna,,,
bhola95aggreko,Gas,QRPP,96*1.10,95,95,14,,Gas shortage,,Barisal,,,
bera70peaking,HFO,PDB,9*8.29,71,71,,35,Engine problem,,Rajshahi,,,
ghorasalst5,Gas,PDB,1*210,210,190,,190,Under Maint.,,Dhaka,,,
siddhirgonjst210,Gas,PDB, 1*210,210,115,5,,Gas shortage,,Dhaka,,,
katpotti51,HFO,IPP,7*7.9,51,51,,51,Under maint.,,Dhaka,,,
sikalbaha225,Gas/HSD,PDB,1*150+1*175,225,225,,0,,,Chattogram,,,
juldah1003,HFO,IPP,0,100,100,,25,Engine problem,,Chattogram,,,
ghorashal108regent,Gas,IPP,34*3.35,108,108,18,,Gas Shortage.,,Dhaka,,,
haripur360hpl,Gas,IPP,1*235+1*125,360,360,190,,Gas shortage,,Dhaka,,,
meghnaghat450mpl,Gas,IPP,2*150+1*150,450,450,250,,Dirty fuel,,Dhaka,,,
siddhirganj100dutchbangla,HFO,NENP,12*8.9,100,100,20,,Engine problem,,Dhaka,,,
gazipur52,HFO,RPCL,6*8.9,52,52,,20,Engine problem,,Dhaka,,,
gazipur100,HFO,RPCL,6*17.5,105,105,,20,Engine problem,,Dhaka,,,
dohazarikalaish100peaking,HFO,PDB,6*17,102,102,55,,Fuel shortage,,Chattogram,,,
juldah1001acorn,HFO,NENP,8*13.45,100,100,,20,Engine problem,,Chattogram,,,
chattogram108ecpv,HFO,IPP,16*7,108,108,14,,Fuel shortage,,Chattogram,,,
anwara300ed,HFO,IPP,17*17+24,300,300,140,,Fuel shortage,,Chattogram,,,
fenilankapower,HFO,IPP,7*18.415+1*9.78,114,114,62,,Fuel shortage,,Cumilla,,,
fenchuganj44energyprima,Gas,NENP,12*3.3+5*2,50,50,,6,,,Sylhet,,,
sylhet225,Gas,PDB,1*142+1*89,231,231,,231,Under Maint.,,Sylhet,,,
sylhet50epl,Gas,NENP,27*2,50,50,25,,Gas shortage,,Sylhet,,,
rupsha105orionrupsha,HFO,IPP,6*18.445,105,105,30,,Fuel shortage,,Khulna,,,
sirajgonj2251,Gas/HSD,NWPGCL,1*150+1*75,210,210,16,,Gas shortage,,Rajshahi,,,
baghabari200paramount,HSD,IPP,135*1.6,200,200,,35,Engine problem,,Rajshahi,,,
ghorasalrepowered4,Gas,PDB,1*210,210,180,,,Under maint,,Dhaka,,,
haripur360hpl,Gas,IPP,1*235+1*125,360,360,,,,2020-10-02 00:00:00,Dhaka,,,
rpcl210,Gas,IPP,4*35+1*70,210,202,73,,Gas shortage,,Mymensingh,,,
sylhet150,Gas,PDB,1*142,142,142,,122,Combined cycle testing,,Sylhet,,,
bibiyanaiii400,Gas,PDB,400 MW,400,400,,255,Engine problem,,Sylhet,,,
barapukuria2753,Coal,PDB,1*275,274,274,,,Engine problem,,Rangpur,,,
sikalbahapeakinggt,Gas/HSD,PDB,1*150 ,150,150,,,Under maint.,,Chattogram,,,
bhola225,Gas,PDB,2*63+1*68,194,194,,100,GT-2+ST Under maint.,,Barisal,,,
ghorasal3657,Gas,PDB,1*243+1*122,365,365,,95,Condencer problem,,Dhaka,,,
meghnaghat100iel,HFO,QRPP,12*8.9,100,100,,20,Engine problem,,Dhaka,,,
siddhirganj100dutchbangla,HFO,QRPP ,12*8.9,100,100,,10,Engine problem,,Dhaka,,,
sikalbaha225,Gas/HSD,PDB,1*150+1*175,225,225,,,"S/D due to HGPI,24-05-22",2022-06-24 00:00:00,Chattogram,,,
anwara300ed,HFO,IPP,17*17+24,300,300,,17,Engine problem,,Chattogram,,,
ashuganj225,Gas,APSCL,1*142+1*75,221,221,71,,Gas shortage,,Cumilla,,,
ashuganj150midland,HFO,IPP,23*7.015,150,150,,150,Engine problem,,Cumilla,,,
chandpur115doreen,HFO,IPP,4*18.5+2*22.5,115,115,,32,Engine problem,,Cumilla,,,
bhola225,Gas,PDB,2*63+1*68,194,194,108,,Gas shortage & GT-2 S/D,,Barisal,,,
sirajgonj2252,Gas/HSD,NWPGCL,1*150+1*75,220,220,,,Running on HSD.,,Rajshahi,,,
rangpur113confidence,HFO,IPP,9*6.984+7*7.015+3.15*2,113,113,,10,Engine problem,,Rangpur,,,
siddhirganj335,Gas,EGCB,1*217+118,335,335,,215,Engine problem,,Dhaka,,,
bosila108clc,HFO,IPP,12*8.775+1*3.5,108,108,,46,Engine problem,,Dhaka,,,
chattogram1,Gas,PDB,1*210,210,180,180,,Under shut down.,,Chattogram,,,
shajibazar330,Gas,PDB,3*110,330,330,,90,ST under maint.,,Sylhet,,,
ghorasalrepowered3,Gas,PDB,1*210,210,170,,75,Machine problem,,Dhaka,,,
ghorasal3657,Gas,PDB,1*243+1*122,365,365,,65,Gas shortage,,Dhaka,,,
keraniganj100powerpac,HFO,QRPP,8*13.45,100,100,90,,Fuel shortage & full load will at 19:00,,Dhaka,,,
ashuganj225,Gas,APSCL,1*142+1*75,221,221,51,225,Under maint,,Cumilla,,,
chandpur150,Gas,PDB,1*106+1*57,163,163,,163,Under maintenance,,Cumilla,,,
fenchugonjphase1,Gas,PDB,2*32+1*33,97,70,,,GT-1 FGMO & GT-2 under S/D.,,Sylhet,,,
shajibazar330,Gas,PDB,3*110,330,330,178,,GT-1 under shut down for gas shortage,,Sylhet,,,
meghnaghat100iel,HFO,NENP,12*8.9,100,100,,22,Engine problem,,Dhaka,,,
siddhirganj100dutchbangla,HFO,NENP,12*8.9,100,100,,2,Engine problem,,Dhaka,,,
karnaphulihydro12345,Hydro,PDB,2*40+3*50,230,230,,105,Low Water Level ,,Chattogram,,,
hathazari100peaking,HFO,PDB,11*8.9,98,98,,46,Engine problem,,Chattogram,,,
ashuganj55precision,Gas,QRPP,15*4,55,55,,8,Engine problem,,Cumilla,,,
ashuganj195apscled,Gas,IPP,20*9.73+1*16,195,195,8,,Gas shortage,,Cumilla,,,
chandpur150,Gas,PDB,1*106+1*57,163,163,,163,Grid problem,,Cumilla,,,
rpcl210,Gas,IPP,4*35+1*70,210,202,,97,Gas shortage,,Mymensingh,,,
sylhet20g,Gas,PDB,1*20,20,20,,,Gas shortage,,Sylhet,,,
sylhet50epl,Gas,NENP,27*2,50,50,,,Gas shortage,,Sylhet,,,
shahjahanulla25,Gas,"SIPP, REB",3*9.34,25,25,,,Gas shortage,,Sylhet,,,
khulna115kpcl2,HFO,NENP,7*17,115,115,51,,Fuel shortage,,Khulna,,,
bhola225,Gas,PDB,2*63+1*68,194,194,107,,Gas shortage ,,Barisal,,,
sirajgonj2253,Gas/HSD,NWPGCL,1*141,220,220,10,,Gas shortage,,Rajshahi,,,
rangpur113confidence,HFO,IPP,9*6.984+7*7.015+3.15*2,113,113,,16,Engine problem,,Rangpur,,,
energypacpowerventurethakurgaon,HFO,IPP,115,115,115,,6,Engine problem,,Rangpur,,,
haripur412,Gas,EGCB,1*273+1*139,412,400,,70,Machine problem,,Dhaka,,,
gagnagar102digitalpower,HFO,IPP,12*8.924,102,102,11,,Engine problem,,Dhaka,,,
chattogram1,Gas,PDB,1*210,210,180,95,,Gas shortage,,Chattogram,,,
chandpur115doreen,HFO,IPP,4*18.5+2*22.5,115,115,,79,Engine problem,,Cumilla,,,
rampal1320bifpcl,Coal,NTPC&BPDB,660*2,617,617,,,Low Demand,,Khulna,,,
confidencepowerbogura1113,HFO,IPP,6*18.55,113,113,43,,Fuel shortage,,Rajshahi,,,
keraniganj100powerpac,HFO,QRPP,8*13.45,100,100,,24,Engine problem,,Dhaka,,,
gazipur100,HFO,RPCL,100 MW,105,105,,16,Engine problem,,Dhaka,,,
meghnaghat104opcl,HFO,IPP,18.5*6,104,104,,24,Engine problem,,Dhaka,,,
fenilankapower,HFO,IPP,7*18.415+1*9.78,114,114,60,,Fuel shortage,,Cumilla,,,
bhola225,Gas,PDB,2*63+1*68,194,194,,109,GT-2 under maint,,Barisal,,,
bhola95aggreko,Gas,QRPP,96*1.10,95,95,73,,Gas shortage,,Barisal,,,
chapainawabganj100peaking,HFO,PDB,104,104,104,,17,Engine problem,,Rajshahi,,,
siddhirganj335,Gas,EGCB,1*217+118,335,335,41,,Gas shortage,,Dhaka,,,
karnaphulihydro12345,Hydro,PDB,2*40+3*50,230,230,138,,Low water lavel,,Chattogram,,,
anwara300ed,HFO,IPP,17*17+24,300,300,40,,Fuel shortage+Engine problem,,Chattogram,,,
sspoweri,Coal,SS Power ,1*612,612,612,,,,,Chattogram,,,
mymensingh200ed,HFO,IPP,9.78*21,200,200,96,,Fuel shortage,,Mymensingh,,,
fenchugonjphase2,Gas,PDB,2*35+1*35,104,90,,50,Engine problem,,Sylhet,,,
shahjibazarg89,Gas,PDB,2*35,70,66,,34,GT-8 Under maint.,,Sylhet,,,
confidencepowerbogura1113,HFO,IPP,6*18.55,113,113,,,Fuel shortage,,Rajshahi,,,
sikalbahapeakinggt,Gas/HSD,PDB,1*150 ,150,150,,150,Machine problem,,Chattogram,,,
fenchugonjphase2,Gas,PDB,2*35+1*35,104,90,,60,GT-3 under S/D,,Sylhet,,,
sylhet225,Gas,PDB,1*142+1*89,231,231,,86,ST Under maint.,,Sylhet,,,
ghorasalrepowered4,Gas,PDB,1*210,210,180,,10,,,Dhaka,,,
manikganj55northern,HFO,IPP,3*19.3,55,55,0,,,,Dhaka,,,
patenga50baraka,HFO,IPP,8*6.98,50,50,23,,Fuel shortage,,Chattogram,,,
dohazarikalaish100peaking,HFO,PDB,6*17,102,102,17,,Fuel shortage,,Chattogram,,,
anlimaenergy,HFO,IPP,6*21.2,116,116,48,,Engine problem,,Chattogram,,,
ashuganj225,Gas,APSCL,1*142+1*75,221,221,1,,,,Cumilla,,,
chandpur115doreen,HFO,IPP,4*18.5+2*22.5,115,115,,21,Fuel shortage,,Cumilla,,,
hobiganj11cofidencee,Gas,"SIPP, REB",4*2.90,11,11,,3,,,Sylhet,,,
gopalganj100peaking,HFO,PDB,16*6.98,109,109,,36,Engine problem,,Khulna,,,
noapara100banglatrac,HSD,IPP,70*1.4,100,100,95,,Fuel shortage,,Khulna,,,
barisal110summit,HFO,IPP,7*17.076,110,110,,78,Engine problem,,Barisal,,,
bhola225,Gas,PDB,2*63+1*68,194,194,,9,ST Under S/D,,Barisal,,,
payra1320,Coal,BCPCL,2*622,1244,1244,,394,Line O/L,,Barisal,,,
katakhali50northern,HFO,QRPP,6*8.9,50,50,42,,Fuel shortage,,Rajshahi,,,
sirajgonj2253,Gas/HSD,NWPGCL,1*141,220,220,,220,Test.,,Rajshahi,,,
haripur412,Gas,EGCB,1*273+1*139,412,412,37,,Gas shortage,,Dhaka,,,
haripur360hpl,Gas,IPP,1*235+1*125,360,360,170,,Gas shortage,,Dhaka,,,
meghnaghat100iel,HFO,NENP,12*8.9,100,100,34,,Fuel shortage,,Dhaka,,,
siddhirganj100dutchbangla,HFO,NENP,12*8.9,100,100,,28,Engine problem,,Dhaka,,,
kanchanpurbachalpowergeneration,HFO,IPP,18.4*3,55,55,44,,Fuel shortage,,Dhaka,,,
patenga50baraka,HFO,IPP,8*6.98,50,50,,25,Engine problem,,Chattogram,,,
dohazarikalaish100peaking,HFO,PDB,6*17,102,102,56,,Fuel shortage,,Chattogram,,,
barabkunda22regent,Gas,"SIPP, PDB",8*2.90,22,22,,9,Engine problem,,Chattogram,,,
chattogram108ecpv,HFO,IPP,16*7,108,108,24,,Fuel shortage,,Chattogram,,,
anwara300ed,HFO,IPP,17*17+24,300,300,139,,Fuel shortage,,Chattogram,,,
karnaphulipower,HFO,IPP,18.415*6+6.5,110,110,,38,Engine prolem,,Chattogram,,,
ashuganj225,Gas,APSCL,1*142+1*75,221,221,15,,Gas shortage,,Cumilla,,,
ashuganj450north,Gas,APSCL,1*360,360,360,65,,Gas shortage,,Cumilla,,,
jangalia52lakdanavi,HFO,IPP,6*8.92,52,52,17,,Fuel shortage,,Cumilla,,,
daudkandi200btrac,HSD,IPP,154*1.4,200,200,,7,Engine problem,,Cumilla,,,
fenilankapower,HFO,IPP,7*18.415+1*9.78,114,114,64,,Fuel shortage,,Cumilla,,,
fenchuganj44energyprima,Gas,NENP,12*3.3+5*2,50,50,,30,,,Sylhet,,,
sylhet50epl,Gas,NENP,27*2,50,50,27,,Gas shortage,,Sylhet,,,
sirajgonj2253,Gas/HSD,NWPGCL,1*141,220,220,18,,Gas shortage,,Rajshahi,,,
confidencepowerbogura1113,HFO,IPP,6*18.55,113,113,,38,Engine problem,,Rajshahi,,,
chattogram2,Gas,PDB,1*210,210,180,65,,Gas shortage,,Chattogram,,,
sikalbaha225,Gas/HSD,PDB,1*150+1*175,225,225,,,Gas shortage,,Chattogram,,,
chandpur150,Gas,PDB,1*106+1*57,163,163,,,ST Synchronizing process.,,Cumilla,,,
ghorashal108regent,Gas,IPP,34*3.35,108,108,108,,,,Dhaka,,,
ghorasalrepowered3,Gas,PDB,1*210,210,170,,,Under S/D,,Dhaka,,,
bibiyanaiii400,Gas,PDB,400 MW,400,400,,,Under maint.,,Sylhet,,,
chapainawabganj100peaking,HFO,PDB,104,104,104,,4,Engine problem,,Rajshahi,,,
keraniganj100powerpac,HFO,QRPP,8*13.45,100,100,90,,Fuel shortage & full load will at 20:00,,Dhaka,,,
ashuganj225,Gas,APSCL,1*142+1*75,221,221,51,,FGMO & Gas shortage,,Cumilla,,,
chandpur150,Gas,PDB,1*106+1*57,163,163,,73,ST under maintenance,,Cumilla,,,
ghorashal108regent,Gas,IPP,34*3.35,108,108,,19,Engine problem,,Dhaka,,,
haripur360hpl,Gas,IPP,1*235+1*125,360,360,,30,Gas shortage,,Dhaka,,,
meghnaghat100iel,HFO,NENP,12*8.9,100,100,,50,Engine problem,,Dhaka,,,
siddhirganj100dutchbangla,HFO,NENP,12*8.9,100,100,,68,Engine problem,,Dhaka,,,
gazipur52,HFO,RPCL,6*8.9,52,52,,2,,,Dhaka,,,
juldah1001acorn,HFO,NENP,8*13.45,100,100,69,,Fuel shortage,,Chattogram,,,
chattogram108ecpv,HFO,IPP,16*7,108,108,,26,Engine problem,,Chattogram,,,
ashuganj450north,Gas,APSCL,1*360,360,360,,,Gas shortage ,,Cumilla,,,
ashuganj55precision,Gas,QRPP,15*4,55,55,,50,Engine problem,,Cumilla,,,
bheramara410,Gas,NWPGCL,1*278+1*132,410,410,170,,Gas shortage,,Khulna,,,
noapara40khanjahanali,HFO,NENP,5*8.5,40,40,32,,,,Khulna,,,
rangpur113confidence,HFO,IPP,9*6.984+7*7.015+3.15*2,113,113,,19,Engine problem,,Rangpur,,,
anwara300ed,HFO,IPP,17*17+24,300,300,,27,Engine problem,,Chattogram,,,
haripur412,Gas,EGCB,1*273+1*139,412,400,,50,Machine problem,,Dhaka,,,
ashuganj55precision,Gas,QRPP,0,55,55,3,,Gas shortage,,Cumilla,,,
baghabari71g,Gas,PDB,1*71,71,71,11,,Gas shortage,,Rajshahi,,,
baghabari50peaking,HFO,PDB,6*8.9,52,52,2,,Fuel shortage,,Rajshahi,,,
jodiacpower,HFO,IPP,3*18.55+1*3.6,54,54,,54,Under shut down,,Chattogram,,,
fenilankapower,HFO,IPP,7*18.415+1*9.78,114,114,44,,Engine problem,,Cumilla,,,
chapainawabganj100peaking,HFO,PDB,104,104,104,,16,Engine problem,,Rajshahi,,,
fenchugonjphase2,Gas,PDB,2*35+1*35,104,90,,60,GT-4 under S/D,,Sylhet,,,
bera70peaking,HFO,PDB,9*8.29,71,71,,45,Engine problem,,Rajshahi,,,
ghorasalst5,Gas,PDB,1*210,210,190,,0,,,Dhaka,,,
gazipurrpcl,HFO,IPP,6*8.9,52,52,,11,,,Dhaka,,,
hathazaripeaking,HFO,PDB,11*8.9,98,98,,98,Under maint.,,Chattogram,,,
juldah1003,HFO,IPP,0,100,100,,0,,,Chattogram,,,
ashuganjmidland51,Gas,IPP,6*9.34,51,51,,51,Engine problem,,Cumilla,,,
amnura50,HFO,QRPP,7*7.79,50,50,,0,,,Rajshahi,,,
rupganj33summit,Gas,"SIPP,REB",4*8.73,33,33,,0,,,Dhaka,,,
patenga50baraka,HFO,IPP,8*6.98,50,50,40,,Fuel shortage,,Chattogram,,,
ashuganj420east,Gas,APSCL,284*1+116*1,400,400,10,,,,Cumilla,,,
ghorasalrepowered4,Gas,PDB,1*210,210,180,,0,,,Dhaka,,,
chandpur200deshenergy,HFO,IPP,12*18.4,200,200,200,,Fuel shortage,,Cumilla,,,
payra1320,Coal,BCPCL,2*622,1244,1244,,244,Line O/L,,Barisal,,,
sirajgonj2253,Gas/HSD,NWPGCL,1*141,220,220,,50,Gas shortage,,Rajshahi,,,
ghorasal3657,Gas,PDB,1*243+1*122,365,365,215,,Gas shortage,,Dhaka,,,
patenga50baraka,HFO,IPP,8*6.98,50,50,,8,Engine problem,,Chattogram,,,
ghorasalrepowered4,Gas,PDB,1*210,210,180,,180,under maint,,Dhaka,,,
haripur412,Gas,EGCB,1*273+1*139,412,400,,400,Under maint.,,Dhaka,,,
meghnaghat100iel,HFO,NENP,12*8.9,100,100,,84,fuel shortage.,,Dhaka,,,
madanganj55summit,HFO,IPP,3*17.08+1*11.3,55,55,0,,Fuel shortage,,Dhaka,,,
siddhirganj100dutchbangla,HFO,NENP,12*8.9,100,100,36,,Fuel shortage,,Dhaka,,,
gagnagar102digitalpower,HFO,IPP,12*8.924,102,102,,19,Engine problem,,Dhaka,,,
maona33summit,Gas,"SIPP,REB",4*8.73,33,33,,17,Engine problem,,Dhaka,,,
patenga50baraka,HFO,IPP,8*6.98,50,50,30,,fuel shortage,,Chattogram,,,
karnaphulihydro12345,Hydro,PDB,2*40+3*50,230,230,126,,Low water lavel,,Chattogram,,,
sikalbaha105barakasikalbaha,HFO,IPP,6*17.5,105,105,37,,Fuel Shortage,,Chattogram,,,
anlimaenergy,HFO,IPP,6*21.2,116,116,56,,Fuel shortage,,Chattogram,,,
ashuganj150midland,HFO,IPP,23*7.015,150,150,,40,Engine problem,,Cumilla,,,
jangalia33summit,Gas,"SIPP, PDB",4*8.73,33,33,,,Contract Expired,,Cumilla,,,
jangalia52lakdanavi,HFO,IPP,6*8.92,52,52,,0,Engine problem,,Cumilla,,,
fenchugonjphase2,Gas,PDB,2*35+1*35,104,90,,22,Machine problem,,Sylhet,,,
fenchuganj44energyprima,Gas,NENP,12*3.3+5*2,50,50,,14,Engine problem,,Sylhet,,,
rampal1320bifpcl,Coal,NTPC&BPDB,617*2,1234,1234,384,,Coal shortage,,Khulna,,,
payra1320,Coal,BCPCL,2*622,1244,1244,,622,Unit-1 Under maint,,Barisal,,,
sirajgonj2251,Gas/HSD,NWPGCL,1*150+1*75,210,210,,210,Under maint.,,Rajshahi,,,
energypacpowerventurethakurgaon,HFO,IPP,115,115,115,,21,Engine problem,,Rangpur,,,
juldah1003acorn,HFO,IPP,0,100,100,,24,Engine problem,,Chattogram,,,
meghnaghatsummit,Gas,IPP,2*110+1*110,335,335,130,,FGMO,,Dhaka,,,
ashuganj450north,Gas,APSCL,1*360,360,360,,30,Gas shortage,,Cumilla,,,
ashuganj55precision,Gas,QRPP,15*4,55,55,25,,Gas shortae,,Cumilla,,,
ashuganj195apscled,Gas,IPP,20*9.73+1*16,195,195,135,,Gas shortage,,Cumilla,,,
bheramara410,Gas,NWPGCL,1*278+1*132,410,410,250,,Gas shortage,,Khulna,,,
khulna115kpcl2,HFO,QRPP,7*17,115,115,,0,,,Khulna,,,
sylhet20g,Gas,PDB,1*20,20,20,,2,,,Sylhet,,,
meghnaghat450mpl,Gas,IPP,2*150+1*150,450,450,240,,Gas shortage,,Dhaka,,,
ashuganj450north,Gas,APSCL,1*360,360,360,140,,"ST under maint, Gas shortage",,Cumilla,,,
rpcl210,Gas,IPP,4*35+1*70,210,202,87,,Gas shortage,,Mymensingh,,,
meghnaghatsummit,Gas,IPP,2*110+1*110,335,335,,35,Under maint.,,Dhaka,,,
siddhirgonj2120g,Gas,EGCB, 2*105,210,210,,210,GT-2 Under S/D,,Dhaka,,,
anwara300ed,HFO,IPP,17*17+24,300,300,35,,Fuel shortage,,Chattogram,,,
ashuganj225,Gas,APSCL,1*142+1*75,221,221,,86,ST Under maint.,,Cumilla,,,
ashuganj195apscled,Gas,IPP,20*9.73+1*16,195,195,67,,Gas shortae,,Cumilla,,,
rampal1320bifpcl,Coal,NTPC&BPDB,660*2,617,617,47,,,,Khulna,,,
bhola225,Gas,PDB,2*63+1*68,194,194,,72,ST under maint.,,Barisal,,,
ashuganj450north,Gas,APSCL,1*360,360,360,260,,Gas shortage,,Cumilla,,,
kushiara163kp,Gas,IPP,1*109+1*54,163,163,43,,Gas shortage,,Sylhet,,,
sylhet225,Gas,PDB,1*142+1*89,231,231,,21,engine problem,,Sylhet,,,
rampal1320bifpcl,Coal,NTPC&BPDB,617*2,1234,1234,734,,Coal shortage,,Khulna,,,
ghorasal5,Gas,PDB,1*210,210,190,,,Gas shortage,,Dhaka,,,
meghnaghatsummit,Gas,IPP,2*110+1*110,305,305,155,,GT-2 Under S/D,,Dhaka,,,
karnaphulihydro12345,Hydro,PDB,2*40+3*50,230,230,,124,Low water lavel,,Chattogram,,,
rpcl210,Gas,IPP,4*35+1*70,210,202,,49,GT-1 Under maint.,,Mymensingh,,,
karnaphulihydro12345,Hydro,PDB,2*40+3*50,230,230,,152,"Low Water Level & Unit 2 & 4,5  U/M.",,Chattogram,,,
ashuganj225,Gas,APSCL,1*142+1*75,221,221,,225,Under maint.,,Cumilla,,,
barapukuria2753,Coal,PDB,1*275,274,274,132,,Coal shortage,,Rangpur,,,
meghnaghat104opcl,HFO,IPP,18.5*6,104,104,,,Fuel Shortage.,,Dhaka,,,
ashuganj4,Gas,APSCL,1*150,150,129,,,Engine problem,,Cumilla,,,
ghorashal108regent,Gas,IPP,34*3.35,108,108,43,,Gas shortage,,Dhaka,,,
maona33summit,Gas,"SIPP,REB",4*8.73,33,33,,3,Engine problem,,Dhaka,,,
chandpur115doreen,HFO,IPP,4*18.5+2*22.5,115,115,,57,Engine problem,,Cumilla,,,
bhola225,Gas,PDB,2*63+1*68,194,194,,14,,,Barisal,,,
ashuganj225,Gas,APSCL,1*142+1*75,221,221,,121,,,Cumilla,,,
ashuganj50,Gas,APSCL,14*3.968,53,45,23,,Gas shortage,,Cumilla,,,
baghabari50peaking,HFO,PDB,6*8.9,52,52,,10,Engine problem,,Rajshahi,,,
haripur360hpl,Gas,IPP,1*235+1*125,360,360,130,,Gas shortage,,Dhaka,,,
chandpur150,Gas,PDB,1*106+1*57,163,163,163,,Under maintenance,,Cumilla,,,
bhola95aggreko,Gas,QRPP,96*1.10,95,95,15,,Gas shortage,,Barisal,,,
sspoweri,Coal,IPP,2*612,1224,1224,,,Coal shortage,,Chattogram,,,
sylhet225,Gas,PDB,1*142+1*89,231,231,,57,ST Under maint.,,Sylhet,,,
haripur412,Gas,EGCB,1*273+1*139,412,412,412,,Under Maint.,,Dhaka,,,
fenchuganj44energyprima,Gas,NENP,12*3.3+5*2,50,50,6,,Gas shortage,,Sylhet,,,
sikalbaha225,Gas/HSD,PDB,1*150+1*75,225,225,,,under maint.,,Chattogram,,,
ashuganj450south,Gas,APSCL,1*360,360,360,0,,Gas shortage,,Cumilla,,,
ashuganj195apscled,Gas,IPP,20*9.73+1*16,195,195,125,,Gas shortage,,Cumilla,,,
rampal1320bifpcl,Coal,NTPC&BPDB,660*2,617,617,,,under maint.,,Khulna,,,
karnaphulihydro12345,Hydro,PDB,2*40+3*50,230,230,160,,Unit 2 & 5  under maint.,,Chattogram,,,
juldah1003acorn,HFO,IPP,0,100,100,,20,Engine problem,,Chattogram,,,
shajibazar330,Gas,PDB,3*110,330,330,,168,GT-1 S/D ,,Sylhet,,,
shahjibazar100g,Gas,PDB,1*100,100,100,,20,Engine problem,,Sylhet,,,
amnura50sinha,HFO,QRPP,7*7.79,50,50,32,,Fuel shortage,,Rajshahi,,,
ghorashal108regent,Gas,IPP,34*3.35,108,108,28,,Gas shortage,,Dhaka,,,
haripur412,Gas,EGCB,1*273+1*139,412,412,17,,Gas shortage,,Dhaka,,,
karnaphulihydro12345,Hydro,PDB,2*40+3*50,230,230,160,,Low Water Level ,,Chattogram,,,
khulna225,HSD,NWPGCL,1*150+1*75,230,230,,22,Engine problem,,Khulna,,,
payra1320,Coal,BCPCL,2*622,1244,1244,874,,Unit-1 under S/D due to Coal shortage,,Barisal,,,
karnaphulihydro12345,Hydro,PDB,2*40+3*50,230,230,,152,Low Water Level ,,Chattogram,,,
ashuganj450north,Gas,APSCL,1*360,360,360,90,,"ST under maint, Gas shortage",,Cumilla,,,
bibiyanasouth400,Gas,PDB,400 MW,383,383,,123,ST under maint,,Sylhet,,,
bera70peaking,HFO,PDB,9*8.29,71,71,,18,Engine problem,,Rajshahi,,,
ashuganj50,Gas,APSCL,14*3.968,53,45,20,,Gas Shortage,,Cumilla,,,
juldahacorn,HFO,QRPP,8*13.45,100,100,,0,Engine problem,,Chattogram,,,
jamalpur95,HFO,IPP,12*8.924,95,95,,13,Enjgine problem,,Mymensingh,,,
baghabarigt100,Gas,PDB,1*100,100,100,,100,Transformer problem,,Rajshahi,,,
karnaphulihydro12345,Hydro,PDB,2*40+3*50,230,230,76,,Unit 2  under maint.,,Chattogram,,,
ghorasal5,Gas,PDB,1*210,210,190,90,,Gas shortage,,Dhaka,,,
siddhirgonj2120g,Gas,EGCB, 2*105,210,210,,110,Gas shortage,,Dhaka,,,
chandpur150,Gas,PDB,1*106+1*57,163,163,85,,Gas shortage.,,Cumilla,,,
bheramara410,Gas,NWPGCL,1*278+1*132,410,410,245,,Gas shortage,,Khulna,,,
bholanutanbiddutbd,Gas,IPP,220,220,220,,220,Under maint.,,Barisal,,,
sirajgonj4004,Gas/HSD,SNWPGCL,1*282+1*132,414,414,214,,Gas shortage,,Rajshahi,,,
haripur412,Gas,EGCB,1*273+1*139,412,412,2,,,,Dhaka,,,
siddhirgonj2120g,Gas,EGCB, 2*105,210,210,,210,Gas Shortage,,Dhaka,,,
siddhirganj100dutchbangla,HFO,NENP,12*8.9,100,100,58,,Fuel shortage,,Dhaka,,,
aurahati100aggreko,HSD,IPP,0.85*23+0.95*91,100,100,,50,Fuel shortage,,Dhaka,,,
gazipur100,HFO,RPCL,6*17.5,105,105,,17,Fuel shortage,,Dhaka,,,
karnaphulihydro12345,Hydro,PDB,2*40+3*50,230,230,208,,Low Water Level ,,Chattogram,,,
sikalbaha225,Gas/HSD,PDB,1*150+1*75,225,225,-1,,,,Chattogram,,,
ashuganj450south,Gas,APSCL,1*360,360,360,,40,,,Cumilla,,,
ashuganj195apscled,Gas,IPP,20*9.73+1*16,195,195,16,,Gas shortage,,Cumilla,,,
rupganj33summit,Gas,"SIPP,REB",4*8.73,33,33,,18,Engine problem,,Dhaka,,,
gazipur52,HFO,RPCL,6*8.9,52,52,26,,Fuel shortage,,Dhaka,,,
kodda1491summit,HFO,IPP,8*18.45+8.97,149,149,,29,Fuel shortage,,Dhaka,,,
karnaphulihydro12345,Hydro,PDB,2*40+3*50,230,230,,14,,,Chattogram,,,
matarbari2600cpgcl,Coal,CPGCL,2*575,1150,1150,790,,Coal shortage,,Chattogram,,,
ashuganj150midland,HFO,IPP,23*7.015,150,150,82,,Fuel shortage,,Cumilla,,,
chowmuhani113,HFO,IPP,12*9.78+2*3.1,113,113,36,,Fuel shortage,,Cumilla,,,
mymensingh200ed,HFO,IPP,9.78*21,200,200,48,,Fuel shortage,,Mymensingh,,,
fenchugonjphase1,Gas,PDB,2*32+1*33,97,70,,42,,,Sylhet,,,
rampal1320bifpcl,Coal,NTPC&BPDB,617*2,1234,1234,634,,Coal shortage,,Khulna,,,
barapukuria1,Coal,PDB,1*125,125,85,,23,,,Rangpur,,,
meghnaghatsummit,Gas,IPP,2*110+1*110,305,305,,,GT-1 Under maint.,,Dhaka,,,
karnaphulihydro12345,Hydro,PDB,2*40+3*50,230,230,80,,Low water level,,Chattogram,,,
ghorasalrepowered4,Gas,PDB,1*210,210,180,-40,,Gas shortage,,Dhaka,,,
siddhirganj100dutchbangla,HFO,NENP,12*8.9,100,100,,60,Engine problem,,Dhaka,,,
kodda3002summit,HFO,IPP,18*17.076,300,300,252,,Fuel shortage,,Dhaka,,,
kodda1491summit,HFO,IPP,8*18.45+8.97,149,149,,79,Engine problem,,Dhaka,,,
confidencepowerbogura1113,HFO,IPP,6*18.55,113,113,39,,Fuel shortage,,Rajshahi,,,
ghorasalrepowered3,Gas,PDB,1*210,210,170,,70,Line O/L.,,Dhaka,,,
ghorasal3657,Gas,PDB,1*243+1*122,365,365,,85,Line O/L.,,Dhaka,,,
sirajgonj2252,Gas/HSD,NWPGCL,1*150+1*75,220,220,,,Under maint,,Rajshahi,,,
sirajgonj2253,Gas/HSD,NWPGCL,1*141,220,220,,,Under maint,,Rajshahi,,,
sirajgonj4004,Gas/HSD,SNWPGCL,1*282+1*132,414,414,,,STG under maint.,,Rajshahi,,,
chattogram1,Gas,PDB,1*210,210,180,80,,Gas Shortage,,Chattogram,,,
karnaphulihydro12345,Hydro,PDB,2*40+3*50,230,230,,190,Low water lavel,,Chattogram,,,
sirajgonj2252,Gas/HSD,NWPGCL,1*150+1*75,220,220,,70,ST under maint,,Rajshahi,,,
ashuganj450north,Gas,APSCL,1*360,360,360,360,,Under maint.,,Cumilla,,,
chandpur150,Gas,PDB,1*106+1*57,163,163,,73,Gas shortage,,Cumilla,,,
kodda1491summit,HFO,IPP,8*18.45+8.97,149,149,131,,Fuel shortage,,Dhaka,,,
mirsharai150,HFO,BPDB-RPCL,18.5*9,163,163,36,,Fuel shortage,,Chattogram,,,
sspoweri,Coal,SS Power ,2*612,1224,1224,834,,Coal Shortage.,,Chattogram,,,
ashuganj55precision,Gas,QRPP,0,55,55,10,,,,Cumilla,,,
chandpur200deshenergy,HFO,IPP,12*18.4,200,200,165,,Fuel shortage,,Cumilla,,,
jangalia52lakdanavi,HFO,IPP,6*8.92,52,52,0,,Fuel shortage,,Cumilla,,,
jamalpur115ed,HFO,IPP,9.78*12,115,115,,,Fuel shortage,,Mymensingh,,,
fenchugonj51barakatullah,Gas,RPP ,19*2.90,51,51,1,,,,Sylhet,,,
sylhet225,Gas,PDB,1*142+1*89,231,231,,231,under maint,,Sylhet,,,
rampal1320bifpcl,Coal,NTPC&BPDB,660*2,617,617,,217,,,Khulna,,,
rangpur113confidence,HFO,IPP,9*6.984+7*7.015+3.15*2,113,113,107,,Fuel shortage,,Rangpur,,,
siddhirganj335,Gas,EGCB,1*217,217,217,,335,Under maint.,,Dhaka,,,
meghnaghat450mpl,Gas,IPP,2*150+1*150,450,450,,225,GT-2 Under maint,,Dhaka,,,
siddhirganj335,Gas,EGCB,1*217+118,335,335,,118,ST Under maint,,Dhaka,,,
shahjibazar86shahjibazar,Gas,RPP ,32*2.90,86,86,,24,Engine problem,,Sylhet,,,
sylhet150,Gas,PDB,1*142,142,142,,,Under maint.,,Sylhet,,,
meghnaghat100iel,HFO,NENP,12*8.9,100,100,44,,Fuel shortage,,Dhaka,,,
siddhirganj100dutchbangla,HFO,NENP,12*8.9,100,100,,36,Engine problem,,Dhaka,,,
gagnagar102digitalpower,HFO,IPP,12*8.924,102,102,,37,Engine problem,,Dhaka,,,
rupganj33summit,Gas,"SIPP,REB",4*8.73,33,33,,25,Engine problem,,Dhaka,,,
gazipur52,HFO,RPCL,6*8.9,52,52,,9,Engine problem,,Dhaka,,,
gazipur100,HFO,RPCL,6*17.5,105,105,40,,Fuel shortage,,Dhaka,,,
juldah1001acorn,HFO,NENP,8*13.45,100,100,,5,Engine problem,,Chattogram,,,
chattogram108ecpv,HFO,IPP,16*7,108,108,103,,Fuel shortage,,Chattogram,,,
ashuganj450south,Gas,APSCL,1*360,360,360,30,,,,Cumilla,,,
chandpur150,Gas,PDB,1*106+1*57,163,163,,81,Machine problem,,Cumilla,,,
mymensingh200ed,HFO,IPP,9.78*21,200,200,93,,Fuel shortage,,Mymensingh,,,
sylhet20g,Gas,PDB,1*20,20,20,2,,Gas shortage,,Sylhet,,,
sirajgonj2251,Gas/HSD,NWPGCL,1*150+1*75,210,210,5,,Gas shortage,,Rajshahi,,,
maona33summit,Gas,"SIPP,REB",4*8.73,33,33,,18,Engine problem,,Dhaka,,,
anlimaenergy,HFO,IPP,6*21.2,116,116,11,,Fuel shortage,,Chattogram,,,
ashuganj55precision,Gas,QRPP,0,55,55,50,,Gas shortage,,Cumilla,,,
tangailpallipowergen22,HFO,IPP,4*6.7,22,22,,12, Engine prblem,,Mymensingh,,,
sylhet225,Gas,PDB,1*142+1*89,231,231,,96,ST Under maint.,,Sylhet,,,
rampal1320bifpcl,Coal,NTPC&BPDB,617*2,1234,1234,617,,Unit-2 S/D due to Coal shortage,,Khulna,,,
juldah1001acorn,HFO,NENP,8*13.45,100,100,,28,Engine problem,,Chattogram,,,
ashuganj55precision,Gas,QRPP,15*4,55,55,15,,Gas shortage,,Cumilla,,,
haripur412,Gas,EGCB,1*273+1*139,412,412,,,S/D for gas problem,,Dhaka,,,
haripur360hpl,Gas,IPP,1*235+1*125,360,360,220,,Gas shortage,,Dhaka,,,
gazipur100,HFO,RPCL,100 MW,105,105,,22,Engine problem,,Dhaka,,,
karnaphulihydro12345,Hydro,PDB,2*40+3*50,230,230,210,, Low water lavel,,Chattogram,,,
sikalbahapeakinggt,Gas/HSD,PDB,1*150 ,150,150,,,Under S/D.,,Chattogram,,,
ashuganj5,Gas,APSCL,1*150,150,134,134,,Machine problem.,,Cumilla,,,
ashuganj450south,Gas,APSCL,1*360,360,360,,,Under maint.,,Cumilla,,,
ashuganj195apscled,Gas,IPP,20*9.73+1*16,195,195,163,,Gas shortage,,Cumilla,,,
ashuganj51midland,Gas,IPP,6*9.34,51,51,,8,Engine problem\,,Cumilla,,,
chandpur200deshenergy,HFO,IPP,0,200,200,,60,Engine problem,,Cumilla,,,
jamalpur95powerpac,HFO,IPP,12*8.924,95,95,,79,Engine problem,,Mymensingh,,,
meghnaghat450mpl,Gas,IPP,2*150+1*150,450,450,,,Gas Shortage,,Dhaka,,,
ashuganj3,Gas,APSCL,1*150,150,135,65,,Gas Shortage,,Cumilla,,,
fenchugonjphase2,Gas,PDB,2*35+1*35,104,90,,50,,,Sylhet,,,
gagnagar102digitalpower,HFO,IPP,12*8.924,102,102,28,,Fuel shortage,,Dhaka,,,
nababganj55southernpower,HFO,IPP,3*19.3,55,55,0,,Fuel shortage,,Dhaka,,,
hathazari100peaking,HFO,PDB,11*8.9,98,98,82,,Fuel shortage,,Chattogram,,,
mymensingh200ed,HFO,IPP,9.78*21,200,200,64,,Fuel shortage,,Mymensingh,,,
rampal1320bifpcl,Coal,NTPC&BPDB,660*2,617,617,67,,Coal Shortage.,,Khulna,,,
sirajgonj2251,Gas/HSD,NWPGCL,1*150+1*75,210,210,0,,Gas shortage,,Rajshahi,,,
bagura113confidence2,HFO,IPP,6*18.55+7.2,113,113,23,,Fuel shortage,,Rajshahi,,,
ghorashal108regent,Gas,IPP,34*3.35,108,108,,32,Engine problem,,Dhaka,,,
meghnaghatsummit,Gas,IPP,2*110+1*110,335,335,,15,FGMO,,Dhaka,,,
siddhirgonj2120g,Gas,EGCB, 2*105,210,210,113,,GT-2 U/M,,Dhaka,,,
kodda3002summit,HFO,IPP,18*17.076,300,300,,10,,,Dhaka,,,
juldah1001acorn,HFO,NENP,8*13.45,100,100,,50,Engine problem,,Chattogram,,,
sirajgonj2252,Gas/HSD,NWPGCL,1*150+1*75,220,220,60,,Gas shortage,,Rajshahi,,,
ghorashal78max,Gas,QRPP,2*40,78,78,0,,,,Dhaka,,,
meghnaghatsummit,HSD,IPP,2*110+1*110,305,305,,155,Machine problem.,,Dhaka,,,
chattogramst1raozan,Gas,PDB,1*210,210,180,50,,Gas shortage,,Chattogram,,,
juldahacorn,HFO,QRPP,8*13.45,100,100,,23,Engine problem,,Chattogram,,,
shajibazar330,Gas,PDB,3*110,330,330,,216,GT-2 Under maint.,,Sylhet,,,
sylhetepl50,Gas,RPP ,27*2,50,50,,6,Engine problem,,Sylhet,,,
meghnaghat450mpl,Gas,IPP,2*150+1*150,450,450,450,,under maint,,Dhaka,,,
madanganj102summit,HFO,NENP,6*17,102,102,26,,Fuel shortage,,Dhaka,,,
gazipur100,HFO,RPCL,6*17.5,105,105,35,,Engine problem,,Dhaka,,,
chattogram1,Gas,PDB,1*210,210,180,180,,,,Chattogram,,,
sikalbaha225,Gas/HSD,PDB,1*150+1*175,225,225,,225,ST Under maint,,Chattogram,,,
hathazari100peaking,HFO,PDB,11*8.9,98,98,,26,Engine problem,,Chattogram,,,
juldah1001acorn,HFO,NENP,8*13.45,100,100,56,,Fuel shortage,,Chattogram,,,
ashuganj420east,Gas,APSCL,284*1+116*1,400,400,40,,FGMO,,Cumilla,,,
sylhet225,Gas,PDB,1*142+1*89,231,231,,96,ST under maint,2023-03-06 00:00:00,Sylhet,,,
barisal110summit,HFO,IPP,7*17.076,110,110,14,,Fuel shortage,,Barisal,,,
bhola33venture,Gas,NENP,1*34.50,40,40,,40,Engine problem,,Barisal,,,
chapainawabganj100peaking,HFO,PDB,12*8.924,104,104,,,Enging problem,,Rajshahi,,,
gagnagar102digitalpower,HFO,IPP,12*8.924,102,102,45,,Fuel shortage,,Dhaka,,,
kodda150,HFO,BPDB-RPCL,9*17.06,149,149,,14,Engine problem,,Dhaka,,,
matarbari2600cpgcl,Coal,CPGCL,2*575,1150,1150,400,,Coal shortage,,Chattogram,,,
bhairob545,HFO,IPP,3*18.2,54,54,,24, Engine prblem,,Mymensingh,,,
bibiyanaiii400,Gas,PDB,285*1+134*1,400,400,,200,Machine problem,,Sylhet,,,
siddhirgonj2120g,Gas,EGCB, 2*105,210,210,30,,Gas shortage,,Dhaka,,,
barapukuria1,Coal,PDB,1*125,125,85,,,Coal Shortage,,Rangpur,,,
rampal1320bifpcl,Coal,NTPC&BPDB,617*2,1234,1234,434,,Coal shortage,,Khulna,,,
madanganj55summit,HFO,IPP,3*17.08+1*11.3,55,55,40,,,,Dhaka,,,
rangpur113confidence,HFO,IPP,9*6.984+7*7.015+3.15*2,113,113,78,,fuel shortage,,Rangpur,,,
meghnaghat450mpl,Gas,IPP,2*150+1*150,450,450,,450,GT-2 S/D,,Dhaka,,,
bibiyanaiii400,Gas,PDB,285*1+134*1,400,400,90,,Gas shortage,,Sylhet,,,
bibiyanasouth400,Gas,PDB,400 MW,383,383,53,,Gas shortage,,Sylhet,,,
barapukuria2753,Coal,PDB,1*275,274,274,,121,Machine problem,,Rangpur,,,
meghnaghat100iel,HFO,NENP,12*8.9,100,100,,25,Engine problem,,Dhaka,,,
keraniganj100powerpac,HFO,NENP,8*13.45,100,75,31,,Fuel shortage,,Dhaka,,,
bhairob545,HFO,IPP,3*18.2,54,54,,0,Engine problem,,Cumilla,,,
khulna115kpcl2,HFO,NENP,7*17,115,115,34,,Fuel shortage,,Khulna,,,
siddhirganj335,Gas,EGCB,1*217+118,335,335,,175,Machine problem,,Dhaka,,,
sspoweri,Coal,SS Power ,2*612,1224,1224,754,,Coal Shortage.,,Chattogram,,,
bhola225,Gas,PDB,2*63+1*68,194,194,,59,GT-1 & ST Under maint.,,Barisal,,,
barisal307,Coal,IPP,307*1,307,307,157,,Fuel shortage,,Barisal,,,
katakhali50peaking,HFO,PDB,6*8.7,50,50,,17,Under maint,,Rajshahi,,,
siddhirgonjgt12,Gas,EGCB, 2*105,210,210,80,,Gas shortage,,Dhaka,,,
ashuganjst3,Gas,APSCL,1*150,150,135,30,,Gas shortage,,Cumilla,,,
kodda3002summit,HFO,IPP,18*17.076,300,300,,18,Engine problem,,Dhaka,,,
mymensingh200ed,HFO,IPP,200,200,200,,,Machine problem,,Mymensingh,,,
fenchugonjphase2,Gas,PDB,2*35+1*35,104,90,,80,Machine problem.,,Sylhet,,,
siddhirganj100dutchbangla,HFO,NENP,12*8.9,100,100,20,,Fuel shortage,,Dhaka,,,
siddhirganj335,Gas,EGCB,1*217+118,335,335,,115,,,Dhaka,,,
gazipur52,HFO,RPCL,6*8.9,52,52,1,,,,Dhaka,,,
keranigonj300apr,HSD,IPP,256*1.4,300,300,50,,,,Dhaka,,,
mymensingh200ed,HFO,IPP,9.78*21,200,200,102,,Fuel shortage,,Mymensingh,,,
shahjibazarg89,Gas,PDB,2*35,70,66,,,Unit-9 under maint,,Sylhet,,,
sylhet225,Gas,PDB,1*142+1*89,231,231,,46,ST Under maint,,Sylhet,,,
khulna115kpcl2,HFO,NENP,7*17,115,115,,99,Fuel shortage,,Khulna,,,
bheramara410,Gas,NWPGCL,1*278+1*132,410,410,175,,Gas shortage,,Khulna,,,
khulna330,Gas/HSD,BPDB,1*220+1*110,220,220,,,Fuel shortage,,Khulna,,,
rampal1320bifpcl,Coal,NTPC&BPDB,660*2,617,617,,617,Coal shortage,,Khulna,,,
santahar50peaking,HFO,PDB,6*8.7,50,50,25,,Fuel shortage,,Rajshahi,,,
rangpur113confidence,HFO,IPP,9*6.984+7*7.015+3.15*2,113,113,35,,Fuel shortage,,Rangpur,,,
siddhirgonj2120g,Gas,EGCB, 2*105,210,210,95,,Gas shortage,,Dhaka,,,
chattogram108ecpv,HFO,IPP,16*7,108,108,62,,Fuel shortage,,Chattogram,,,
ashuganj195apscled,Gas,IPP,20*9.73+1*16,195,195,115,,Gas shortage,,Cumilla,,,
ashuganj150midland,HFO,IPP,23*7.015,150,150,60,,Fuel shortage,,Cumilla,,,
bibianaii341summit,Gas,IPP,1*222+1*119,341,341,,,Under maint,,Sylhet,,,
bibiyanasouth400,Gas,PDB,400 MW,383,383,,283,ST Sync. Process,,Sylhet,,,
sirajgonj2252,Gas/HSD,NWPGCL,1*150+1*75,220,220,220,,,,Rajshahi,,,
sirajgonj2253,Gas/HSD,NWPGCL,1*141,220,220,220,,,,Rajshahi,,,
gopalganj100peaking,HFO,PDB,16*6.98,109,109,,42,Engine problem,,Khulna,,,
bheramara410,Gas,NWPGCL,1*278+1*132,410,410,290,,Gas shortage,,Khulna,,,
kodda1491summit,HFO,IPP,8*18.45+8.97,149,149,47,,Fuel shortage,,Dhaka,,,
rampal1320bifpcl,Coal,NTPC&BPDB,617*2,1234,1234,607,,Coal shortage,,Khulna,,,
sirajgonj2251,Gas/HSD,NWPGCL,1*150+1*75,210,210,30,,,,Rajshahi,,,
bagura113confidence2,HFO,IPP,6*18.55+7.2,113,113,,102,Engine problem,,Rajshahi,,,
karnaphulihydro12345,Hydro,PDB,2*40+3*50,230,230,,120,"Low Water Level & Unit 2 & 4,5  U/M.",,Chattogram,,,
shajibazar330,Gas,PDB,3*110,330,330,,186,GT-1 S/D ,,Sylhet,,,
ghorashal78max,Gas,QRPP,2*40,78,78,28,,Gas shortage ,,Dhaka,,,
gazipurrpcl,HFO,IPP,6*8.9,52,52,,,Engine problem,,Dhaka,,,
ghorasal3657,Gas,PDB,1*243+1*122,365,365,190,,ST under Main. & Gas shortage,,Dhaka,,,
bramhangoan100aggreko,HSD,IPP,114*0.959,100,100,,30,Engine problem,,Dhaka,,,
aurahati100aggreko,HSD,IPP,0.85*23+0.95*91,100,100,20,,Fuel shortage,,Dhaka,,,
chattogram108ecpv,HFO,IPP,16*7,108,108,57,,DCT & Fuel shortage,,Chattogram,,,
sirajgonj2251,Gas/HSD,NWPGCL,1*150+1*75,210,210,23,,Gas shortage,,Rajshahi,,,
natore52rajlanka,HFO,IPP,6*8.92,52,52,8,,Fuel shortage,,Rajshahi,,,
barapukuria2753,Coal,PDB,1*275,274,274,44,,Coal Shortage.,,Rangpur,,,
meghnaghatsummit,Gas,IPP,2*110+1*110,335,335,200,,Gas shortage,,Dhaka,,,
rupganj33summit,Gas,"SIPP,REB",4*8.73,33,33,,1,Engine problem,,Dhaka,,,
anwara300ed,HFO,IPP,17*17+24,300,300,17,,Fuel shortage,,Chattogram,,,
ashuganj150midland,HFO,IPP,23*7.015,150,150,47,,Fuel shortage,,Cumilla,,,
santahar50peaking,HFO,PDB,6*8.7,50,50,,23,Engine problem,,Rajshahi,,,
meghnaghat450mpl,Gas,IPP,2*150+1*150,450,450,,450,Under maint.,17/07/2020,Dhaka,,,
ghorasalrepowered4,Gas,PDB,1*210,210,180,40,,Gas shortage,,Dhaka,,,
sspoweri,Coal,SS Power ,2*612,1224,1224,,184,,,Chattogram,,,
ghorasalrepowered4,Gas,PDB,1*210,210,180,0,,,,Dhaka,,,
meghnaghatsummit,Gas,IPP,2*110+1*110,335,335,15,,Gas shortage,,Dhaka,,,
rupganj33summit,Gas,"SIPP,REB",4*8.73,33,33,,19,Engine problem,,Dhaka,,,
ashuganj55precision,Gas,QRPP,0,55,55,10,,Gas shortage,,Cumilla,,,
mymensingh200ed,HFO,IPP,9.78*21,200,200,78,,Fuel shortage,,Mymensingh,,,
bhairob545,HFO,IPP,3*18.2,54,54,,37,engine problem,,Mymensingh,,,
bheramara410,Gas,NWPGCL,1*278+1*132,410,410,30,,Gas shortage,,Khulna,,,
rampal1320bifpcl,Coal,NTPC&BPDB,617*2,1234,1234,0,,,,Khulna,,,
bhola225,Gas,PDB,2*63+1*68,194,194,,125,GT-2 & ST Under maint.,,Barisal,,,
edpayrapower,HFO,IPP,8*18.5+1*9.5,150,150,0,,,,Barisal,,,
rangpur113confidence,HFO,IPP,9*6.984+7*7.015+3.15*2,113,113,,9,,,Rangpur,,,
sylhet225,Gas,PDB,1*142+1*89,231,231,,225,,,Sylhet,,,
meghnaghat450mpl,Gas,IPP,2*150+1*150,450,450,90,,Gas shortage,,Dhaka,,,
meghnaghatsummit,Gas,IPP,2*110+1*110,335,335,75,,FGMO,,Dhaka,,,
chattogram1,Gas,PDB,1*210,210,180,45,,Gas shortage,,Chattogram,,,
karnaphulihydro12345,Hydro,PDB,2*40+3*50,230,230,180,,Low Water Level ,,Chattogram,,,
ashuganj150midland,HFO,IPP,23*7.015,150,150,,1,,,Cumilla,,,
fenilankapower,HFO,IPP,7*18.415+1*9.78,114,114,0,,,,Cumilla,,,
kulna225,Gas,NWPGCL,0,0,0,,,,,Khulna,,,
barapukuria2753,Coal,PDB,1*275,274,274,104,,Machine problem,,Rangpur,,,
sspoweri,Coal,SS Power ,1*612,612,612,,112,,,Chattogram,,,
ashuganj195apscled,Gas,IPP,20*9.73+1*16,195,195,184,,Gas shortae,,Cumilla,,,
rampal1320bifpcl,Coal,NTPC&BPDB,660*2,617,617,,17,,,Khulna,,,
ghorasalrepowered4,Gas,PDB,1*210,210,180,,30,,,Dhaka,,,
meghnaghatsummit,Gas,IPP,2*110+1*110,335,335,180,,Gas shortage,,Dhaka,,,
nababganj55southernpower,HFO,IPP,3*19.3,55,55,20,,,,Dhaka,,,
meghnaghatsummit,HSD,IPP,2*110+1*110,305,305,,305,Machine problem,,Dhaka,,,
siddhirgonjgt12,Gas,EGCB, 2*105,210,210,10,,,,Dhaka,,,
siddhirganj335,Gas,EGCB,1*217,217,217,,217,Machine problem,,Dhaka,,,
chattogramst1raozan,Gas,PDB,1*210,210,180,90,,Gas shortage,,Chattogram,,,
kaptaihydro12345,Hydro,PDB,2*40+3*50,230,230,,46,Low water lavel,,Chattogram,,,
juldahacorn,HFO,QRPP,8*13.45,100,100,,26,Engine problem,,Chattogram,,,
mymensinghrpcl210,Gas,IPP,4*35+1*70,210,202,41,,Gas shortage ,,Mymensingh,,,
baghabari100g,Gas,PDB,1*100,100,100,35,,Gas shortage,,Rajshahi,,,
haripur412,Gas,EGCB,1*273+1*139,412,412,2,,Gas shortage,,Dhaka,,,
gagnagar102digitalpower,HFO,IPP,12*8.924,102,102,,86,Fuel shortage,,Dhaka,,,
kodda1491summit,HFO,IPP,8*18.45+8.97,149,149,,7,Engine problem,,Dhaka,,,
karnaphulihydro12345,Hydro,PDB,2*40+3*50,230,230,,103,Low Water Level ,,Chattogram,,,
juldah2acorn,HFO,IPP,8*13.6,100,100,,90,Engine problem,,Chattogram,,,
rpcl210,Gas,IPP,4*35+1*70,210,202,98,,Gas shortage,,Mymensingh,,,
fenchugonj51barakatullah,Gas,RPP ,19*2.90,51,51,43,,Gas shortage,,Sylhet,,,
khulna115kpcl2,HFO,NENP,7*17,115,115,,,Fuel shortage,,Khulna,,,
natore52rajlanka,HFO,IPP,6*8.92,52,52,,,Fuel shortage,,Rajshahi,,,
energypacpowerventurethakurgaon,HFO,IPP,115,115,115,7,,Fuel shortage,,Rangpur,,,
bhola95aggreko,Gas,QRPP,96*1.10,95,95,,3,Engine problem,,Barisal,,,
ashuganj225,Gas,APSCL,1*142+1*75,221,221,,16,Under maint,,Cumilla,,,
ashuganj450south,Gas,APSCL,1*360,360,360,,,ST Under maint.,,Cumilla,,,
sylhet225,Gas,PDB,1*142+1*89,231,231,,69,Machine problem,,Sylhet,,,
edpayrapower,HFO,IPP,8*18.5+1*9.5,150,150,123,,Fuel shortage.,,Barisal,,,
barapukuria1,Coal,PDB,1*125,125,85,10,,,,Rangpur,,,
katpotti51,HFO,IPP,7*7.9,51,51,,4,Engoine problem,,Dhaka,,,
bosila108,HFO,IPP,12*8.775+1*3.5,108,108,,61,Engine problem,,Dhaka,,,
kaptaihydro12345,Hydro,PDB,2*40+3*50,230,230,,163,Low water lavel,,Chattogram,,,
chattogramecpv108,HFO,IPP,16*7,108,108,,8,Engine problem,,Chattogram,,,
ashuganjprecision55,Gas,RPP ,15*4,55,55,0,,Gas shortage,,Cumilla,,,
ashuganjmidland51,Gas,IPP,6*9.34,51,51,0,,,,Cumilla,,,
mymensinghrpcl210,Gas,IPP,4*35+1*70,210,202,32,,Gas shortage,,Mymensingh,,,
jamalpur95,HFO,IPP,12*8.924,95,95,,15,Engine problem.,,Mymensingh,,,
baghabarigt100,Gas,PDB,1*100,100,100,,20,,,Rajshahi,,,
bograepl,Gas,RPP ,5*3.3+5*2,20,10,,0,,,Rajshahi,,,
sikalbaha225,Gas/HSD,PDB,1*150+1*175,225,225,,,Under maint,,Chattogram,,,
ashuganj195apscled,Gas,IPP,20*9.73+1*16,195,195,187,,,,Cumilla,,,
shajibazar330,Gas,PDB,3*110,330,330,,210,Gas shortage.,,Sylhet,,,
bheramara410,Gas,NWPGCL,1*278+1*132,410,410,110,,,,Khulna,,,
meghnaghat104opcl,HFO,IPP,18.5*6,104,104,51,,Lub Oil problem,,Dhaka,,,
sylhet225,Gas,PDB,1*142+1*89,231,231,,61,Machine problem,,Sylhet,,,
bholanutanbiddutbd,Gas,IPP,220,220,220,,100,GT-1 undr maint,,Barisal,,,
haripur412,Gas,EGCB,1*273+1*139,412,412,,139,ST under maint.,,Dhaka,,,
kodda150,HFO,BPDB-RPCL,9*17.06,149,149,,21,Engine problem,,Dhaka,,,
chattogram1,Gas,PDB,1*210,210,180,73,,Gas shortage,,Chattogram,,,
karnaphulihydro12345,Hydro,PDB,2*40+3*50,230,230,,112,Low Water Level ,,Chattogram,,,
chandpur150,Gas,PDB,1*106+1*57,163,163,,28,Engine problem,,Cumilla,,,
bibiyanasouth400,Gas,PDB,400 MW,383,383,,130,ST under maint.,,Sylhet,,,
energypacpowerventurethakurgaon,HFO,IPP,115,115,115,,43,Fuel shortage,,Rangpur,,,
ashuganj195apscled,Gas,IPP,20*9.73+1*16,195,195,160,,Gas shortage,,Cumilla,,,
sylhet50epl,Gas,RPP ,27*2,50,50,,17,Engine problem,,Sylhet,,,
meghnaghatsummit,Gas,IPP,2*110+1*110,335,335,190,,Gas shortage,,Dhaka,,,
hathazari100peaking,HFO,PDB,11*8.9,98,98,52,,Fuel shortage,,Chattogram,,,
mymensingh200ed,HFO,IPP,9.78*21,200,200,126,,Fuel shortage,,Mymensingh,,,
karnaphulihydro12345,Hydro,PDB,2*40+3*50,230,230,106,,Low water level,,Chattogram,,,
siddhirganj335,Gas,EGCB,1*217+118,335,335,,113,ST under maint,,Dhaka,,,
nababganj55southernpower,HFO,IPP,3*19.3,55,55,,15,Engine problem,,Dhaka,,,
amnura50sinha,HFO,QRPP,7*7.79,50,50,,,Fuel shortage ,,Rajshahi,,,
katakhali50northern,HFO,QRPP,6*8.9,50,50,,,Fuel shortage ,,Rajshahi,,,
meghnaghatsummit,Gas,IPP,2*110+1*110,305,305,155,,GT-2 S/D for Gas shortage,,Dhaka,,,
karnaphulihydro12345,Hydro,PDB,2*40+3*50,230,230,186,,Low water level,,Chattogram,,,
ashuganj5,Gas,APSCL,1*150,150,134,,54,Engine problem,,Cumilla,,,
ashuganj450south,Gas,APSCL,1*360,360,360,,360,,,Cumilla,,,
sirajgonj2251,Gas/HSD,NWPGCL,1*150+1*75,210,210,,210,FGMO,,Rajshahi,,,
ashuganj5,Gas,APSCL,1*150,150,134,,,Under maint.,,Cumilla,,,
chandpur,Gas,PDB,1*106+1*57,163,163,,,ST under maint.,,Cumilla,,,
shajibazar330,Gas,PDB,3*110,330,330,,130,ST under maint.,,Sylhet,,,
gopalganjpeaking,HFO,PDB,16*6.98,109,109,,109,,,Khulna,,,
ghorasal3657,Gas,PDB,1*243+1*122,365,365,115,,Gas shortage,,Dhaka,,,
madanganj102summit,HFO,QRPP ,6*17,102,102,,27,Engine problem,,Dhaka,,,
karnaphulipower,HFO,IPP,18.415*6+6.5,110,110,,22,Engine problem,,Chattogram,,,
chowmuhani113,HFO,IPP,12*9.78+2*3.1,113,113,,9,Engine problem,,Cumilla,,,
shajibazar330,Gas,PDB,3*110,330,330,215,,Gas shortage,,Sylhet,,,
shahjibazarg89,Gas,PDB,2*35,70,66,16,,Gas shortage,,Sylhet,,,
haripur412,Gas,EGCB,1*273+1*139,412,412,,,Gas shortage,2021-09-02 00:00:00,Dhaka,,,
gazipur100,HFO,RPCL,100 MW,105,105,,,Engine problem,2021-08-31 00:00:00,Dhaka,,,
karnaphulihydro12345,Hydro,PDB,2*40+3*50,230,230,67,,Low water level & Unit-3 S/D,,Chattogram,,,
sikalbaha105barakasikalbaha,HFO,IPP,105 MW,105,105,,16,Engine problem,,Chattogram,,,
rpcl210,Gas,IPP,4*35+1*70,210,202,67,,Gas shortage,2021-09-01 00:00:00,Mymensingh,,,
baghabari50peaking,HFO,PDB,6*8.9,52,52,,2,,,Rajshahi,,,
natore52rajlanka,HFO,IPP,52,52,52,27,,Engine problem,,Rajshahi,,,
barapukuria2753,Coal,PDB,1*275,274,274,114,,Coal Shortage,,Rangpur,,,
siddhirganj100dutchbangla,HFO,NENP,12*8.9,100,100,30,,Fuel shortage,,Dhaka,,,
gagnagar102digitalpower,HFO,IPP,12*8.924,102,102,12,,Fuel shortage,,Dhaka,,,
karnaphulihydro12345,Hydro,PDB,2*40+3*50,230,230,,41,,,Chattogram,,,
adanipowerjharkhanda,Coal,Imported power,748*2,1496,1496,956,,,,Rajshahi,,,
manikgonj162mpgl,HFO,IPP,9*18,162,162,,0,,,Dhaka,,,
karnaphulihydro12345,Hydro,PDB,2*40+3*50,230,230,141,,Low water lavel,,Chattogram,,,
chandpur150,Gas,PDB,1*106+1*57,163,163,,28,,,Cumilla,,,
fenilankapower,HFO,IPP,7*18.415+1*9.78,114,114,,9,,,Cumilla,,,
amnura50sinha,HFO,QRPP,7*7.79,50,50,,15,,,Rajshahi,,,
kushiara163kp,Gas,IPP,1*109+1*54,163,163,,163,,,Sylhet,,,
sylhet225,Gas,PDB,1*142+1*89,231,231,,231,replacement of filter,,Sylhet,,,
ashuganj450north,Gas,APSCL,1*360,360,360,,0,,,Cumilla,,,
fenilankapower,HFO,IPP,7*18.415+1*9.78,114,114,,18,Engine problem,,Cumilla,,,
confidencepowerbogura1113,HFO,IPP,6*18.55,113,113,,0,Engine problem,,Rajshahi,,,
chandpur150,Gas,PDB,1*106+1*57,163,163,,13,Machine Problem,,Cumilla,,,
fenilankapower,HFO,IPP,7*18.415+1*9.78,114,114,,,On test,,Cumilla,,,
meghnaghat450mpl,Gas,IPP,2*150+1*150,450,450,90,,GT-2 S/D due to  Gas shortage,,Dhaka,,,
meghnaghat104opcl,HFO,IPP,18.5*6,104,104,,16,Engine problem,,Dhaka,,,
karnaphulihydro12345,Hydro,PDB,2*40+3*50,230,230,,164,Low Water Level ,,Chattogram,,,
sylhet20g,Gas,PDB,1*20,20,20,,,Bad weather,,Sylhet,,,
sylhet50epl,Gas,RPP ,27*2,50,50,,,Bad weather,,Sylhet,,,
shahjahanulla25,Gas,"SIPP, REB",3*9.34,25,25,,,Bad weather,,Sylhet,,,
chandpur150,Gas,PDB,1*106+1*57,163,163,,69,STG Under S/D,,Cumilla,,,
fenchugonjphase2,Gas,PDB,2*35+1*35,104,90,,70,Machine problem.,,Sylhet,,,
shajibazar330,Gas,PDB,3*110,330,330,,180,GT-1 under maintenance.,,Sylhet,,,
meghnaghat100iel,HFO,NENP,12*8.9,100,100,,50,Fuel shortage,,Dhaka,,,
siddhirganj100dutchbangla,HFO,NENP,12*8.9,100,100,,50,Fuel shortage,,Dhaka,,,
gagnagar102digitalpower,HFO,IPP,12*8.924,102,102,,8,Fuel shortage,,Dhaka,,,
karnaphulihydro12345,Hydro,PDB,2*40+3*50,230,230,,118,Low Water Level ,,Chattogram,,,
ashuganj450south,Gas,APSCL,1*360,360,360,55,,Gas shortage,,Cumilla,,,
ashuganj150midland,HFO,IPP,23*7.015,150,150,,22,Engine problem,,Cumilla,,,
kushiara163kp,Gas,IPP,1*109+1*54,163,163,,54,ST under maint.,,Sylhet,,,
ghorasalgt3,Gas,PDB,1*210,210,170,,70,On test.,,Dhaka,,,
ghorasalst7,Gas,PDB,1*243+1*122,365,365,,365,,,Dhaka,,,
ashuganjst5,Gas,APSCL,1*150,150,134,-1,,Gas shortage,,Cumilla,,,
haripur412,Gas,EGCB,1*273+1*139,412,412,107,,Gas shortage,,Dhaka,,,
keraniganj100powerpac,HFO,QRPP,8*13.45,100,100,,45,Engine problem,,Dhaka,,,
bhola225,Gas,PDB,2*63+1*68,194,194,,127,Machine problem.,,Barisal,,,
sirajgonj2252,Gas/HSD,NWPGCL,1*150+1*75,220,220,54,,Gas shortage,,Rajshahi,,,
meghnaghatuniquepower,Gas,IPP,586,584,584,234,,Gas shortage,,Dhaka,,,
rampal1320bifpcl,Coal,NTPC&BPDB,617*2,1234,1234,617,,GT-1 S/D,,Khulna,,,
barapukuria1,Coal,PDB,1*125,125,85,,14,Machine problem,,Rangpur,,,
barapukuria2753,Coal,PDB,1*275,274,274,,118,Machine problem,,Rangpur,,,
keraniganj100powerpac,HFO,NENP,8*13.45,100,75,,20,Engine problem,,Dhaka,,,
sikalbaha105barakasikalbaha,HFO,IPP,6*17.5,105,105,54,,,,Chattogram,,,
titas50peaking,HFO,PDB,6*8.92,52,52,,12,Machine problem,,Cumilla,,,
chandpur200deshenergy,HFO,IPP,12*18.4,200,200,149,,Fuel shortage,,Cumilla,,,
khulna115kpcl2,HFO,NENP,7*17,115,115,,29,Engine problem,,Khulna,,,
energypacpowerventurethakurgaon,HFO,IPP,115,115,115,23,,Fuel shortage,,Rangpur,,,
ghorashal108regent,Gas,IPP,34*3.35,108,108,,8,,,Dhaka,,,
meghnaghat450mpl,Gas,IPP,2*150+1*150,450,450,120,,Gas shortage,,Dhaka,,,
siddhirganj335,Gas,EGCB,1*217+118,335,335,106,,Gas shortage,,Dhaka,,,
titas50peaking,HFO,PDB,6*8.92,52,52,,2,,,Cumilla,,,
chandpur150,Gas,PDB,1*106+1*57,163,163,,33,ST under S/D,,Cumilla,,,
feni11doreen,Gas,"SIPP, REB",4*2.90,11,11,,0,Engine problem,,Cumilla,,,
shajibazar330,Gas,PDB,3*110,330,330,,65,ST under maint,,Sylhet,,,
shahjibazarg89,Gas,PDB,2*35,70,66,,6,Machine problem,,Sylhet,,,
fenchugonjphase2,Gas,PDB,2*35+1*35,104,90,,90, under  maint.,,Sylhet,,,
ashuganj450north,Gas,APSCL,1*360,360,360,55,,Gas shortage,,Cumilla,,,
bibiyanaiii400,Gas,PDB,285*1+134*1,400,400,,90,,,Sylhet,,,
faridpur50peaking,HFO,PDB,8*6.89,54,54,9,,Fuel shortage,,Khulna,,,
bhola225,Gas,PDB,2*63+1*68,194,194,,128,"ST, GT-1 Under maint.",,Barisal,,,
ghorasalgt4,Gas,PDB,1*210,210,180,,180,,,Dhaka,,,
siddhirgonjgt12,Gas,EGCB, 2*105,210,210,50,,,,Dhaka,,,
barapukuria3,Coal,PDB,1*275,274,274,74,,,,Rangpur,,,
juldah1003acorn,HFO,IPP,8*13.5,100,100,,12,Engine problem,,Chattogram,,,
shahjibazar86shahjibazar,Gas,RPP ,32*2.90,86,86,75,,Gas shortage,,Sylhet,,,
meghnaghat100iel,HFO,NENP,12*8.9,100,100,,18,Engine problem,,Dhaka,,,
madanganj102summit,HFO,NENP,6*17,102,102,72,,Fuel shortage,,Dhaka,,,
gagnagar102digitalpower,HFO,IPP,12*8.924,102,102,0,,Fuel shortage,,Dhaka,,,
juldah1001acorn,HFO,NENP,8*13.45,100,100,40,,Fuel shortage,,Chattogram,,,
rampal1320bifpcl,Coal,NTPC&BPDB,660*2,617,617,247,,Coal shortage,,Khulna,,,
barisal110summit,HFO,IPP,7*17.076,110,110,0,,Fuel shortage,,Barisal,,,
energypacpowerventurethakurgaon,HFO,IPP,115,115,115,0,,,,Rangpur,,,
meghnaghat450mpl,Gas,IPP,2*150+1*150,450,450,,,,2021-10-02 00:00:00,Dhaka,,,
siddhirganj335,Gas,EGCB,1*217+118,335,335,,110,ST under shut down,,Dhaka,,,
chandpur150,Gas,PDB,1*106+1*57,163,163,38,,Gas shortage,,Cumilla,,,
fenchugonjphase2,Gas,PDB,2*35+1*35,104,90,,90, under S/D ,,Sylhet,,,
shahjibazarg89,Gas,PDB,2*35,70,66,,31,Engine problem,,Sylhet,,,
ghorasal3657,Gas,PDB,1*243+1*122,365,365,,95,Line O/L.,,Dhaka,,,
siddhirganj335,Gas,EGCB,1*217,217,217,,,ST Not Sure,,Dhaka,,,
ashuganj450south,Gas,APSCL,1*360,360,360,,,Full load test,,Cumilla,,,
sirajgonj4004,Gas/HSD,SNWPGCL,1*282+1*132,414,414,,132,STG under maint.,,Rajshahi,,,
barabkunda22regent,Gas,"SIPP, PDB",8*2.90,22,22,5,,Gas shortage,,Chattogram,,,
mirsharai150,HFO,BPDB-RPCL,18.5*9,163,163,109,,Fuel shortage,,Chattogram,,,
ashuganj225,Gas,APSCL,1*142+1*75,221,221,,125,Gas shortage,,Cumilla,,,
mymensingh200ed,HFO,IPP,9.78*21,200,200,163,,Fuel shortage,,Mymensingh,,,
ghorashal78max,Gas,QRPP,2*40,78,78,8,,Gas shortage,,Dhaka,,,
ghorashalregent,Gas,IPP,34*3.35,108,108,8,,Gas shortage,,Dhaka,,,
siddhirganj335,Gas,EGCB,1*217,217,217,,,Gas shortage,,Dhaka,,,
kaptaihydro12345,Hydro,PDB,2*40+3*50,230,230,,130,Low water lavel,,Chattogram,,,
ashuganjenginestsk,Gas,APSCL,14*3.968,53,45,18,,Gas Shortage,,Cumilla,,,
ashuganj195modular,Gas,IPP,20*9.73+1*16,195,195,45,,Gas shortage,,Cumilla,,,
madhumatipowerplant,HFO,IPP,100 MW,0,0,,,On Test,,Khulna,,,
baghabarigt71,Gas,PDB,1*71,71,71,11,,Gas shortage,,Rajshahi,,,
baghabarigt100,Gas,PDB,1*100,100,100,100,,Gas shortage,,Rajshahi,,,
sirajgonj4414,Gas,SNWPGCL,1*282,282,282,,,,,Rajshahi,,,
haripur360hpl,Gas,IPP,1*235+1*125,360,360,85,,Gas shortage,,Dhaka,,,
anwara300ed,HFO,IPP,17*17+24,300,300,15,,Engine problem,,Chattogram,,,
juldah2acorn,HFO,IPP,8*13.6,100,100,,50,Engine problem,,Chattogram,,,
sylhet225,Gas,PDB,1*142+1*89,231,231,,86,Under maint.,,Sylhet,,,
faridpur50peaking,HFO,PDB,8*6.89,54,54,38,,Fuel shortage,,Khulna,,,
bhola95aggreko,Gas,QRPP,96*1.10,95,95,,14,Engine problem,,Barisal,,,
haripur360hpl,Gas,IPP,1*235+1*125,360,360,30,,Machine problem,,Dhaka,,,
meghnaghat450mpl,Gas,IPP,2*150+1*150,450,450,,,Dirty fuel,,Dhaka,,,
siddhirganj100dutchbangla,HFO,NENP,12*8.9,100,100,0,,Fuel shortage,,Dhaka,,,
kodda150,HFO,BPDB-RPCL,9*17.06,149,149,,39,Fuel shortage,,Dhaka,,,
keranigonj300apr,HSD,IPP,256*1.4,300,300,,,Transformer problem,,Dhaka,,,
kanchanpurbachalpowergeneration,HFO,IPP,18.4*3,55,55,,,Engine problem,,Dhaka,,,
chattogram108ecpv,HFO,IPP,16*7,108,108,,,Fuel shortage,,Chattogram,,,
chowmuhani113,HFO,IPP,12*9.78+2*3.1,113,113,0,,,,Cumilla,,,
sylhet225,Gas,PDB,1*142+1*89,231,231,,,Machine problem,,Sylhet,,,
bheramara410,Gas,NWPGCL,1*278+1*132,410,410,135,,Gas shortage,,Khulna,,,
sirajgonj4004,Gas/HSD,SNWPGCL,1*282+1*132,414,414,4,,,,Rajshahi,,,
rangpur113confidence,HFO,IPP,9*6.984+7*7.015+3.15*2,113,113,,,Engine problem,,Rangpur,,,
madanganj102summit,HFO,QRPP ,6*17,102,0,,37,Engine problem,,Dhaka,,,
karnaphulihydro12345,Hydro,PDB,2*40+3*50,230,230,,155,Low Water Level ,,Chattogram,,,
shajibazar330,Gas,PDB,3*110,330,330,90,,GT-2 S/D for Gas shortage,,Sylhet,,,
siddhirgonjgt12,Gas,EGCB, 2*105,210,210,95,,Gas shortage,,Dhaka,,,
chattogramst1raozan,Gas,PDB,1*210,210,180,45,,Gas shortage,,Chattogram,,,
jamalpur95,HFO,IPP,12*8.924,95,95,,5,Enjgine problem,,Mymensingh,,,
fenchugonj2,Gas,PDB,!F71,104,90,,,Under maint,,Sylhet,,,
sylhetepl50,Gas,RPP ,27*2,50,50,,3,,,Sylhet,,,
bograepl,Gas,RPP ,5*3.3+5*2,20,10,,,Engine problem,,Rajshahi,,,
karnaphulihydro12345,Hydro,PDB,2*40+3*50,230,230,110,,Low water level & Unit-2 S/D,,Chattogram,,,
mymensingh200ed,HFO,IPP,200,200,200,,30,Engine problem,,Mymensingh,,,
bhola95aggreko,Gas,QRPP,96*1.10,95,95,4,,Gas shortage,,Barisal,,,
katakhali50northern,HFO,QRPP,6*8.9,50,50,,0,,,Rajshahi,,,
ashuganj420east,Gas,APSCL,284*1+116*1,400,400,,100,Gas shortage,,Cumilla,,,
sirajgonj2253,Gas/HSD,NWPGCL,1*141,220,220,55,,Gas shortage,,Rajshahi,,,
meghnaghat104opcl,HFO,IPP,18.5*6,104,104,37,,Fuel shortage,,Dhaka,,,
ashuganj450north,Gas,APSCL,1*360,360,360,10,,Gas shortage,,Cumilla,,,
ashuganj420east,Gas,APSCL,284*1+116*1,400,400,35,,Gas shortage,,Cumilla,,,
chandpur150,Gas,PDB,1*106+1*57,163,163,78,,Gas shortage,,Cumilla,,,
ashuganj450south,Gas,APSCL,1*360,360,360,260,,Start up process,,Cumilla,,,
ashuganj50,Gas,APSCL,14*3.968,53,45,,13,Engine problem,,Cumilla,,,
chattogram108ecpv,HFO,IPP,16*7,108,108,64,,fuel shortage,,Chattogram,,,
sspoweri,Coal,SS Power ,2*612,1224,1224,,674,Madunaghat Transformer Limitation,,Chattogram,,,
ashuganj51midland,Gas,IPP,6*9.34,51,51,,8,,,Cumilla,,,
titas50peaking,HFO,PDB,6*8.92,52,52,,,Engine problem,,Cumilla,,,
chandpur200deshenergy,HFO,IPP,12*18.4,200,200,132,,Engine problem,,Cumilla,,,
chowmuhani113,HFO,IPP,12*9.78+2*3.1,113,113,8,,Engine problem,,Cumilla,,,
bibiyanasouth400,Gas,PDB,400 MW,383,383,,148,Machine problem,,Sylhet,,,
santahar50peaking,HFO,PDB,6*8.7,50,50,28,,Engine problem,,Rajshahi,,,
ullapara11summit,Gas,"SIPP, REB",4*2.90,11,11,,11,engine problem,,Rajshahi,,,
meghnaghatsummit,HSD,IPP,2*110+1*110,305,305,,,Under Maint.,,Dhaka,,,
ashuganjsouth,Gas,APSCL,1*360,360,360,,360,,,Cumilla,,,
ashuganj225,Gas,APSCL,1*142+1*75,221,221,,71,ST under maint,,Cumilla,,,
ashuganj450north,Gas,APSCL,1*360,360,360,40,,,,Cumilla,,,
ashuganj55precision,Gas,QRPP,15*4,55,55,,4,,,Cumilla,,,
ashuganj195apscled,Gas,IPP,20*9.73+1*16,195,195,8,,,,Cumilla,,,
ashuganj150midland,HFO,IPP,23*7.015,150,150,,7,Engine problem,,Cumilla,,,
shahjahanulla25,Gas,"SIPP, REB",3*9.34,25,25,1,,,,Sylhet,,,
bibiyanaiii400,Gas,PDB,400 MW,400,400,,120,ST start up process,,Sylhet,,,
bhola225,Gas,PDB,2*63+1*68,194,194,108,,Gas shortage ,,Barisal,,,
baghabari71g,Gas,PDB,1*71,71,71,6,,Gas shortage,,Rajshahi,,,
bhola225,Gas,PDB,2*63+1*68,194,194,,100,GT-2 Under maint.,,Barisal,,,
chattogram1,Gas,PDB,1*210,210,180,80,,Under shut down.,,Chattogram,,,
fenchugonjphase2,Gas,PDB,2*35+1*35,104,90,,90,GT-3 under S/D,,Sylhet,,,
kushiara163kp,Gas,IPP,1*109+1*54,163,163,,53,Engine problem,,Sylhet,,,
bheramara410,Gas,NWPGCL,1*278+1*132,410,410,50,,Gas shortage,,Khulna,,,
meghnaghat450mpl,Gas,IPP,2*150+1*150,450,450,150,,Gas problem ,,Dhaka,,,
meghnaghatsummit,Gas,IPP,2*110+1*110,305,305,55,,FGMO,,Dhaka,,,
kodda3002summit,HFO,IPP,18*17.076,300,300,,,Engine problem,,Dhaka,,,
chandpur200deshenergy,HFO,IPP,0,200,200,,30,Engine problem,,Cumilla,,,
bhairob545,HFO,IPP,3*18.2,54,54,,17,Engine problem,,Cumilla,,,
sylhet225,Gas,PDB,1*142+1*89,231,231,,6,,,Sylhet,,,
bhola225,Gas,PDB,2*63+1*68,194,194,,128,GT-2 under maint,,Barisal,,,
ghorashal108regent,Gas,IPP,34*3.35,108,108,38,,,,Dhaka,,,
ashuganj50,Gas,APSCL,14*3.968,53,45,,8,engine problem,,Cumilla,,,
chandpur150,Gas,PDB,1*106+1*57,163,163,,77,Machine problem,,Cumilla,,,
bholanutanbiddutbd,Gas,IPP,220,220,220,,110,GT-2 under maint,,Barisal,,,
adanipowerjharkhanda,Coal,Imported power,748*2,1496,1496,,,Unit-2 shut down,,Rajshahi,,,
ghorasal3657,Gas,PDB,1*243+1*122,365,365,,,Gas shortage,,Dhaka,,,
shahjibazar86shahjibazar,Gas,RPP ,32*2.90,86,86,,3,Engine problem,,Sylhet,,,
siddhirgonjgt12,Gas,EGCB, 2*105,210,210,148,,Gas shortage,,Dhaka,,,
bosila108,HFO,IPP,12*8.775+1*3.5,108,108,,52,Engine problem,,Dhaka,,,
kaptaihydro12345,Hydro,PDB,2*40+3*50,230,230,,194,Low water lavel,,Chattogram,,,
ashuganjnorth,Gas,APSCL,1*360,360,360,,0,,,Cumilla,,,
ashuganjprecision55,Gas,RPP ,15*4,55,55,45,,Gas shortage,,Cumilla,,,
mymensinghrpcl210,Gas,IPP,4*35+1*70,210,202,48,,Gas shortage,,Mymensingh,,,
edjamalpurl,HFO,IPP,115 MW,115,115,,23,Engine problem,,Mymensingh,,,
sylhetepl50,Gas,RPP ,27*2,50,50,,7,Engine problem,,Sylhet,,,
ghorasalrepowered4,Gas,PDB,1*210,210,180,,,Line O/L,,Dhaka,,,
haripur360hpl,Gas,IPP,1*235+1*125,360,360,120,,Gas shortage,,Dhaka,,,
gagnagar102digitalpower,HFO,IPP,12*8.924,102,102,86,,Engine problem,,Dhaka,,,
keranigonj300apr,HSD,IPP,256*1.4,300,300,,150,Fuel conservation,,Dhaka,,,
kodda1491summit,HFO,IPP,8*18.45+8.97,149,149,59,,Fuel shortage,,Dhaka,,,
karnaphulihydro12345,Hydro,PDB,2*40+3*50,230,230,75,,Low Water Level ,,Chattogram,,,
juldah1001acorn,HFO,NENP,8*13.45,100,100,34,,Fuel shortage,,Chattogram,,,
juldah1003acorn,HFO,IPP,8*13.5,100,100,24,,Fuel shortage,,Chattogram,,,
ghorasal3657,Gas,PDB,1*243+1*122,365,365,365,,ST under Main. & Gas shortage,,Dhaka,,,
haripur360hpl,Gas,IPP,1*235+1*125,360,360,25,,Gas shortage,,Dhaka,,,
siddhirganj335,Gas,EGCB,1*217+118,335,335,118,,Gas shortage,,Dhaka,,,
kodda3002summit,HFO,IPP,18*17.076,300,300,,5,Engine problem,,Dhaka,,,
sikalbaha105barakasikalbaha,HFO,IPP,6*17.5,105,105,0,,,,Chattogram,,,
hathazari100peaking,HFO,PDB,11*8.9,98,98,,32,Engine problem,,Chattogram,,,
juldah1001acorn,HFO,NENP,8*13.45,100,100,24,,Fuel shortage,,Chattogram,,,
chattogram108ecpv,HFO,IPP,16*7,108,108,52,,DCT & Fuel shortage,,Chattogram,,,
ashuganj5,Gas,APSCL,1*150,150,134,,,Contract Expired,,Cumilla,,,
mymensingh200ed,HFO,IPP,9.78*21,200,200,,35,Engine problem,,Mymensingh,,,
tangailpallipowergen22,HFO,IPP,4*6.7,22,22,,3,Engine problem,,Mymensingh,,,
fenchugonjphase1,Gas,PDB,2*32+1*33,97,70,,34,Machine problem.,,Sylhet,,,
sylhet225,Gas,PDB,1*142+1*89,231,231,,23,Machine problem,,Sylhet,,,
bhola33venture,Gas,NENP,1*34.50,40,40,,4,Engine problem,,Barisal,,,
sirajgonj2251,Gas/HSD,NWPGCL,1*150+1*75,210,210,36,,Gas shortage,,Rajshahi,,,
confidencepowerbogura1113,HFO,IPP,6*18.55,113,113,,36,Fuel shortage,,Rajshahi,,,
barapukuria2753,Coal,PDB,1*275,274,274,34,,Coal Shortage.,,Rangpur,,,
kodda1491summit,HFO,IPP,8*18.45+8.97,149,149,53,,Fuel shortage,,Dhaka,,,
summitmeghanghat2589,Gas,IPP,589,583,583,83,,,,Dhaka,,,
bheramara410,Gas,NWPGCL,1*278+1*132,410,410,410,,under maint,,Khulna,,,
barapukuria1,Coal,PDB,1*125,125,85,,17,,,Rangpur,,,
meghnaghatsummit,Gas,IPP,2*110+1*110,305,305,55,,,,Dhaka,,,
sikalbaha225,Gas/HSD,PDB,1*150+1*75,225,225,5,,Gas shortage,,Chattogram,,,
gopalganj100peaking,HFO,PDB,16*6.98,109,109,,89,Engine problem,,Khulna,,,
baghabari50peaking,HFO,PDB,6*8.9,52,52,20,,Fuel shortage,,Rajshahi,,,
ghorasal3657,Gas,PDB,1*243+1*122,365,365,,115,Gas shortage,,Dhaka,,,
ashuganj50,Gas,APSCL,14*3.968,53,45,35,,Gas Shortage,,Cumilla,,,
barabkunda22regent,Gas,"SIPP, PDB",8*2.90,22,22,9,,Gas shortage,,Chattogram,,,
ashuganj195apscled,Gas,IPP,20*9.73+1*16,195,195,45,,Gas shortage,,Cumilla,,,
chapainawabganj100peaking,HFO,PDB,12*8.924,104,104,22,,Fuel shortage,,Rajshahi,,,
bagura113confidence2,HFO,IPP,6*18.55+7.2,113,113,56,,Fuel shortage,,Rajshahi,,,
ghorashal108regent,Gas,IPP,34*3.35,108,108,78,,Gas shortage,,Dhaka,,,
bibiyanasouth400,Gas,PDB,400 MW,383,383,,173,ST Under S/D.,,Sylhet,,,
bholanutanbiddutbd,Gas,IPP,220,220,220,,40,,,Barisal,,,
summitmeghanghat2589,Gas,IPP,589,583,583,283,,Gas shortage,,Dhaka,,,
karnaphulihydro12345,Hydro,PDB,2*40+3*50,230,230,,61,Unit-1 Under maint.,,Chattogram,,,
matarbari2600cpgcl,Coal,CPGCL,2*575,1150,1150,750,,Coal shortage,,Chattogram,,,
ashuganj225,Gas,APSCL,1*142+1*75,221,221,27,,Gas shortage,,Cumilla,,,
ashuganj450north,Gas,APSCL,1*360,360,360,,50,FGMO,,Cumilla,,,
ashuganj55precision,Gas,QRPP,0,55,55,40,,Gas shortage,,Cumilla,,,
ashuganj150midland,HFO,IPP,23*7.015,150,150,60,,Engine problem,,Cumilla,,,
chandpur115doreen,HFO,IPP,4*18.5+2*22.5,115,115,,23,Engine problem,,Cumilla,,,
kodda1491summit,HFO,IPP,8*18.45+8.97,149,149,,99,Engine problem,,Dhaka,,,
karnaphulihydro12345,Hydro,PDB,2*40+3*50,230,230,77,,Low Water Level ,,Chattogram,,,
ashuganj225,Gas,APSCL,1*142+1*75,221,221,116,,Gas shortage,,Cumilla,,,
ashuganj450south,Gas,APSCL,1*360,360,360,320,,Gas shortage,,Cumilla,,,
titas50peaking,HFO,PDB,6*8.92,52,52,,7,,,Cumilla,,,
jamalpur115ed,HFO,IPP,9.78*12,115,115,,27,Engine problem,,Mymensingh,,,
fenchugonjphase2,Gas,PDB,2*35+1*35,104,90,,70,under maint,,Sylhet,,,
fenchuganj44energyprima,Gas,NENP,12*3.3+5*2,50,50,5,,,,Sylhet,,,
sylhet50epl,Gas,NENP,27*2,50,50,26,,Gas shortage,,Sylhet,,,
sirajgonj2251,Gas/HSD,NWPGCL,1*150+1*75,210,210,33,,Gas shortage,,Rajshahi,,,
kodda3002summit,HFO,IPP,18*17.076,300,300,200,,Fuel shortage,,Dhaka,,,
rangpur113confidence,HFO,IPP,9*6.984+7*7.015+3.15*2,113,113,49,,Fuel shortage,,Rangpur,,,
ghorashal108regent,Gas,IPP,34*3.35,108,108,,11,,,Dhaka,,,
siddhirgonj2120g,Gas,EGCB, 2*105,210,210,125,,Gas shortage,,Dhaka,,,
bibiyanaiii400,Gas,PDB,285 MW,285,285,,285,Under maint.,,Sylhet,,,
bhola225,Gas,PDB,2*63+1*68,194,194,,129,GT-2 & STG under maint.,,Barisal,,,
baghabari71g,Gas,PDB,1*71,71,71,71,,Under S/D,,Rajshahi,,,
rampal1320bifpcl,Coal,NTPC&BPDB,660*2,617,617,217,,Coal shortage,,Khulna,,,
chandpur150,Gas,PDB,1*106+1*57,163,163,,73,STG  under maint,,Cumilla,,,
shajibazar330,Gas,PDB,3*110,330,330,,180,GT-1 Under maint.,,Sylhet,,,
bhola225,Gas,PDB,2*63+1*68,194,194,,114,GT-2 under maint.,,Barisal,,,
ghorashal108regent,Gas,IPP,34*3.35,108,108,88,,Gas shortage,,Dhaka,,,
meghnaghatsummit,Gas,IPP,2*110+1*110,305,305,,0,"FGMO, ",,Dhaka,,,
bheramara410,Gas,NWPGCL,1*278+1*132,410,410,205,,Gas shortage,,Khulna,,,
ghorasalst5,Gas,PDB,1*210,210,190,0,,,,Dhaka,,,
siddhirganj335,Gas,EGCB,1*217+118,335,335,110,,Gas shortage,,Dhaka,,,
bibiyanasouth400,Gas,PDB,400 MW,383,383,33,,Gas shortage,,Sylhet,,,
bheramara410,Gas,NWPGCL,1*278+1*132,410,410,5,,,,Khulna,,,
ashuganj195apscled,Gas,IPP,20*9.73+1*16,195,195,103,,Gas shortage,,Cumilla,,,
bhola225,Gas,PDB,2*63+1*68,194,194,,129,"ST, GT-1 Under maint.",,Barisal,,,
ghorasal3657,Gas,PDB,1*243+1*122,365,365,,145,,,Dhaka,,,
haripur412,Gas,EGCB,1*273+1*139,412,400,,40,DP High,,Dhaka,,,
shahjibazarg89,Gas,PDB,2*35,70,66,8,,Fuel shortage,,Sylhet,,,
shahjibazar86shahjibazar,Gas,RPP ,32*2.90,86,86,44,,Fuel shortage,,Sylhet,,,
bibiyanaiii400,Gas,PDB,285*1+134*1,400,400,,20,Machine problem,,Sylhet,,,
bhola225,Gas,PDB,2*63+1*68,194,194,,124,Machine problem,,Barisal,,,
ashuganj225,Gas,APSCL,1*142+1*75,221,221,,75,ST under maint,,Cumilla,,,
ashuganj450south,Gas,APSCL,1*360,360,360,,360,Under  maint.,,Cumilla,,,
rangpur113confidence,HFO,IPP,113 MW,113,113,,13,Engine problem,,Rangpur,,,
bosila108,HFO,IPP,12*8.775+1*3.5,108,108,,76,Engine problem,,Dhaka,,,
sikalbaha225,Gas/HSD,PDB,1*150+1*175,225,225,,225,Under S/D,,Chattogram,,,
juldahacorn,HFO,QRPP,8*13.45,100,100,,25,Engine problem,,Chattogram,,,
ashuganjst4,Gas,APSCL,1*150,150,129,,,Gas shortage,,Cumilla,,,
ashuganjst5,Gas,APSCL,1*150,150,134,,,Gas shortage,,Cumilla,,,
ashuganjnorth,Gas,APSCL,1*360,360,360,,100,ST under maint.,,Cumilla,,,
ashuganj195modular,Gas,IPP,20*9.73+1*16,195,195,132,,Gas Shortage,,Cumilla,,,
sylhetgt150,Gas,PDB,1*142,142,142,,142,Under Maint.,,Sylhet,,,
karnaphulihydro12345,Hydro,PDB,2*40+3*50,230,230,,153,"Low Water Level & Unit 2 & 4,5  U/M.",,Chattogram,,,
chandpur150,Gas,PDB,1*106+1*57,163,163,,163,,,Cumilla,,,
rpcl210,Gas,IPP,4*35+1*70,210,202,0,,,,Mymensingh,,,
siddhirgonj2120g,Gas,EGCB, 2*105,210,210,140,,Gas shortage,,Dhaka,,,
meghnaghat100iel,HFO,NENP,12*8.9,100,100,45,,Fuel shortage,,Dhaka,,,
sikalbaha105barakasikalbaha,HFO,IPP,6*17.5,105,105,65,,Fuel shortage,,Chattogram,,,
bibiyanaiii400,Gas,PDB,285*1+134*1,400,400,,,Machine tripped at 21:27.,,Sylhet,,,
rampal1320bifpcl,Coal,NTPC&BPDB,660*2,617,617,,317,Unit-2 Under maint,,Khulna,,,
ghorasalrepowered4,Gas,PDB,1*210,210,180,,180,Gas shortage,,Dhaka,,,
ghorasal3657,Gas,PDB,1*243+1*122,365,365,,95,Gas shortage,,Dhaka,,,
ghorashal108regent,Gas,IPP,34*3.35,108,108,,108,Gas Shortage.,,Dhaka,,,
haripur360hpl,Gas,IPP,1*235+1*125,360,360,,170,Gas shortage,,Dhaka,,,
meghnaghat100iel,HFO,NENP,12*8.9,100,100,8,,Fuel shortage,,Dhaka,,,
kodda150,HFO,BPDB-RPCL,9*17.06,149,149,43,,Fuel shortage,,Dhaka,,,
keranigonj300apr,HSD,IPP,256*1.4,300,300,,,Engine problem,,Dhaka,,,
chattogram108ecpv,HFO,IPP,16*7,108,108,16,,Fuel shortage,,Chattogram,,,
titas50peaking,HFO,PDB,6*8.92,52,52,,23,Engine problem,,Cumilla,,,
chandpur150,Gas,PDB,1*106+1*57,163,163,,40,Machine problem,,Cumilla,,,
jamalpur115ed,HFO,IPP,9.78*12,115,115,,9,Engine problem,,Mymensingh,,,
sylhet225,Gas,PDB,1*142+1*89,231,231,,39,Machine problem,,Sylhet,,,
sylhet50epl,Gas,NENP,27*2,50,50,24,,Gas shortage,,Sylhet,,,
bibiyanaiii400,Gas,PDB,400 MW,400,400,,,Machibe problem,,Sylhet,,,
gopalganj100peaking,HFO,PDB,16*6.98,109,109,,45,Engine problem,,Khulna,,,
karnaphulihydro12345,Hydro,PDB,2*40+3*50,230,230,110,,Low water lavel,,Chattogram,,,
sikalbaha105barakasikalbaha,HFO,IPP,105 MW,105,105,,,Gas shortage,,Chattogram,,,
meghnaghatsummit,Gas,IPP,2*110+1*110,335,335,,,Gas shortage,,Dhaka,,,
sikalbaha225,Gas/HSD,PDB,1*150+1*75,225,225,,75,Under maint,,Chattogram,,,
kushiara163kp,Gas,IPP,1*109+1*54,163,163,,163,"Gas shortage, ST Under maint.",,Sylhet,,,
haripur360hpl,Gas,IPP,1*235+1*125,360,360,60,,,,Dhaka,,,
chandpur150,Gas,PDB,1*106+1*57,163,163,,163,Mach. Prob,,Cumilla,,,
fenchugonjphase2,Gas,PDB,2*35+1*35,104,90,,50,Machine problem.,,Sylhet,,,
bibiyanaiii400,Gas,PDB,400 MW,400,400,30,,Gas shortage,,Sylhet,,,
siddhirganj335,Gas,EGCB,1*217+118,335,335,,,DCT ,,Dhaka,,,
karnaphulihydro12345,Hydro,PDB,2*40+3*50,230,230,,79,Machine problem,,Chattogram,,,
dohazarikalaish100peaking,HFO,PDB,6*17,102,102,86,,Fuel shortage,,Chattogram,,,
ashuganj420east,Gas,APSCL,284*1+116*1,400,400,60,,Gas shortage,,Cumilla,,,
ashuganj195apscled,Gas,IPP,20*9.73+1*16,195,195,187,,Gas shortae,,Cumilla,,,
bhola225,Gas,PDB,2*63+1*68,194,194,,74,ST under maint.,,Barisal,,,
adanipowerjharkhanda,Coal,Imported power,748*2,1496,1496,966,,Coal shortage,,Rajshahi,,,
rangpur113confidence,HFO,IPP,9*6.984+7*7.015+3.15*2,113,113,38,,Fuel shortage,,Rangpur,,,
rampal1320bifpcl,Coal,NTPC&BPDB,660*2,617,617,127,,Coal Shortage.,,Khulna,,,
barisal307,Coal,IPP,307*1,307,307,0,,,,Barisal,,,
ghorasal3657,Gas,PDB,1*243+1*122,365,365,,85,Machine problem.,,Dhaka,,,
ghorashal108regent,Gas,IPP,34*3.35,108,108,,35,Engine problem,,Dhaka,,,
haripur412,Gas,EGCB,1*273+1*139,412,412,122,,Gas shortage,,Dhaka,,,
haripur360hpl,Gas,IPP,1*235+1*125,360,360,175,,Gas shortage,,Dhaka,,,
siddhirgonj2120g,Gas,EGCB, 2*105,210,210,210,, Gas shortage,,Dhaka,,,
aurahati100aggreko,HSD,IPP,0.85*23+0.95*91,100,100,,15,Engine problem,,Dhaka,,,
hathazari100peaking,HFO,PDB,11*8.9,98,98,,53,Engine problem,,Chattogram,,,
chattogram108ecpv,HFO,IPP,16*7,108,108,,14,Engine problem,,Chattogram,,,
ashuganj50,Gas,APSCL,14*3.968,53,45,37,,Gas shortage,,Cumilla,,,
chandpur150,Gas,PDB,1*106+1*57,163,163,,78,Machine problem.,,Cumilla,,,
fenchugonj51barakatullah,Gas,RPP ,19*2.90,51,51,,46,Gas shortage,,Sylhet,,,
fenchuganj44energyprima,Gas,NENP,12*3.3+5*2,50,50,,25,Gas shortage,,Sylhet,,,
khulna115kpcl2,HFO,NENP,7*17,115,115,,66,Fuel shortage,,Khulna,,,
sirajgonj2252,Gas/HSD,NWPGCL,1*150+1*75,220,220,,,HSD running,,Rajshahi,,,
sirajgonj4004,Gas/HSD,SNWPGCL,1*282+1*132,414,414,54,,Gas shortage,,Rajshahi,,,
ashuganj5,Gas,APSCL,1*150,150,134,44,,Gas shortage,,Cumilla,,,
rpcl210,Gas,IPP,4*35+1*70,210,202,25,,Gas shortage,,Mymensingh,,,
sspoweri,Coal,SS Power ,2*612,1224,1224,,612,Under maint.,,Chattogram,,,
rampal1320bifpcl,Coal,NTPC&BPDB,617*2,1234,1234,634,,Unit-2 S/D due to Coal shortage,,Khulna,,,
bhola225,Gas,PDB,2*63+1*68,194,194,,94,ST Under maint.,,Barisal,,,
siddhirgonj2120g,Gas,EGCB, 2*105,210,210,100,,Gas shortage,,Dhaka,,,
bibiyanasouth400,Gas,PDB,400 MW,383,383,,33,,,Sylhet,,,
sirajgonj2252,Gas/HSD,NWPGCL,1*150+1*75,220,220,59,,Gas shortage,,Rajshahi,,,
bagura113confidence2,HFO,IPP,113 MW,113,113,,0,,,Rajshahi,,,
confidencepowerbogura1113,HFO,IPP,6*18.55,113,113,,0,,,Rajshahi,,,
ashuganj55precision,Gas,RPP ,15*4,55,55,0,,,,Cumilla,,,
sspoweri,Coal,SS Power ,2*612,1224,1224,1224,,Coal Shortage.,,Chattogram,,,
ashuganj50,Gas,APSCL,14*3.968,53,45,15,,,,Cumilla,,,
bhola225,Gas,PDB,2*63+1*68,194,194,,154,GT-2 & ST Under maint.,,Barisal,,,
ghorasal5,Gas,PDB,1*210,210,190,,190,,,Dhaka,,,
meghnaghatsummit,Gas,IPP,2*110+1*110,305,305,45,,Gas shortage,,Dhaka,,,
ashuganj450north,Gas,APSCL,1*360,360,360,210,,Gas shortage,,Cumilla,,,
chandpur150,Gas,PDB,1*106+1*57,163,163,,63,Engine problem,,Cumilla,,,
jamalpur95powerpac,HFO,IPP,12*8.924,95,95,,5,,,Mymensingh,,,
shahjibazar100g,Gas,PDB,1*100,0,0,,0,Under maint,,Sylhet,,,
sylhet225,Gas,PDB,1*142+1*89,231,231,,11,Gas shortage,,Sylhet,,,
ghorashal108regent,Gas,IPP,34*3.35,108,108,18,,Gas shortage,,Dhaka,,,
kodda1491summit,HFO,IPP,149,149,149,,16,Engine problem,,Dhaka,,,
karnaphulihydro12345,Hydro,PDB,2*40+3*50,230,230,140,,Low water level,,Chattogram,,,
sikalbaha225,Gas/HSD,PDB,1*150+1*175,225,225,225,,Under maint.,,Chattogram,,,
chandpur150,Gas,PDB,1*106+1*57,163,163,,13,ST under shut down,,Cumilla,,,
shajibazar330,Gas,PDB,3*110,330,330,,120,Engine problem,,Sylhet,,,
sylhet225,Gas,PDB,1*142+1*89,231,231,,151,Machine problem,,Sylhet,,,
kodda3002summit,HFO,IPP,18*17.076,300,300,,105,Fuel shortage,,Dhaka,,,
ashuganj51midland,Gas,IPP,6*9.34,51,51,0,,,,Cumilla,,,
chandpur115doreen,HFO,IPP,4*18.5+2*22.5,115,115,,81,Engine problem,,Cumilla,,,
rpcl210,Gas,IPP,4*35+1*70,210,202,93,,Gas shortage,,Mymensingh,,,
fenchuganj44energyprima,Gas,NENP,12*3.3+5*2,50,50,6,,Gas Shortage,,Sylhet,,,
payra1320,Coal,BCPCL,2*622,1244,1244,,894,Rampal Test,,Barisal,,,
ghorasal3657,Gas,PDB,1*243+1*122,365,365,,365,Gas shortage,,Dhaka,,,
keraniganj100powerpac,HFO,QRPP,8*13.45,100,100,,49,Engine problem,,Dhaka,,,
chandpur150,Gas,PDB,1*106+1*57,163,163,,71,Engine problem,,Cumilla,,,
shajibazar330,Gas,PDB,3*110,330,330,,165,GT-2 S/D ,,Sylhet,,,
bhola225,Gas,PDB,2*63+1*68,194,194,,109,Machine problem.,,Barisal,,,
sikalbahapeakinggt,Gas/HSD,PDB,1*150 ,150,150,,,Under maintenance.,,Chattogram,,,
anwara300ed,HFO,IPP,300 MW,300,300,,,Engine problem,,Chattogram,,,
titas50peaking,HFO,PDB,6*8.92,52,52,,10,,,Cumilla,,,
jamalpur115ed,HFO,IPP,115 MW,115,115,,8,Engine problem,,Mymensingh,,,
madhumati100,HFO,IPP,100 MW,105,105,,19,Engine problem,,Khulna,,,
ghorashal108regent,Gas,IPP,34*3.35,108,108,,38,Engine problem,,Dhaka,,,
haripur412,Gas,EGCB,1*273+1*139,412,412,52,,,,Dhaka,,,
siddhirgonj2120g,Gas,EGCB, 2*105,210,210,,110,GT-1 Under maint,,Dhaka,,,
siddhirganj335,Gas,EGCB,1*217+118,335,335,,115,ST under S/D,,Dhaka,,,
meghnaghat104opcl,HFO,IPP,18.5*6,104,104,,34,Engine problem,,Dhaka,,,
patenga50baraka,HFO,IPP,8*6.98,50,50,12,,Fuel shortage,,Chattogram,,,
mirsharai150,Gas/HFO,BPDB-RPCL,18.5*9,0,0,,,,,Chattogram,,,
ashuganj195apscled,Gas,IPP,20*9.73+1*16,195,195,126,,Gas shortage,,Cumilla,,,
mymensingh200ed,HFO,IPP,9.78*21,200,200,,27,Engine prolem,,Mymensingh,,,
sylhet225,Gas,PDB,1*142+1*89,231,231,,101,ST Under S/D,,Sylhet,,,
rangpur113confidence,HFO,IPP,9*6.984+7*7.015+3.15*2,113,113,29,,Fuel shortage,,Rangpur,,,
rupganj33summit,Gas,"SIPP,REB",4*8.73,33,33,,2,Engine problem,,Dhaka,,,
kodda1491summit,HFO,IPP,8*18.45+8.97,149,149,49,,,,Dhaka,,,
meghnaghat450mpl,Gas,IPP,2*150+1*150,450,450,250,,Gas shortage,,Dhaka,,,
karnaphulihydro12345,Hydro,PDB,2*40+3*50,230,230,76,,Low Water Level ,,Chattogram,,,
juldah1001acorn,HFO,NENP,8*13.45,100,100,25,,Fuel shortage,,Chattogram,,,
karnaphulipower,HFO,IPP,18.415*6+6.5,110,110,,5,,,Chattogram,,,
ashuganj450north,Gas,APSCL,1*360,360,360,0,,,,Cumilla,,,
ashuganj150midland,HFO,IPP,23*7.015,150,150,,50,Engine problem,,Cumilla,,,
tangail22doreen,Gas,"SIPP, PDB",8*2.90,22,22,,4,Gas shortage,,Mymensingh,,,
sylhet225,Gas,PDB,1*142+1*89,231,231,,86,ST Sync process.,,Sylhet,,,
gopalganj100peaking,HFO,PDB,16*6.98,109,109,27,,Fuel shortage,,Khulna,,,
chattogram2,Gas,PDB,1*210,210,180,,80,Gas shortage,,Chattogram,,,
anlimaenergy,HFO,IPP,6*21.2,116,116,,0,,,Chattogram,,,
ashuganj225,Gas,APSCL,1*142+1*75,221,221,,,Umder maint,,Cumilla,,,
ashuganj450north,Gas,APSCL,1*360,360,360,90,,ST S/D due to gas shortage.,,Cumilla,,,
sylhet225,Gas,PDB,1*142+1*89,231,231,,41,,,Sylhet,,,
bibianaii341summit,Gas,IPP,1*222+1*119,341,341,,341,,,Sylhet,,,
santahar50peaking,HFO,PDB,6*8.7,50,50,,50,Under maint from (5-1-22 to 9-1-22),,Rajshahi,,,
kodda1491summit,HFO,IPP,8*18.45+8.97,149,149,96,,Fuel shortage,,Dhaka,,,
meghnaghat104opcl,HFO,IPP,18.5*6,104,104,48,,Fuel shortage,,Dhaka,,,
hathazari100peaking,HFO,PDB,11*8.9,98,98,68,,Fuel shortage,,Chattogram,,,
ashuganj225,Gas,APSCL,1*142+1*75,221,221,30,,Gas shortage,,Cumilla,,,
jangalia33summit,Gas,"SIPP, PDB",4*8.73,33,33,,13,Engine problem,,Cumilla,,,
jamalpur115ed,HFO,IPP,9.78*12,115,115,67,,Fuel shortage,,Mymensingh,,,
sirajgonj2253,Gas/HSD,NWPGCL,1*141,220,220,27,,Gas shortage,,Rajshahi,,,
haripur412,Gas,EGCB,1*273+1*139,412,412,22,,Gas shortage,,Dhaka,,,
rupsha105orionrupsha,HFO,IPP,6*18.445,105,105,,0,Engine problem,2021-08-31 00:00:00,Khulna,,,
hathazari100peaking,HFO,PDB,11*8.9,98,98,25,,Fuel shortage,,Chattogram,,,
matarbari2600cpgcl,Coal,CPGCL,2*575,1150,1150,840,,Coal shortage,,Chattogram,,,
barapukuria1,Coal,PDB,1*125,125,85,,21,Machine problem,,Rangpur,,,
haripur360hpl,Gas,IPP,1*235+1*125,360,360,240,,Gas shortage,,Dhaka,,,
fenchugonj51barakatullah,Gas,RPP ,19*2.90,51,51,51,,,,Sylhet,,,
fenchuganj44energyprima,Gas,RPP,12*3.3+5*2,50,50,45,,,,Sylhet,,,
khulna115kpcl2,HFO,QRPP,7*17,115,115,,15,Engine problem,,Khulna,,,
kodda1491summit,HFO,IPP,8*18.45+8.97,149,149,89,,Fuel shortage,,Dhaka,,,
sikalbaha225,Gas/HSD,PDB,1*150+1*75,225,225,35,,Gas shortage,,Chattogram,,,
mirsharai150,Gas/HFO,BPDB-RPCL,18.5*9,163,163,13,,Fuel shortage,,Chattogram,,,
shahjibazarg89,Gas,PDB,2*35,70,66,,6,Under maint.,,Sylhet,,,
sylhet225,Gas,PDB,1*142+1*89,231,231,,93,Machine problem,,Sylhet,,,
anlimaenergy,HFO,IPP,6*21.2,116,116,9,,,,Chattogram,,,
ashuganj50,Gas,APSCL,14*3.968,53,45,42,,Gas shortage,,Cumilla,,,
bera70peaking,HFO,PDB,9*8.29,71,71,,48,Engine problem,,Rajshahi,,,
ashuganj450north,Gas,APSCL,1*360,360,360,60,,FGMO,,Cumilla,,,
fenilankapower,HFO,IPP,7*18.415+1*9.78,114,114,,26,Engine problem,,Cumilla,,,
bibiyanasouth400,Gas,PDB,400 MW,383,383,,3,FGMO,,Sylhet,,,
rampal1320bifpcl,Coal,NTPC&BPDB,617*2,1234,1234,614,,Unit-2 S/D due to Coal shortage.,,Khulna,,,
sspoweri,Coal,SS Power ,1*612,612,612,,307,Machine problem,,Chattogram,,,
ashuganj150midland,HFO,IPP,23*7.015,150,150,30,,,,Cumilla,,,
rampal1320bifpcl,Coal,NTPC&BPDB,660*2,617,617,,67,Machine problem,,Khulna,,,
hathazari100peaking,HFO,PDB,11*8.9,98,98,,64,Engine problem,,Chattogram,,,
juldah1001acorn,HFO,NENP,8*13.45,100,100,,40,Engine problem,,Chattogram,,,
ashuganj450south,Gas,APSCL,1*360,360,360,,140,ST Under maint.,,Cumilla,,,
mymensingh200ed,HFO,IPP,9.78*21,200,200,,36,Engine problem,,Mymensingh,,,
jamalpur115ed,HFO,IPP,9.78*12,115,115,,20,Engine problem,,Mymensingh,,,
sirajgonj4004,Gas/HSD,SNWPGCL,1*282+1*132,414,414,114,,,,Rajshahi,,,
barapukuria2753,Coal,PDB,1*275,274,274,114,,Coal Shortage.,,Rangpur,,,
kodda1491summit,HFO,IPP,149,149,149,,19,Engine problem,,Dhaka,,,
fenchugonjphase1,Gas,PDB,2*32+1*33,97,70,,60,Machine problem.,,Sylhet,,,
gagnagar102digitalpower,HFO,IPP,12*8.924,102,102,20,,Engine problem,,Dhaka,,,
hathazari100peaking,HFO,PDB,11*8.9,98,98,48,,,,Chattogram,,,
ghorasal3657,Gas,PDB,1*243+1*122,365,365,,105,Condenser problem,,Dhaka,,,
ghorasal12,Gas,PDB,2*55,110,85,,,Unit-2 Under maint,,Dhaka,,,
ghorasalrepowered4,Gas,PDB,1*210,210,180,,180,Under maint,27/02/2020,Dhaka,,,
siddhirgonj2120g,Gas,EGCB, 2*105,210,210,170,,Gas shortage,,Dhaka,,,
sikalbaha225,Gas/HSD,PDB,1*150+1*175,225,225,,,Under S/D for Project work,,Chattogram,,,
ashuganj195apscled,Gas,IPP,20*9.73+1*16,195,195,149,,Gas shortage,,Cumilla,,,
shajibazar330,Gas,PDB,3*110,330,330,,176,GT-2 shut down.,,Sylhet,,,
sylhet150,Gas,PDB,1*142,142,142,,,Under shut down,,Sylhet,,,
bhola225,Gas,PDB,2*63+1*68,194,194,,124, GT-1 under maint.,,Barisal,,,
haripur360hpl,Gas,IPP,1*235+1*125,360,360,0,,,,Dhaka,,,
meghnaghat450mpl,Gas,IPP,2*150+1*150,450,450,225,,GT-1 shut down for Gas shortage,,Dhaka,,,
ashuganj195apscled,Gas,IPP,20*9.73+1*16,195,195,183,,Gas shortage,,Cumilla,,,
shajibazar330,Gas,PDB,3*110,330,330,172,,GT-2 under shut down for gas shortage,,Sylhet,,,
karnaphulihydro12345,Hydro,PDB,2*40+3*50,230,230,60,,Low water level,,Chattogram,,,
sylhet50epl,Gas,RPP ,27*2,50,50,,8,Engine problem,,Sylhet,,,
keraniganj100powerpac,HFO,QRPP,8*13.45,100,100,,13,Engine problem,,Dhaka,,,
sikalbaha105barakasikalbaha,HFO,IPP,105 MW,105,105,,52,Engine problem,,Chattogram,,,
juldah1001acorn,HFO,QRPP,8*13.45,100,100,,12,Engine problem,,Chattogram,,,
chandpur200deshenergy,HFO,IPP,0,200,200,,115,Engine problem,,Cumilla,,,
sylhet225,Gas,PDB,1*142+1*89,231,231,,89,ST Under maint.,,Sylhet,,,
sirajgonj2251,Gas/HSD,NWPGCL,1*150+1*75,210,210,110,,Gas shortage,,Rajshahi,,,
meghnaghat450mpl,Gas,IPP,2*150+1*150,450,450,225,,"Unit-2 S/D, Gas shortage",,Dhaka,,,
kodda1491summit,HFO,IPP,8*18.45+8.97,149,149,77,,Fuel shortage,,Dhaka,,,
juldah1001acorn,HFO,NENP,8*13.45,100,100,76,,Fuel shortage,,Chattogram,,,
chowmuhani113,HFO,IPP,12*9.78+2*3.1,113,113,56,,Engine problem,,Cumilla,,,
sylhet225,Gas,PDB,1*142+1*89,231,231,,81,Machine problem,,Sylhet,,,
keraniganj100powerpac,HFO,QRPP,8*13.45,100,100,,35,Engine problem,,Dhaka,,,
meghnaghat104opcl,HFO,IPP,18.5*6,104,104,,9,Engine problem,2021-09-06 00:00:00,Dhaka,,,
ashuganj55precision,Gas,RPP ,15*4,55,55,20,,Gas shortage,,Cumilla,,,
rpcl210,Gas,IPP,4*35+1*70,210,202,,62,Gas shortage,2021-09-01 00:00:00,Mymensingh,,,
kodda1491summit,HFO,IPP,8*18.45+8.97,149,149,,53,Engine problem,,Dhaka,,,
manikgonj162mpgl,HFO,IPP,9*18,162,162,62,,Fuel shortage,,Dhaka,,,
karnaphulipower,HFO,IPP,18.415*6+6.5,110,110,42,,Fuel shortage,,Chattogram,,,
anlimaenergy,HFO,IPP,6*21.2,116,116,,12,Engine problem,,Chattogram,,,
mirsharai150,HFO,BPDB-RPCL,18.5*9,163,163,,55,Engine problem,,Chattogram,,,
ashuganj450south,Gas,APSCL,1*360,360,360,20,,Gas shortage,,Cumilla,,,
ashuganj55precision,Gas,QRPP,0,55,55,12,,Gas shortage,,Cumilla,,,
chandpur150,Gas,PDB,1*106+1*57,163,163,73,,Gas shortage,,Cumilla,,,
chandpur115doreen,HFO,IPP,4*18.5+2*22.5,115,115,,11,Engine problem,,Cumilla,,,
tangailpallipowergen22,HFO,IPP,4*6.7,22,22,22,,Engine prblem,,Mymensingh,,,
fenchugonjphase2,Gas,PDB,2*35+1*35,104,90,,34,Machine problem,,Sylhet,,,
rampal1320bifpcl,Coal,NTPC&BPDB,617*2,1234,1234,234,,Coal shortage,,Khulna,,,
chapainawabganj100peaking,HFO,PDB,12*8.924,104,104,,17,Engine problem,,Rajshahi,,,
siddhirgonjgt12,Gas,EGCB, 2*105,210,210,77,,Gas shortage,,Dhaka,,,
gazipur100,HFO,RPCL,6*17.5,105,105,15,,Fuel shortage,,Dhaka,,,
sikalbaha225,Gas/HSD,PDB,1*150+1*175,225,225,,74,ST Under maint,,Chattogram,,,
mymensingh200ed,HFO,IPP,9.78*21,200,200,150,,Fuel shortage,,Mymensingh,,,
bholanutanbiddutbd,Gas,IPP,220,220,220,,110,GT-1 under maint.,,Barisal,,,
sirajgonj4004,Gas/HSD,SNWPGCL,1*282+1*132,414,414,156,,Gas shortage,,Rajshahi,,,
ashuganj195modular,Gas,IPP,20*9.73+1*16,195,195,13,,,,Cumilla,,,
ashuganj225,Gas,APSCL,1*142+1*75,221,221,75,,ST Under maint.,,Cumilla,,,
haripur412,Gas,EGCB,1*273+1*139,412,412,152,,Gas shortage,,Dhaka,,,
bhola225,Gas,PDB,2*63+1*68,194,194,,,ST shut down,,Barisal,,,
sirajgonj2253,Gas/HSD,NWPGCL,1*141,220,220,,,ST Under maint,,Rajshahi,,,
haripur360hpl,Gas,IPP,1*235+1*125,360,360,10,,,,Dhaka,,,
meghnaghat450mpl,Gas,IPP,2*150+1*150,450,450,130,,Gas shortage,,Dhaka,,,
madanganj102summit,HFO,QRPP ,6*17,102,102,,26,Engine problem,,Dhaka,,,
chandpur150,Gas,PDB,1*106+1*57,163,163,,27,Machine problem,,Cumilla,,,
chandpur115doreen,HFO,IPP,4*18.5+2*22.5,115,115,,33,Engine problem,,Cumilla,,,
khulna115kpcl2,HFO,QRPP,7*17,115,115,99,,Fuel shortage,,Khulna,,,
bhola225,Gas,PDB,2*63+1*68,194,194,129,,Gas shortage & GT-2 S/D,,Barisal,,,
sirajgonj2251,Gas/HSD,NWPGCL,1*150+1*75,210,210,90,,Gas shortage,,Rajshahi,,,
ghorashal108regent,Gas,IPP,34*3.35,108,108,8,,,,Dhaka,,,
meghnaghat450mpl,Gas,IPP,2*150+1*150,450,450,,,GT-1 S/D for gas shortage,,Dhaka,,,
meghnaghatsummit,Gas,IPP,2*110+1*110,305,305,,,Under S/D for gas line maint.,,Dhaka,,,
ashuganj3,Gas,APSCL,1*150,150,135,55,,Gas Shortage,,Cumilla,,,
sylhet20g,Gas,PDB,1*20,20,20,,,Substation maintenance.,,Sylhet,,,
shahjahanulla25,Gas,"SIPP, REB",3*9.34,25,25,,,Substation maintenance.,,Sylhet,,,
sylhet10desh,Gas,RPP ,6*1.95,10,10,,,Substation maintenance.,,Sylhet,,,
gagnagar102digitalpower,HFO,IPP,12*8.924,102,102,32,,Fuel shortage,,Dhaka,,,
kodda1491summit,HFO,IPP,8*18.45+8.97,149,149,32,,Fuel shortage,,Dhaka,,,
dohazarikalaish100peaking,HFO,PDB,6*17,102,102,,85,Engine problem,,Chattogram,,,
fenchugonjphase2,Gas,PDB,2*35+1*35,104,90,,54,Under maint.,,Sylhet,,,
shahjibazarg89,Gas,PDB,2*35,70,66,,,GT-1 under S/D due to Gas shortage,,Sylhet,,,
rampal1320bifpcl,Coal,NTPC&BPDB,660*2,617,617,,,#02 Test runnung,,Khulna,,,
adanipowerjharkhanda,Coal,Imported power,748*2,1496,1496,196,,,,Rajshahi,,,
gagnagar102digitalpower,HFO,IPP,12*8.924,102,102,94,,Lub Oil problem,,Dhaka,,,
rupganj33summit,Gas,"SIPP,REB",4*8.73,33,33,,16,Engine problem,,Dhaka,,,
chandpur200deshenergy,HFO,IPP,12*18.4,200,200,0,,,,Cumilla,,,
fenilankapower,HFO,IPP,7*18.415+1*9.78,114,114,26,,fuel shortage,,Cumilla,,,
tangailpallipowergen22,HFO,IPP,4*6.7,22,22,,16, Engine prblem,,Mymensingh,,,
bibiyanaiii400,Gas,PDB,285*1+134*1,400,400,,400, Under maint.,,Sylhet,,,
ghorashalregent,Gas,IPP,34*3.35,108,108,28,,Gas shortage,,Dhaka,,,
haripur412,Gas,EGCB,1*273+1*139,412,412,,112,ST under maint. & FGMO,,Dhaka,,,
siddhirgonjgt12,Gas,EGCB, 2*105,210,210,105,,Gas shortage,,Dhaka,,,
mymensinghrpcl210,Gas,IPP,4*35+1*70,210,202,92,,Gas shortage ,,Mymensingh,,,
ghorasal3657,Gas,PDB,1*243+1*122,365,365,,165,Gas shortage,,Dhaka,,,
kodda3002summit,HFO,IPP,18*17.076,300,300,202,,Fuel shortage,,Dhaka,,,
chattogram108ecpv,HFO,IPP,16*7,108,108,98,,Fuel shortage,,Chattogram,,,
anlimaenergy,HFO,IPP,6*21.2,116,116,,65,Engine problem,,Chattogram,,,
ashuganj420east,Gas,APSCL,284*1+116*1,400,400,340,,Gas shortage,,Cumilla,,,
ashuganj150midland,HFO,IPP,23*7.015,150,150,95,,Fuel shortage,,Cumilla,,,
bibianaii341summit,Gas,IPP,1*222+1*119,341,341,,341,ST under S/D.,,Sylhet,,,
chapainawabganj100peaking,HFO,PDB,12*8.924,104,104,39,,Fuel shortage,,Rajshahi,,,
bagura113confidence2,HFO,IPP,6*18.55+7.2,113,113,,63,Engine problem,,Rajshahi,,,
fenchugonjphase2,Gas,PDB,2*35+1*35,104,90,,60,under maint.,,Sylhet,,,
khulna115kpcl2,HFO,NENP,7*17,115,115,91,,Fuel shortage,,Khulna,,,
gopalganj100peaking,HFO,PDB,16*6.98,109,109,31,,Fuel shortage,,Khulna,,,
sirajgonj2251,Gas/HSD,NWPGCL,1*150+1*75,210,210,34,,Gas shortage,,Rajshahi,,,
sirajgonj2253,Gas/HSD,NWPGCL,1*141,220,220,87,,Gas shortage,,Rajshahi,,,
sirajgonj4004,Gas/HSD,SNWPGCL,1*282+1*132,414,414,138,,Gas shortage,,Rajshahi,,,
sylhet50epl,Gas,RPP ,27*2,50,50,25,,Gas shortage,,Sylhet,,,
chandpur150,Gas,PDB,1*106+1*57,163,163,,57,ST under maint.,,Cumilla,,,
bheramara360,Gas,NWPGCL,1*278+1*132,410,410,,132,ST under maint,,Khulna,,,
bhola225,Gas,PDB,2*63+1*68,194,194,,68,ST Under maint.,,Barisal,,,
sirajgonj2252,Gas/HSD,NWPGCL,1*150+1*75,220,220,80,,Gas shortage,,Rajshahi,,,
ghorasalrepowered3,Gas,PDB,1*210,210,170,,68,Gas shortage,,Dhaka,,,
sikalbaha225,Gas/HSD,PDB,1*150+1*175,225,225,62,,Gas shortage,,Chattogram,,,
ashuganj3,Gas,APSCL,1*150,150,135,25,,Gas shortage,,Cumilla,,,
payra1320,Coal,BCPCL,1*622,622,622,,622,Unit-2 Under maint,,Barisal,,,
barapukuria2753,Coal,PDB,1*275,274,274,125,,Coal Shortage,,Rangpur,,,
karnaphulihydro12345,Hydro,PDB,2*40+3*50,230,230,149,,Low water lavel,,Chattogram,,,
sikalbaha225,Gas/HSD,PDB,1*150+1*75,225,225,100,75,ST Under maint,,Chattogram,,,
juldah1003acorn,HFO,IPP,8*13.5,100,100,20,,Fuel shortage,,Chattogram,,,
chattogram108ecpv,HFO,IPP,16*7,108,108,75,,Fuel shortage,,Chattogram,,,
shahjibazar86shahjibazar,Gas,RPP ,32*2.90,86,86,0,,Gas shortage,,Sylhet,,,
bagura113confidence2,HFO,IPP,6*18.55+7.2,113,113,63,,Project work,,Rajshahi,,,
rangpur113confidence,HFO,IPP,9*6.984+7*7.015+3.15*2,113,113,53,,Fuel shortage,,Rangpur,,,
energypacpowerventurethakurgaon,HFO,IPP,115,115,115,0,,Fuel shortage,,Rangpur,,,
meghnaghatsummit,Gas,IPP,2*110+1*110,335,335,,335,Under maint,,Dhaka,204.19,,
madanganj102summit,HFO,NENP,6*17,102,102,51,,Fuel shortage,,Dhaka,22.68777777777778,,
siddhirgonj2120g,Gas,EGCB, 2*105,210,210,145,,Gas shortage,,Dhaka,,,
bheramara410,Gas,NWPGCL,1*278+1*132,410,410,305,,Gas shortage,,Khulna,,,
amnura50sinha,HFO,NENP,7*7.79,50,28,,,Fuel shortage,,Rajshahi,,,
kamalaghat54bancoenergy,HFO,IPP,3*18,54,54,0,,,,Dhaka,,,
kodda1491summit,HFO,IPP,8*18.45+8.97,149,149,,0,,,Dhaka,,,
juldah1003acorn,HFO,IPP,8*13.5,100,100,,0,Engine problem,,Chattogram,,,
ashuganj195apscled,Gas,IPP,20*9.73+1*16,195,195,5,,,,Cumilla,,,
chandpur200deshenergy,HFO,IPP,12*18.4,200,200,,0,,,Cumilla,,,
chowmuhani113,HFO,IPP,12*9.78+2*3.1,113,113,29,,Fuel shortage,,Cumilla,,,
rpcl210,Gas,IPP,4*35+1*70,210,202,177,,Gas shortage,,Mymensingh,,,
kushiara163kp,Gas,IPP,1*109+1*54,163,163,,163,S/D for FGMO work.,,Sylhet,,,
barapukuria1,Coal,PDB,1*125,125,85,,18,,,Rangpur,,,
hathazari100peaking,HFO,PDB,11*8.9,98,98,,29,Engine problem,,Chattogram,,,
sylhet225,Gas,PDB,1*142+1*89,231,231,,36,Machine problem,,Sylhet,,,
bibianaii341summit,Gas,IPP,1*222+1*119,341,341,,31,FGMO,,Sylhet,,,
barisal307,Coal,BCPCL,307*1,307,307,7,,Coal Shortage.,,Barisal,,,
barapukuria1,Coal,PDB,1*125,125,85,23,,,,Rangpur,,,
karnaphulihydro12345,Hydro,PDB,2*40+3*50,230,230,123,,Low water level & Unit-4&5 under maint.,,Chattogram,,,
ghorashal108regent,Gas,IPP,34*3.35,108,108,55,,Gas shortage,,Dhaka,,,
meghnaghat100iel,HFO,QRPP,12*8.9,100,100,,,Fuel shortage,,Dhaka,,,
sikalbahapeakinggt,Gas/HSD,PDB,1*150 ,150,150,,,Gas shortage,,Chattogram,,,
kodda150,HFO,BPDB-RPCL,9*17.06,149,149,0,,,,Dhaka,,,
chattogram108ecpv,HFO,IPP,16*7,108,108,53,,Fuel shortage,,Chattogram,,,
sspoweri,Coal,SS Power ,2*612,1224,1224,924,,Coal Shortage.,,Chattogram,,,
faridpur50peaking,HFO,PDB,8*6.89,54,54,4,,,,Khulna,,,
barisal307,Coal,IPP,307*1,307,307,57,,,,Barisal,,,
keraniganj100powerpac,HFO,NENP,8*13.45,100,75,62,,NENP Reserve,,Dhaka,,,
keraniganj100powerpac,HFO,QRPP,8*13.45,100,100,,30,Engine problem,,Dhaka,,,
siddhirganj100dutchbangla,HFO,NENP,12*8.9,100,100,83,,Fuel shortage,,Dhaka,,,
sikalbaha225,Gas/HSD,PDB,1*150+1*75,225,225,75,,Gas shortage,,Chattogram,,,
hathazari100peaking,HFO,PDB,11*8.9,98,98,,40,Engine problem,,Chattogram,,,
ashuganj195apscled,Gas,IPP,20*9.73+1*16,195,195,57,,,,Cumilla,,,
jangalia52lakdanavi,HFO,IPP,6*8.92,52,52,50,,Fuel shortage,,Cumilla,,,
tangail22doreen,Gas,"SIPP, PDB",8*2.90,22,22,5,,Gas shortage,,Mymensingh,,,
noapara100banglatrac,HSD,IPP,70*1.4,0,0,100,,Fuel shortage,,Khulna,,,
barapukuria1,Coal,PDB,1*125,125,85,13,,Coal Shortage.,,Rangpur,,,
rangpur113confidence,HFO,IPP,9*6.984+7*7.015+3.15*2,113,113,63,,Fuel shortage,,Rangpur,,,
shahjibazarg89,Gas,PDB,2*35,70,66,26,,,,Sylhet,,,
bibianaii341summit,Gas,IPP,1*222+1*119,341,341,31,,,,Sylhet,,,
sirajgonj2253,Gas/HSD,NWPGCL,1*141,220,220,35,,,,Rajshahi,,,
chattogramecpv108,HFO,IPP,16*7,108,108,,,Transformer O/L.,,Chattogram,,,
ashuganjst5,Gas,APSCL,1*150,150,134,,34,Gas shortage,,Cumilla,,,
ashuganjenginestsk,Gas,APSCL,14*3.968,53,45,,,Gas shortage,,Cumilla,,,
jamalpur95,HFO,IPP,12*8.924,95,95,,13,Engine problem,,Mymensingh,,,
amnura50,HFO,QRPP,7*7.79,50,50,,7,Engine problem,,Rajshahi,,,
ghorasal3657,Gas,PDB,1*243+1*122,365,365,245,,Gas shortage,,Dhaka,,,
karnaphulihydro12345,Hydro,PDB,2*40+3*50,230,230,,146,Low Water Level & Unit 4 & 5  U/M.,,Chattogram,,,
bagura113confidence2,HFO,IPP,113 MW,113,113,,18,Engine problem,,Rajshahi,,,
shajibazar330,Gas,PDB,3*110,330,330,,170,GT-1 Under S/D,,Sylhet,,,
haripur412,Gas,EGCB,1*273+1*139,412,412,,412,Under maint.,26/06/2020,Dhaka,,,
sonargoan104orion,HFO,IPP,18.5*6,104 MW,104 MW,,,,,Dhaka,,,
ghorashal108regent,Gas,IPP,34*3.35,108,108,41,,Gas shortage,,Dhaka,,,
rupsha105orionrupsha,HFO,IPP,6*18.445,105,105,,52,Engine problem,,Khulna,,,
siddhirganj335,Gas,EGCB,1*217,217,217,,,ST Commissioning,,Dhaka,,,
karnaphulihydro12345,Hydro,PDB,2*40+3*50,230,230,,65,Unit 4 Under maint,,Chattogram,,,
hathazari100peaking,HFO,PDB,11*8.9,98,98,,,Under S/D,,Chattogram,,,
chandpur150,Gas,PDB,1*106+1*57,163,163,,26,Machine problem.,,Cumilla,,,
sikalbahapeakinggt,Gas/HSD,PDB,1*150 ,150,150,50,,,,Chattogram,,,
fenchugonjphase1,Gas,PDB,2*32+1*33,97,70,,27,Engine problem,,Sylhet,,,
sirajgonj2253,Gas/HSD,NWPGCL,1*141,220,220,50,,Gas shortage and FGMO,,Rajshahi,,,
bagura113confidence2,HFO,IPP,113 MW,113,113,,0,Engine problem,,Rajshahi,,,
ashuganj225,Gas,APSCL,1*142+1*75,221,221,,221,Gas shortage,,Cumilla,,,
ashuganj195apscled,Gas,IPP,20*9.73+1*16,195,195,0,,Gas shortage,,Cumilla,,,
ashuganj150midland,HFO,IPP,23*7.015,150,150,98,,Fuel shortage,,Cumilla,,,
chandpur115doreen,HFO,IPP,4*18.5+2*22.5,115,115,95,,Fuel shortage,,Cumilla,,,
rupsha105orionrupsha,HFO,IPP,6*18.445,105,105,0,,Fuel shortage,,Khulna,,,
bagura113confidence2,HFO,IPP,6*18.55+7.2,113,113,113,,Project work,,Rajshahi,,,
confidencepowerbogura1113,HFO,IPP,6*18.55,113,113,113,,Project work,,Rajshahi,,,
meghnaghat100iel,HFO,NENP,12*8.9,100,100,60,,Fuel shortage,,Dhaka,,,
gagnagar102digitalpower,HFO,IPP,12*8.924,102,102,56,,Fuel shortage,,Dhaka,,,
dohazarikalaish100peaking,HFO,PDB,6*17,102,102,,102,Flooded,,Chattogram,,,
katakhali50peaking,HFO,PDB,6*8.7,50,50,20,,Fuel shortage,,Rajshahi,,,
energypacpowerventurethakurgaon,HFO,IPP,115,115,115,2,,Fuel shortage,,Rangpur,,,
karnaphulihydro12345,Hydro,PDB,2*40+3*50,230,230,122,,Low water level & Unit-2 under maint.,,Chattogram,,,
bhola225,Gas,PDB,2*63+1*68,194,194,,107, GT-2 & ST Under maint.,,Barisal,,,
kodda3002summit,HFO,IPP,18*17.076,300,300,270,,Fuel shortage,,Dhaka,,,
patenga50baraka,HFO,IPP,8*6.98,50,50,,0,Engine problem,,Chattogram,,,
hathazari100peaking,HFO,PDB,11*8.9,98,98,,25,Engine problem,,Chattogram,,,
sspoweri,Coal,IPP,2*612,1224,1224,809,,Coal shortage,,Chattogram,,,
sirajgonj2251,Gas/HSD,NWPGCL,1*150+1*75,210,210,40,,,,Rajshahi,,,
ghorasalst12,Gas,PDB,2*55,110,85,,11,Unit-1 under maint.,,Dhaka,,,
ghorashalregent,Gas,IPP,34*3.35,108,108,96,,Gas shortage,,Dhaka,,,
bosila108,HFO,IPP,12*8.775+1*3.5,108,108,,55,Engine problem,,Dhaka,,,
patenga50,HFO,IPP,8*6.98,50,50,,50,Under maint.,,Chattogram,,,
sikalbahaenergis,HFO,RPP ,4*12.5+2*11.9+1*3+1*1.5,51,51,,35,Engine problem,,Chattogram,,,
ashuganjenginestsk,Gas,APSCL,14*3.968,53,45,8,,Gas Shortage,,Cumilla,,,
ashuganj195modular,Gas,IPP,20*9.73+1*16,195,195,117,,Gas shortage,,Cumilla,,,
shajibazar330,Gas,PDB,3*110,330,330,,," FGMO,",,Sylhet,,,
barapukuria2,Coal,PDB,1*125,125,85,,,Under shut down.,,Rangpur,,,
barapukuria3,Coal,PDB,1*275,274,274,125,,,,Rangpur,,,
keraniganj100powerpac,HFO,QRPP,8*13.45,100,100,,16,Engine problem,,Dhaka,,,
siddhirganj335,Gas,EGCB,1*217+118,335,335,,115,DCT test,,Dhaka,,,
chandpur150,Gas,PDB,1*106+1*57,163,163,,53,Machine problem,,Cumilla,,,
shajibazar330,Gas,PDB,3*110,330,330,,168,under maint.,,Sylhet,,,
shahjibazarg89,Gas,PDB,2*35,70,66,,30,Under maint,,Sylhet,,,
shahjibazar86shahjibazar,Gas,RPP ,32*2.90,86,86,,5,Engine problem,,Sylhet,,,
sylhet225,Gas,PDB,1*142+1*89,231,231,,68,,,Sylhet,,,
ghorasal3657,Gas,PDB,1*243+1*122,365,365,,45, ,,Dhaka,,,
bosila108clc,HFO,IPP,12*8.775+1*3.5,108,108,,40,Engine problem,,Dhaka,,,
chapainawabganj100peaking,HFO,PDB,104,104,104,,24,Engine problem,,Rajshahi,,,
madanganj102summit,HFO,NENP,6*17,102,102,17,,Engine problem,,Dhaka,,,
siddhirgonj2120g,Gas,EGCB, 2*105,210,210,105,,GT-2 S/D Gas shortage,,Dhaka,,,
kodda1491summit,HFO,IPP,8*18.45+8.97,149,149,98,,,,Dhaka,,,
sspoweri,Coal,SS Power ,2*612,1224,1224,674,,,,Chattogram,,,
ashuganj150midland,HFO,IPP,23*7.015,150,150,122,,Fuel shortage,,Cumilla,,,
bibiyanaiii400,Gas,PDB,285*1+134*1,400,400,,90,ST under maint,,Sylhet,,,
faridpur50peaking,HFO,PDB,8*6.89,54,54,54,,Fuel shortage,,Khulna,,,
payra1320,Coal,BCPCL,2*622,1244,1244,,4,,,Barisal,,,
chattogram2,Gas,PDB,1*210,210,180,180,,,,Chattogram,,,
juldah1003acorn,HFO,IPP,0,100,100,,23,Engine problem,,Chattogram,,,
ashuganj450south,Gas,APSCL,1*360,360,360,,10,FGMO,,Cumilla,,,
chandpur150,Gas,PDB,1*106+1*57,163,163,,22,Machine problem.,,Cumilla,,,
shahjibazar100g,Gas,PDB,1*100,100,100,,25,,,Sylhet,,,
sylhet225,Gas,PDB,1*142+1*89,231,231,,31,,,Sylhet,,,
siddhirgonj2120g,Gas,EGCB, 2*105,210,210,15,,Gas shortage,,Dhaka,,,
sikalbaha105barakasikalbaha,HFO,IPP,6*17.5,105,105,88,,,,Chattogram,,,
karnaphulipower,HFO,IPP,18.415*6+6.5,110,110,36,,Fuel shortage,,Chattogram,,,
anlimaenergy,HFO,IPP,6*21.2,116,116,9,,Fuel shortage,,Chattogram,,,
titas50peaking,HFO,PDB,6*8.92,52,52,,9,Machine problem,,Cumilla,,,
chandpur115doreen,HFO,IPP,4*18.5+2*22.5,115,115,17,,Fuel shortage,,Cumilla,,,
sylhet225,Gas,PDB,1*142+1*89,231,231,,27,Machine problem,,Sylhet,,,
rampal1320bifpcl,Coal,NTPC&BPDB,660*2,617,617,,617,Machine problem,,Khulna,,,
karnaphulihydro12345,Hydro,PDB,2*40+3*50,230,230,70,,Low water level  & #2 under maint.,,Chattogram,,,
fenchugonj51barakatullah,Gas,RPP ,19*2.90,51,51,,7,Engine problem,,Sylhet,,,
bibiyanaiii400,Gas,PDB,400 MW,400,400,80,,Gas shortage,,Sylhet,,,
210siddhirgonj,Gas,PDB, 1*210,210,115,,115,Gas shortage,,Dhaka,,,
siddhirgonj2120g,Gas,EGCB, 2*105,210,210,104,,Gas shortage,,Dhaka,,,
sikalbaha225,Gas/HSD,PDB,1*150+1*75,225,225,,225,Filter Change,,Chattogram,,,
matarbari2600cpgcl,Coal,CPGCL,2*575,1150,1150,,635,Unit-1 Under maint,,Chattogram,,,
ashuganj55precision,Gas,NENP,0,55,55,5,,Gas shortage,,Cumilla,,,
ashuganj195apscled,Gas,IPP,20*9.73+1*16,195,195,55,,,,Cumilla,,,
rpcl210,Gas,IPP,4*35+1*70,210,202,186,,Gas shortage,,Mymensingh,,,
sylhet225,Gas,PDB,1*142+1*89,231,231,,96,,,Sylhet,,,
bibiyanaiii400,Gas,PDB,285*1+134*1,400,400,,40,Machine problem,,Sylhet,,,
rampal1320bifpcl,Coal,NTPC&BPDB,617*2,1234,1234,614,,GT-1 S/D,,Khulna,,,
meghnaghat450mpl,Gas,IPP,2*150+1*150,450,450,,,GT-1 under maintenance,,Dhaka,,,
meghnaghatsummit,Gas,IPP,2*110+1*110,305,305,185,,Gas shortage,,Dhaka,,,
siddhirganj335,Gas,EGCB,1*217+118,335,335,335,,Gas line maint.,,Dhaka,,,
sikalbaha225,Gas/HSD,PDB,1*150+1*175,225,225,,225,,,Chattogram,,,
ashuganj50,Gas,APSCL,14*3.968,53,45,,6,Engine problem,,Cumilla,,,
mymensingh200ed,HFO,IPP,200,200,200,,76,Machine problem,,Mymensingh,,,
bhola33venture,Gas,RPP,1*34.50,33,33,,5,Engine problem,,Barisal,,,
baghabari71g,Gas,PDB,1*71,71,71,31,,Gas shortage,,Rajshahi,,,
sirajgonj2251,Gas/HSD,NWPGCL,1*150+1*75,210,210,,,Under maint.,,Rajshahi,,,
ghorashal108regent,Gas,IPP,34*3.35,108,108,,5,,,Dhaka,,,
katpotti52sinha,HFO,IPP,7*7.9,51,51,,51,Fuel shortage,,Dhaka,,,
ashuganj55precision,Gas,RPP ,15*4,55,55,13,,Gas shortage,,Cumilla,,,
ghorasalst5,Gas,PDB,1*210,210,190,190,,Gas shoetage,,Dhaka,,,
siddhirgonjgt12,Gas,EGCB, 2*105,210,210,100,,Gas shortage,,Dhaka,,,
chattogramst1raozan,Gas,PDB,1*210,210,180,180,,Under maint.,,Chattogram,,,
kaptaihydro12345,Hydro,PDB,2*40+3*50,230,230,,190,Low water lavel,,Chattogram,,,
chattogramecpv108,HFO,IPP,16*7,108,108,,3,,,Chattogram,,,
shajibazar330,Gas,PDB,3*110,330,330,,,Under maint.,,Sylhet,,,
bheramara360,Gas,NWPGCL,1*278+1*132,410,410,,410,Under maint.,20/06/2019,Khulna,,,
ghorasal3657,Gas,PDB,1*243+1*122,365,365,,145,ST under maint,,Dhaka,,,
meghnaghatsummit,Gas,IPP,2*110+1*110,335,335,,105,Gas shortage,,Dhaka,,,
meghnaghat104opcl,HFO,IPP,18.5*6,104,104,,13,Engine problem,,Dhaka,,,
patenga50baraka,HFO,IPP,8*6.98,50,50,,25,33 kV BPDB feeder problem,,Chattogram,,,
sikalbaha225,Gas/HSD,PDB,1*150+1*175,225,225,25,,Gas shortage,,Chattogram,,,
hathazari100peaking,HFO,PDB,11*8.9,98,98,,58,On test,,Chattogram,,,
fenilankapower,HFO,IPP,7*18.415+1*9.78,114,114,,15,Engine problem,,Cumilla,,,
shajibazar330,Gas,PDB,3*110,330,330,,60,Engine problem,,Sylhet,,,
sirajgonj2253,Gas/HSD,NWPGCL,1*141,220,220,72,,Gas shortage,,Rajshahi,,,
meghnaghat100iel,HFO,NENP,12*8.9,100,100,,83,Engine problem,,Dhaka,,,
madanganj102summit,HFO,NENP,6*17,102,102,,8,Engine problem,,Dhaka,,,
karnaphulihydro12345,Hydro,PDB,2*40+3*50,230,230,,22,,,Chattogram,,,
dohazarikalaish100peaking,HFO,PDB,6*17,102,102,70,,under maint.,,Chattogram,,,
mymensingh200ed,HFO,IPP,9.78*21,200,200,86,,Fuel shortage,,Mymensingh,,,
gazipur52,HFO,IPP,6*8.9,52,52,44,,Fuel shortage,,Dhaka,,,
karnaphulihydro12345,Hydro,PDB,2*40+3*50,230,230,175,,Low water lavel,,Chattogram,,,
fenilankapower,HFO,IPP,7*18.415+1*9.78,114,114,,24,Engine problem,,Cumilla,,,
shajibazar330,Gas,PDB,3*110,330,330,,170,GT-1 Under maint,,Sylhet,,,
bibiyanaiii400,Gas,PDB,400 MW,400,400,,100,ST under maintenance.,,Sylhet,,,
santahar50peaking,HFO,PDB,6*8.7,50,50,,9,Engine problem,,Rajshahi,,,
bagura113confidence2,HFO,IPP,113 MW,113,113,,22,Engine problem,,Rajshahi,,,
meghnaghatsummit,Gas,IPP,2*110+1*110,335,335,,185,GT-1 under maint,,Dhaka,,,
meghnaghatuniquepower,Gas,IPP,586,584,584,,,Meghnaghat Bus section Limitation,,Dhaka,,,
juldah1001acorn,HFO,NENP,8*13.45,100,100,42,,Fuel shortage,,Chattogram,,,
chandpur150,Gas,PDB,1*106+1*57,163,163,,93,Machine problem,,Cumilla,,,
fenilankapower,HFO,IPP,7*18.415+1*9.78,114,114,16,,Fuel shortage,,Cumilla,,,
bhairob545,HFO,IPP,3*18.2,54,54,,4,Engine problem,,Cumilla,,,
mymensingh200ed,HFO,IPP,9.78*21,200,200,94,,Fuel shortage,,Mymensingh,,,
sylhet225,Gas,PDB,1*142+1*89,231,231,,101,machine problem,,Sylhet,,,
baghabari50peaking,HFO,PDB,6*8.9,52,52,13,,Fuel shortage,,Rajshahi,,,
barapukuria1,Coal,PDB,1*125,125,85,,85,under maint,,Rangpur,,,
haripur412,Gas,EGCB,1*273+1*139,412,412,0,,Gas shortage,,Dhaka,,,
meghnaghat100iel,HFO,NENP,12*8.9,100,100,,0,,,Dhaka,,,
mirsharai150,Gas/HFO,BPDB-RPCL,18.5*9,163,163,163,,,,Chattogram,,,
ashuganj450south,Gas,APSCL,1*360,360,360,0,,FGMO,,Cumilla,,,
ashuganj420east,Gas,APSCL,284*1+116*1,400,400,7,,,,Cumilla,,,
fenilankapower,HFO,IPP,7*18.415+1*9.78,114,114,14,,Fuel shortage,,Cumilla,,,
chowmuhani113,HFO,IPP,12*9.78+2*3.1,113,113,66,,Engine problem,,Cumilla,,,
sylhet225,Gas,PDB,1*142+1*89,231,231,,101,,,Sylhet,,,
madanganj102summit,HFO,NENP,6*17,102,102,27,,Fuel shortage,,Dhaka,,,
gazipur52,HFO,RPCL,6*8.9,52,52,2,,,,Dhaka,,,
gazipur100,HFO,RPCL,6*17.5,105,105,15,,Engine problem,,Dhaka,,,
gopalganj100peaking,HFO,PDB,16*6.98,109,109,,109,Engine problem,,Khulna,,,
bholanutanbiddutbd,Gas,IPP,220,220,220,,0,GT-2 Under maint.,,Barisal,,,
ghorasal12,Gas,PDB,2*55,110,85,,50,Unit-1 Under maint,,Dhaka,,,
ghorashal108regent,Gas,IPP,34*3.35,108,108,95,,Gas shortage,,Dhaka,,,
chandpur150,Gas,PDB,1*106+1*57,163,163,,72,STG Under S/D,,Cumilla,,,
ghorashal108regent,Gas,IPP,34*3.35,108,108,,26,Engine problem,,Dhaka,,,
meghnaghat100iel,HFO,NENP,12*8.9,100,100,,12,Fuel shortage,,Dhaka,,,
siddhirganj100dutchbangla,HFO,NENP,12*8.9,100,100,,8,Fuel shortage,,Dhaka,,,
kamalaghat54bancoenergy,HFO,IPP,3*18,54,54,,0,Engine problem,,Dhaka,,,
karnaphulihydro12345,Hydro,PDB,2*40+3*50,230,230,,115,Low Water Level ,,Chattogram,,,
hathazari100peaking,HFO,PDB,11*8.9,98,98,57,,Fuel shortage,,Chattogram,,,
anwara300ed,HFO,IPP,17*17+24,300,300,,,Fuel shortage,,Chattogram,,,
ashuganj50,Gas,APSCL,14*3.968,53,45,,4,Engine problem,,Cumilla,,,
chandpur150,Gas,PDB,1*106+1*57,163,163,,35,Gas shortage,,Cumilla,,,
shahjibazar86shahjibazar,Gas,RPP ,32*2.90,86,86,,,Gas shortage,,Sylhet,,,
sylhet50epl,Gas,NENP,27*2,50,50,17,,Gas shortage,,Sylhet,,,
bhola225,Gas,PDB,2*63+1*68,194,194,134,,Gas shortage ,,Barisal,,,
bera70peaking,HFO,PDB,9*8.29,71,71,,30,Engine problem,,Rajshahi,,,
sirajgonj2251,Gas/HSD,NWPGCL,1*150+1*75,210,210,75,,Gas shortage,,Rajshahi,,,
sirajgonj4004,Gas/HSD,SNWPGCL,1*282+1*132,414,414,99,,Gas shortage,,Rajshahi,,,
ghorasalrepowered4,Gas,PDB,1*210,210,180,,,S/D for S/S maintenance work.,,Dhaka,,,
karnaphulihydro12345,Hydro,PDB,2*40+3*50,230,230,143,,Low water level,,Chattogram,,,
bibiyanaiii400,Gas,PDB,400 MW,400,400,,59,Machine Problem,,Sylhet,,,
baghabari100g,Gas,PDB,1*100,100,100,100,,Machine problem.,,Rajshahi,,,
meghnaghat450mpl,Gas,IPP,2*150+1*150,450,450,70,,Gas shortage,,Dhaka,,,
keraniganj100powerpac,HFO,QRPP,8*13.45,100,100,100,,Fuelshortage,,Dhaka,,,
fenchugonj51barakatullah,Gas,RPP ,19*2.90,51,51,29,,Gas shortage,,Sylhet,,,
khulna115kpcl2,HFO,QRPP,7*17,115,115,,21,Engine problem,,Khulna,,,
barapukuria2753,Coal,PDB,1*275,274,274,,,Coal Shortage,,Rangpur,,,
ghorasalst7,Gas,PDB,1*243+1*122,365,365,,365,Under maint.,14/01/2019,Dhaka,,,
ghorashal78max,Gas,QRPP,2*40,78,78,38,,gas shortage,,Dhaka,,,
katpotti51,HFO,IPP,7*7.9,51,51,,3,,,Dhaka,,,
kaptaihydro12345,Hydro,PDB,2*40+3*50,230,230,,185,Low water lavel,,Chattogram,,,
ashuganjprecision55,Gas,RPP ,15*4,55,55,,50,Gas shortage,,Cumilla,,,
mymensinghrpcl210,Gas,IPP,4*35+1*70,210,202,52,,Gas Shortage,,Mymensingh,,,
jamalpur95,HFO,IPP,12*8.924,95,95,,5,Engine problem.,,Mymensingh,,,
ghorasal5,Gas,PDB,1*210,210,190,,20,Gas shortage,,Dhaka,,,
meghnaghatsummit,Gas,IPP,2*110+1*110,305,305,,170,,,Dhaka,,,
karnaphulihydro12345,Hydro,PDB,2*40+3*50,230,230,123,,Low water lavel,,Chattogram,,,
sikalbaha225,Gas/HSD,PDB,1*150+1*175,225,225,,85,Machine problem,,Chattogram,,,
dohazarikalaish100peaking,HFO,PDB,6*17,102,102,,,Engine problem,,Chattogram,,,
ashuganj150midland,HFO,IPP,23*7.015,150,150,,,under maint.,,Cumilla,,,
chandpur150,Gas,PDB,1*106+1*57,163,163,,23,Machine problem,,Cumilla,,,
jamalpur95powerpac,HFO,IPP,12*8.924,95,95,,39,Engine problem,,Mymensingh,,,
shajibazar330,Gas,PDB,3*110,330,330,,30,,,Sylhet,,,
sylhet225,Gas,PDB,1*142+1*89,231,231,,55,Machine problem,,Sylhet,,,
sirajgonj2251,Gas/HSD,NWPGCL,1*150+1*75,210,210,,70,ST under maint.,,Rajshahi,,,
meghnaghatsummit,Gas,IPP,2*110+1*110,335,335,205,,GT-1 under S/D due to Gas shortage,,Dhaka,,,
karnaphulihydro12345,Hydro,PDB,2*40+3*50,230,230,,104,Engine problem,,Chattogram,,,
sikalbaha225,Gas/HSD,PDB,1*150+1*75,225,225,,225,Under maint,,Chattogram,,,
bibiyanasouth400,Gas,PDB,400 MW,383,383,,123,ST under maint.,,Sylhet,,,
rupsha105orionrupsha,HFO,IPP,6*18.445,105,105,22,,Fuel shortage,,Khulna,,,
rampal1320bifpcl,Coal,NTPC&BPDB,660*2,617,617,,617,Under maint.,,Khulna,,,
energypacpowerventurethakurgaon,HFO,IPP,115,115,115,40,,Fuel shotage,,Rangpur,,,
ghorashal108regent,Gas,IPP,34*3.35,108,108,35,,Gas shortage,,Dhaka,,,
meghnaghatsummit,Gas,IPP,2*110+1*110,335,335,175,,Gas shortage,,Dhaka,,,
sikalbaha225,Gas/HSD,PDB,1*150+1*175,225,225,,64,ST Under S/D,,Chattogram,,,
karnaphulipower,HFO,IPP,18.415*6+6.5,110,110,58,,Fuel shortage,,Chattogram,,,
titas50peaking,HFO,PDB,6*8.92,52,52,,21,Engine problem,,Cumilla,,,
bibiyanaiii400,Gas,PDB,285*1+134*1,400,400,,400,Under S/D.,,Sylhet,,,
khulna115kpcl2,HFO,NENP,7*17,115,115,15,,,,Khulna,,,
katakhali50northern,HFO,QRPP,6*8.9,50,50,34,,Fuel shortage,,Rajshahi,,,
chapainawabganj100peaking,HFO,PDB,12*8.924,104,104,24,,Fuel shortage,,Rajshahi,,,
baghabari200paramount,HSD,IPP,135*1.6,200,200,150,,Fuel shortage,,Rajshahi,,,
meghnaghat450mpl,Gas,IPP,2*150+1*150,450,450,30,,Gas shortage,,Dhaka,,,
meghnaghat100iel,HFO,NENP,12*8.9,0,0,,,Fuel shortage,,Dhaka,,,
siddhirganj100dutchbangla,HFO,NENP,12*8.9,0,0,,,Fuel shortage,,Dhaka,,,
siddhirganj335,Gas,EGCB,1*217+118,335,335,25,,Gas shortage,,Dhaka,,,
manikganj55northern,HFO,IPP,3*19.3,55,55,,,Fuel Shortage,,Dhaka,,,
nababganj55southernpower,HFO,IPP,3*19.3,55,55,,,Fuel Shortage,,Dhaka,,,
kodda3002summit,HFO,IPP,18*17.076,300,300,30,,Fuel shortage,,Dhaka,,,
ashuganj150midland,HFO,IPP,23*7.015,150,150,20,,Fuel shortage,,Cumilla,,,
jangalia52lakdanavi,HFO,IPP,6*8.92,52,52,,18,Engine problem,,Cumilla,,,
bhairob545,HFO,IPP,3*18.2,54,54,37,,Fuel shortage,,Cumilla,,,
gopalganj100peaking,HFO,PDB,16*6.98,109,109,,43,Engine problem,,Khulna,,,
baghabari50peaking,HFO,PDB,6*8.9,52,52,,12,engine problem,,Rajshahi,,,
ashuganjenginestsk,Gas,APSCL,14*3.968,53,45,,10,Engine problem,,Cumilla,,,
mymensinghrpcl210,Gas,IPP,4*35+1*70,210,202,52,,Gas shortage ,,Mymensingh,,,
kodda1491summit,HFO,IPP,8*18.45+8.97,149,149,,34,Engine problem,,Dhaka,,,
meghnaghat104opcl,HFO,IPP,18.5*6,104,104,50,,Lub Oil problem,,Dhaka,,,
karnaphulihydro12345,Hydro,PDB,2*40+3*50,230,230,15,,,,Chattogram,,,
mirsharai150,HFO,BPDB-RPCL,18.5*9,163,163,73,,Fuel shortage,,Chattogram,,,
ashuganj420east,Gas,APSCL,284*1+116*1,400,400,110,,Gas shortage,,Cumilla,,,
ashuganj55precision,Gas,QRPP,0,55,55,47,,Gas shortage,,Cumilla,,,
bhola225,Gas,PDB,2*63+1*68,194,194,,114,ST Under maint.,,Barisal,,,
adanipowerjharkhanda,Coal,Imported power,748*2,1496,1496,,748,Unit-2 S/D.,,Rajshahi,,,
meghnaghat100iel,HFO,QRPP,12*8.9,100,100,93,,,,Dhaka,,,
siddhirganj100dutchbangla,HFO,QRPP ,12*8.9,100,100,,,Fuel shortage,,Dhaka,,,
meghnaghat104opcl,HFO,IPP,18.5*6,104,104,,,Fuel Shortage,,Dhaka,,,
karnaphulihydro12345,Hydro,PDB,2*40+3*50,230,230,151,,Low water level,,Chattogram,,,
ashuganj5,Gas,APSCL,1*150,150,134,,4,Engine problem,,Cumilla,,,
ashuganj450south,Gas,APSCL,1*360,360,360,,110,ST under maintenance,,Cumilla,,,
kushiara163kp,Gas,IPP,1*109+1*54,163,163,,163,Under Maintenance,,Sylhet,,,
bheramara410,Gas,NWPGCL,1*278+1*132,410,410,,,Gas Shortage,,Khulna,,,
rupsha105orionrupsha,HFO,IPP,6*18.445,105,105,,35,Fuel Shortage,,Khulna,,,
bagura113confidence2,HFO,IPP,113 MW,113,113,,78,Engine problem,,Rajshahi,,,
confidencepowerbogura1113,HFO,IPP,6*18.55,113,113,,78,Engine problem,,Rajshahi,,,
meghnaghat450mpl,Gas,IPP,2*150+1*150,450,450,,0,,,Dhaka,,,
kodda3002summit,HFO,IPP,18*17.076,300,300,,155,Engine problem,,Dhaka,,,
juldah1003acorn,HFO,IPP,8*13.5,100,100,,,fuel shortage.,,Chattogram,,,
jangalia52lakdanavi,HFO,IPP,6*8.92,52,52,,11,Engine problem,,Cumilla,,,
fenilankapower,HFO,IPP,7*18.415+1*9.78,114,114,,,Fuel shortag,,Cumilla,,,
chowmuhani113,HFO,IPP,12*9.78+2*3.1,113,113,,17,Fuel shortag,,Cumilla,,,
chandpur115doreen,HFO,IPP,4*18.5+2*22.5,115,115,,20,Fuel shortag,,Cumilla,,,
jamalpur115ed,HFO,IPP,9.78*12,115,115,41,,Fuel shortage,,Mymensingh,,,
kushiara163kp,Gas,IPP,1*109+1*54,163,163,,,under maint,,Sylhet,,,
bheramarahvdc,0,Imported power,2*500,1000,1000,,,SEIL P2 CTU Unit # 1 tripped,,Khulna,,,
khulna115kpcl2,HFO,NENP,7*17,0,0,,0,Engine problem,,Khulna,,,
bheramara410,Gas,NWPGCL,1*278+1*132,410,410,206,,Gas shortage,,Khulna,,,
noapara40khanjahanali,HFO,NENP,5*8.5,0,0,0,,Fuel shortage,,Khulna,,,
ghorasal5,Gas,PDB,1*210,210,190,,,Under maint,,Dhaka,,,
ghorasal3657,Gas,PDB,1*243+1*122,365,365,,,Under maint,,Dhaka,,,
shajibazar330,Gas,PDB,3*110,330,330,,,Under maint,,Sylhet,,,
bheramara360,Gas,NWPGCL,1*278+1*132,410,410,,,ST under S/D,,Khulna,,,
karnaphulihydro12345,Hydro,PDB,2*40+3*50,230,230,64,,Low water level & Unit-2 S/D,,Chattogram,,,
ashuganj150midland,HFO,IPP,23*7.015,150,150,,14,Engine problem,,Cumilla,,,
faridpur50peaking,HFO,PDB,8*6.89,54,54,,27,Engine problem,,Khulna,,,
anlimaenergy,HFO,IPP,6*21.2,116,116,64,,Fuel shortage,,Chattogram,,,
chandpur200deshenergy,HFO,IPP,12*18.4,200,200,40,,Fuel shortage,,Cumilla,,,
karnaphulihydro12345,Hydro,PDB,2*40+3*50,230,230,100,,Low water level,,Chattogram,,,
chandpur150,Gas,PDB,1*106+1*57,163,163,,57,ST under maintenance,,Cumilla,,,
gazipur52,HFO,IPP,6*8.9,52,52,,27,Fuel shortage,,Dhaka,,,
kodda1491summit,HFO,IPP,149,149,149,,14,Engine problem,,Dhaka,,,
gazipur100,HFO,RPCL,100 MW,105,105,,55,Fuel shortage,,Dhaka,,,
sikalbahapeakinggt,Gas/HSD,PDB,1*150 ,150,150,,50,Machine problem,,Chattogram,,,
santahar50peaking,HFO,PDB,6*8.7,50,50,,8,Engine problem,,Rajshahi,,,
ghorasal3657,Gas,PDB,1*243+1*122,365,365,,115,Condencer problem,,Dhaka,,,
madanganj102summit,HFO,QRPP ,6*17,102,102,9,,Engine problem,,Dhaka,,,
siddhirganj100dutchbangla,HFO,QRPP ,12*8.9,100,100,,8,Engine problem,,Dhaka,,,
manikganj55northern,HFO,IPP,3*19.3,55,55,,20,,,Dhaka,,,
juldah1001acorn,HFO,QRPP,8*13.45,100,100,,20,Engine problem,,Chattogram,,,
chattogram108ecpv,HFO,IPP,16*7,108,108,,37,Engine problem,,Chattogram,,,
ashuganj225,Gas,APSCL,1*142+1*75,221,221,36,,Gas shortage,,Cumilla,,,
jamalpur115ed,HFO,IPP,9.78*12,115,115,,,Engine problem,,Mymensingh,,,
sirajgonj2252,Gas/HSD,NWPGCL,1*150+1*75,220,220,220,,HSD running,,Rajshahi,,,
baghabari200paramount,HSD,IPP,135*1.6,200,200,,,Engine problem,,Rajshahi,,,
energypacpowerventurethakurgaon,HFO,IPP,115,115,115,,43,Engine problem,,Rangpur,,,
mymensinghrpcl210,Gas,IPP,4*35+1*70,210,202,55,,Gas shortage,,Mymensingh,,,
meghnaghat104opcl,HFO,IPP,18.5*6,104,104,70,,Fuel shortage,,Dhaka,,,
karnaphulihydro12345,Hydro,PDB,2*40+3*50,230,230,,85,Low Water Level ,,Chattogram,,,
juldah1003acorn,HFO,IPP,8*13.5,100,100,,79,Engine problem,,Chattogram,,,
karnaphulipower,HFO,IPP,18.415*6+6.5,110,110,,110,Under maint,,Chattogram,,,
ashuganj150midland,HFO,IPP,23*7.015,150,150,,17,Engine problem,,Cumilla,,,
chandpur150,Gas,PDB,1*106+1*57,163,163,,21,Machine problem,,Cumilla,,,
chowmuhani113,HFO,IPP,12*9.78+2*3.1,113,113,56,,Fuel shortage,,Cumilla,,,
chandpur115doreen,HFO,IPP,4*18.5+2*22.5,115,115,15,,Fuel shortage,,Cumilla,,,
faridpur50peaking,HFO,PDB,8*6.89,54,54,,18,Engine problem,,Khulna,,,
bholanutanbiddutbd,Gas,IPP,220,220,220,,220,Machine problem,,Barisal,,,
baghabari200paramount,HSD,IPP,135*1.6,200,200,,25,Fuel shortage,,Rajshahi,,,
energypacpowerventurethakurgaon,HFO,IPP,115,115,115,,63,Fuel shortage,,Rangpur,,,
haripur412,Gas,EGCB,1*273+1*139,412,412,39,,Gas shortage,,Dhaka,,,
haripur360hpl,Gas,IPP,1*235+1*125,360,360,55,,Gas shortage,,Dhaka,,,
keraniganj100powerpac,HFO,NENP,8*13.45,100,75,50,,Engine problem,,Dhaka,,,
rupganj33summit,Gas,"SIPP,REB",4*8.73,33,33,,0,Engine problem,,Dhaka,,,
kodda1491summit,HFO,IPP,8*18.45+8.97,149,149,52,,Fuel shortage,,Dhaka,,,
sspoweri,Coal,SS Power ,2*612,1224,1224,,224,Madunaghat Transformer Limitation,,Chattogram,,,
ashuganj50,Gas,APSCL,14*3.968,53,45,8,,Gas shortage,,Cumilla,,,
cumilla25summit,Gas,"SIPP, REB",3*3.67+2*6.97,25,25,,19,Engine problem,,Cumilla,,,
bhairob545,HFO,IPP,3*18.2,54,54,2,,Fuel shortage,,Cumilla,,,
tangailpallipowergen22,HFO,IPP,4*6.7,22,22,-2,,Fuel shortage,,Mymensingh,,,
barapukuria2753,Coal,PDB,1*275,274,274,,64,Machine problem,,Rangpur,,,
energypacpowerventurethakurgaon,HFO,IPP,115,115,115,,21,Engin problem,,Rangpur,,,
ashuganj195apscled,Gas,IPP,20*9.73+1*16,195,195,83,,Gas shortage,,Cumilla,,,
chandpur150,Gas,PDB,1*106+1*57,163,163,,72,ST under maint.,,Cumilla,,,
haripur412,Gas,EGCB,1*273+1*139,412,412,112,,Dust in the gas line,,Dhaka,,,
meghnaghatsummit,Gas,IPP,2*110+1*110,305,305,25,,Gas shortage,,Dhaka,,,
ashuganj150midland,HFO,IPP,23*7.015,150,150,,150,Under maint.,,Cumilla,,,
chandpur150,Gas,PDB,1*106+1*57,163,163,,73,ST Under S/D.,,Cumilla,,,
madanganj102summit,HFO,QRPP ,6*17,102,102,,6,Engine problem,,Dhaka,,,
ashuganj55precision,Gas,RPP ,15*4,55,55,50,,Engine problem,,Cumilla,,,
fenilankapower,HFO,IPP,7*18.415+1*9.78,114,114,,4,Engine problem,,Cumilla,,,
fenchuganj44energyprima,Gas,RPP,12*3.3+5*2,50,50,,50,Gas shortage,,Sylhet,,,
khulna115kpcl2,HFO,QRPP,7*17,115,115,,,Fuel shortage,,Khulna,,,
payra1320,Coal,BCPCL,2*622,1244,1244,,,FGNO,,Barisal,,,
barapukuria2753,Coal,PDB,1*275,274,274,,99,Coal Shortage,,Rangpur,,,
shajibazar330,Gas,PDB,3*110,330,330,,230,GT-1  under maint.,,Sylhet,,,
sylhet50epl,Gas,RPP ,27*2,50,50,,9,Engine problem,,Sylhet,,,
ghorashal785max,Gas,QRPP,2*40,78,78,,78,Engine problem,,Dhaka,,,
meghnaghat450mpl,Gas,IPP,2*150+1*150,450,450,,225,,,Dhaka,,,
meghnaghat100iel,HFO,QRPP,12*8.9,100,100,93,,Fuel Shortage,,Dhaka,,,
meghnaghat104opcl,HFO,IPP,18.5*6,104,104,0,,,,Dhaka,,,
karnaphulihydro12345,Hydro,PDB,2*40+3*50,230,230,115,,Low water level,,Chattogram,,,
chattogram108ecpv,HFO,IPP,16*7,108,108,,24,Engine problem,,Chattogram,,,
kushiara163kp,Gas,IPP,1*109+1*54,163,163,,48,STG under maint.,,Sylhet,,,
khulna225,HSD,NWPGCL,1*150+1*75,230,230,,230,ST Under maint.,,Khulna,,,
sirajgonj2252,Gas/HSD,NWPGCL,1*150+1*75,220,220,220,,FGMO,,Rajshahi,,,
mymensinghrpcl210,Gas,IPP,4*35+1*70,210,202,42,,Gas shortage ,,Mymensingh,,,
sylhetgt150,Gas,PDB,1*142,142,142,,,Under maint,,Sylhet,,,
sirajgonj2225,Gas/HSD,NWPGCL,1*150+1*75,220,220,,,Gas shortage,,Rajshahi,,,
ghorasal3657,Gas,PDB,1*243+1*122,365,365,,185,Machine problem.,,Dhaka,,,
meghnaghat100iel,HFO,NENP,12*8.9,100,100,,92,Fuel shortage,,Dhaka,,,
gagnagar102digitalpower,HFO,IPP,12*8.924,102,102,,95,Fuel shortage,,Dhaka,,,
kodda3002summit,HFO,IPP,18*17.076,300,300,,8,Engine problem,,Dhaka,,,
kodda1491summit,HFO,IPP,8*18.45+8.97,149,149,,6,Engine problem,,Dhaka,,,
gazipur100,HFO,RPCL,6*17.5,105,105,,,Engine problem,,Dhaka,,,
chattogram108ecpv,HFO,IPP,16*7,108,108,,19,Engine problem,,Chattogram,,,
chandpur150,Gas,PDB,1*106+1*57,163,163,,28,Gas shortage,,Cumilla,,,
sylhet50epl,Gas,NENP,27*2,50,50,40,,Gas shortage,,Sylhet,,,
kodda1491summit,HFO,IPP,8*18.45+8.97,149,149,53,,,,Dhaka,,,
meghnaghatuniquepower,Gas,IPP,586,584,584,349,,Gas shortage,,Dhaka,,,
chowmuhani113,HFO,IPP,12*9.78+2*3.1,113,113,13,,Fuel shortage,,Cumilla,,,
bheramara410,Gas,NWPGCL,1*278+1*132,410,410,126,,Gas shortage,,Khulna,,,
barapukuria1,Coal,PDB,1*125,125,85,,20,Machine problem,,Rangpur,,,
siddhirganj335,Gas,EGCB,1*217+118,335,335,,215,ST under S/D,,Dhaka,,,
manikganj55northern,HFO,IPP,3*19.3,55,55,18,,Fuel shortage,,Dhaka,,,
patenga50baraka,HFO,IPP,8*6.98,50,50,15,,Fuel shortage,,Chattogram,,,
karnaphulihydro12345,Hydro,PDB,2*40+3*50,230,230,230,,Low Water Level ,,Chattogram,,,
juldah1001acorn,HFO,NENP,8*13.45,100,100,,30,Engine problem,,Chattogram,,,
anlimaenergy,HFO,IPP,6*21.2,116,116,,82,Fuel shortage,,Chattogram,,,
fenilankapower,HFO,IPP,7*18.415+1*9.78,114,114,,8,,,Cumilla,,,
mymensingh200ed,HFO,IPP,9.78*21,200,200,,30,Engine prolem,,Mymensingh,,,
jamalpur115ed,HFO,IPP,9.78*12,115,115,,7,Engine prolem,,Mymensingh,,,
gopalganj100peaking,HFO,PDB,16*6.98,109,109,,35,Engine problem,,Khulna,,,
bhola225,Gas,PDB,2*63+1*68,194,194,,134,machine problem,,Barisal,,,
barapukuria2753,Coal,PDB,1*275,274,274,14,,Coal Shortage.,,Rangpur,,,
hathazari100peaking,HFO,PDB,11*8.9,98,98,17,,Fuel shortage,,Chattogram,,,
mymensingh200ed,HFO,IPP,9.78*21,200,200,172,,Fuel shortage,,Mymensingh,,,
bibiyanasouth400,Gas,PDB,400 MW,383,383,,383,ST Under S/D,,Sylhet,,,
gopalganj100peaking,HFO,PDB,16*6.98,109,109,,92,Engine problem,,Khulna,,,
siddhirganj100dutchbangla,HFO,NENP,12*8.9,100,100,45,,Fuel shortage,,Dhaka,,,
kodda3002summit,HFO,IPP,18*17.076,300,300,204,,Fuel shortage,,Dhaka,,,
keranigonj300apr,HSD,IPP,256*1.4,300,300,150,,,,Dhaka,,,
karnaphulihydro12345,Hydro,PDB,2*40+3*50,230,230,130,,Low Water Level ,,Chattogram,,,
juldah1003acorn,HFO,IPP,8*13.5,100,100,15,,Fuel shortage,,Chattogram,,,
chowmuhani113,HFO,IPP,12*9.78+2*3.1,113,113,57,,Fuel shortage,,Cumilla,,,
fenchugonjphase2,Gas,PDB,2*35+1*35,104,90,,60,,,Sylhet,,,
sylhet225,Gas,PDB,1*142+1*89,231,231,,11,ST Under maint,,Sylhet,,,
ghorasal5,Gas,PDB,1*210,210,190,,20,Machine problem,,Dhaka,,,
meghnaghat450mpl,Gas,IPP,2*150+1*150,450,450,260,,Gas shortage,,Dhaka,,,
siddhirganj335,Gas,EGCB,1*217+118,335,335,,185,ST under maint,,Dhaka,,,
hathazari100peaking,HFO,PDB,11*8.9,98,98,61,,Fuel shortage,,Chattogram,,,
ashuganj225,Gas,APSCL,1*142+1*75,221,221,12,,Gas shortage,,Cumilla,,,
ashuganj55precision,Gas,QRPP,15*4,55,55,25,,Gas shortage,,Cumilla,,,
ashuganj150midland,HFO,IPP,23*7.015,150,150,62,,Fuel shortage,,Cumilla,,,
tangail22doreen,Gas,"SIPP, PDB",8*2.90,22,22,,3,Gas shortage,,Mymensingh,,,
mymensingh200ed,HFO,IPP,9.78*21,200,200,84,,Fuel shortage,,Mymensingh,,,
faridpur50peaking,HFO,PDB,8*6.89,54,54,21,,Fuel shortage,,Khulna,,,
sirajgonj4004,Gas/HSD,SNWPGCL,1*282+1*132,414,414,109,,Gas shortage,,Rajshahi,,,
energypacpowerventurethakurgaon,HFO,IPP,115,115,115,3,,Fuel shortage,,Rangpur,,,
narshingdidoreen,Gas,"SIPP, REB",8*2.90,22,22,,5,Engine problem,,Dhaka,,,
bosila108,HFO,IPP,12*8.775+1*3.5,108,108,,47,Engine problem,,Dhaka,,,
sikalbahaenergis,HFO,RPP ,4*12.5+2*11.9+1*3+1*1.5,51,51,,26,Engine problem,,Chattogram,,,
ashuganj195modular,Gas,IPP,20*9.73+1*16,195,195,0,,Gas shortage,,Cumilla,,,
baghabarigt71,Gas,PDB,1*71,71,71,11,,,,Rajshahi,,,
sirajgonj4414,Gas,SNWPGCL,1*282+1*132,414,414,,,FGMO,,Rajshahi,,,
karnaphulihydro12345,Hydro,PDB,2*40+3*50,230,230,117,,Low water level & Unit-4 under maint.,,Chattogram,,,
barabkunda22regent,Gas,"SIPP, PDB",8*2.90,22,22,,5,,,Chattogram,,,
ashuganj225,Gas,APSCL,1*142+1*75,221,221,,,FGMO & ST under maint.,,Cumilla,,,
ghorasal12,Gas,PDB,2*55,110,85,,50,#02-Under maint,,Dhaka,,,
siddhirganj335,Gas,EGCB,1*217+118,335,335,,105,,,Dhaka,,,
rpcl210,Gas,IPP,4*35+1*70,210,202,0,,Gas shortage,,Mymensingh,,,
shahjibazarg89,Gas,PDB,2*35,70,66,,0,,,Sylhet,,,
bhola225,Gas,PDB,2*63+1*68,194,194,,194, Under maint.,,Barisal,,,
payra1320,Coal,NWPGCL,0,0,0,,,Under maintenance,,Barisal,,,
meghnaghat450mpl,Gas,IPP,2*150+1*150,450,450,290,,GT-2 S/D,,Dhaka,,,
gazipur52,HFO,RPCL,6*8.9,52,52,18,,Fuel Shortage,,Dhaka,,,
sikalbaha225,Gas/HSD,PDB,1*150+1*75,225,225,,5,,,Chattogram,,,
anwara300ed,HFO,IPP,17*17+24,300,300,185,,Fuel shortage,,Chattogram,,,
shahjibazarg89,Gas,PDB,2*35,70,66,10,,Gas shortage,,Sylhet,,,
shahjibazar86shahjibazar,Gas,RPP ,32*2.90,86,86,21,,Gas shortage,,Sylhet,,,
bibianaii341summit,Gas,IPP,1*222+1*119,341,341,36,,FGMO,,Sylhet,,,
bibiyanasouth400,Gas,PDB,400 MW,383,383,13,,Gas shortage,,Sylhet,,,
sirajgonj2251,Gas/HSD,NWPGCL,1*150+1*75,210,210,37,,Gas shortage,,Rajshahi,,,
siddhirgonj2120g,Gas,EGCB, 2*105,210,210,25,,,,Dhaka,,,
siddhirganj335,Gas,EGCB,1*217+118,335,335,335,,Under S/D.,,Dhaka,,,
amnura50sinha,HFO,QRPP,7*7.79,50,50,22,,Engine problem,,Rajshahi,,,
ghorasalrepowered4,Gas,PDB,1*210,210,180,-10,,Gas shortage,,Dhaka,,,
madanganj102summit,HFO,NENP,6*17,102,102,22,,Engine problem,,Dhaka,,,
siddhirganj335,Gas,EGCB,1*217+118,335,335,,165,Machine problem,,Dhaka,,,
kodda1491summit,HFO,IPP,8*18.45+8.97,149,149,98,,Fuel shortage,,Dhaka,,,
sikalbaha225,Gas/HSD,PDB,1*150+1*75,225,225,20,,,,Chattogram,,,
sspoweri,Coal,SS Power ,2*612,1224,1224,744,,Coal Shortage.,,Chattogram,,,
faridpur50peaking,HFO,PDB,8*6.89,54,54,,1,Engine problem,,Khulna,,,
gopalganj100peaking,HFO,PDB,16*6.98,109,109,,25,Engine problem,,Khulna,,,
rampal1320bifpcl,Coal,NTPC&BPDB,660*2,617,617,,330,,,Khulna,,,
ghorashal785max,Gas,QRPP,2*40,78,78,,13,Engine problem,,Dhaka,,,
siddhirganj100dutchbangla,HFO,QRPP ,12*8.9,100,100,93,,Fuel Shortage.,,Dhaka,,,
gagnagar102digitalpower,HFO,IPP,12*8.924,102,102,86,,Fuel Shortage.,,Dhaka,,,
katpotti52sinha,HFO,IPP,7*7.9,51,51,,10,Engine problem,,Dhaka,,,
sikalbaha225,Gas/HSD,PDB,1*150+1*175,225,225,114,,Gas shortage,,Chattogram,,,
sikalbahapeakinggt,Gas/HSD,PDB,1*150 ,150,150,45,,Gas shortage,,Chattogram,,,
shajibazar330,Gas,PDB,3*110,330,330,120,,Gas Shortage,,Sylhet,,,
sylhet225,Gas,PDB,1*142+1*89,231,231,,151,Machine problem.,,Sylhet,,,
bheramara410,Gas,NWPGCL,1*278+1*132,410,410,30,,Gas Shortage,,Khulna,,,
siddhirganj335,Gas,EGCB,1*217+118,335,335,,335,Engine problem,,Dhaka,,,
hathazari100peaking,HFO,PDB,11*8.9,98,98,27,,Fuel shortage,,Chattogram,,,
ashuganj195apscled,Gas,IPP,20*9.73+1*16,195,195,50,,Gas shortae,,Cumilla,,,
fenilankapower,HFO,IPP,7*18.415+1*9.78,114,114,,62,Engine problem,,Cumilla,,,
chandpur115doreen,HFO,IPP,4*18.5+2*22.5,115,115,65,,Fuel shortage,,Cumilla,,,
rpcl210,Gas,IPP,4*35+1*70,210,202,159,,Gas shortage,,Mymensingh,,,
bagura113confidence2,HFO,IPP,6*18.55+7.2,113,113,21,,Fuel shortage,,Rajshahi,,,
ghorasal3657,Gas,PDB,1*243+1*122,365,365,,165,ST under maint,,Dhaka,,,
meghnaghatsummit,Gas,IPP,2*110+1*110,335,335,,185,GT-2 Under maint.,,Dhaka,,,
siddhirgonj2120g,Gas,EGCB, 2*105,210,210,150,,Gas shortage,,Dhaka,,,
chandpur150,Gas,PDB,1*106+1*57,163,163,,27,Engine problem,,Cumilla,,,
sylhet225,Gas,PDB,1*142+1*89,231,231,86,,Gas shortage,,Sylhet,,,
bhola225,Gas,PDB,2*63+1*68,194,194,127,,Gas shortage,,Barisal,,,
bibiyanaiii400,Gas,PDB,400 MW,400,400,,,PG test,,Sylhet,,,
meghnaghatiel,HFO,QRPP,12*8.9,100,100,,10,Engine problem,,Dhaka,,,
siddhirganj335,Gas,EGCB,1*217,217,217,,217,Gas shortage,,Dhaka,,,
kodda149,HFO,BPDB-RPCL,9*17.06,149,149,,,Reserved,,Dhaka,,,
juldahacorn,HFO,QRPP,8*13.45,100,100,,12,Engine problem,,Chattogram,,,
ashuganjst3,Gas,APSCL,1*150,150,135,25,,Gas shortage,,Cumilla,,,
chandpur,Gas,PDB,1*106+1*57,163,163,,163,ST under maint./FGMO,,Cumilla,,,
mymensinghrpcl210,Gas,IPP,4*35+1*70,210,202,50,,Gas shortage,,Mymensingh,,,
fenchugonj2,Gas,PDB,!F71,104,90,,40,,,Sylhet,,,
shajibazar330,Gas,PDB,3*110,330,330,,224,GT-2 Under maint.,,Sylhet,,,
sikalbahapeakinggt,Gas/HSD,PDB,1*150 ,150,150,,,Under maint,,Chattogram,,,
ashuganj450south,Gas,APSCL,1*360,360,360,,,Under Maintenance,,Cumilla,,,
kaptaihydro12345,Hydro,PDB,2*40+3*50,230,230,,122,Low water lavel,,Chattogram,,,
sikalbaha225,Gas/HSD,PDB,1*150+1*175,225,225,,75, ST Under S/D,,Chattogram,,,
mymensinghrpcl210,Gas,IPP,4*35+1*70,210,202,,,Gas shortage ,,Mymensingh,,,
shajibazar330,Gas,PDB,3*110,330,330,,225,GT-2 & ST Under maint.,,Sylhet,,,
shahjibazargt89,Gas,PDB,2*35,70,66,,,Under shut down,,Sylhet,,,
bhola194,Gas,PDB,2*63+1*68,194,194,,164,GT-2 & ST under maint.,,Barisal,,,
sirajgonj1225,Gas/HSD,NWPGCL,1*150+1*75,210,210,,210,Gas shortage.,,Rajshahi,,,
ghorashal108regent,Gas,IPP,34*3.35,108,108,,57,Engine problem,,Dhaka,,,
meghnaghatsummit,Gas,IPP,2*110+1*110,305,305,,150,GT-1 Under maint.,,Dhaka,,,
karnaphulihydro12345,Hydro,PDB,2*40+3*50,230,230,67,,Low water level,,Chattogram,,,
sirajgonj2251,Gas/HSD,NWPGCL,1*150+1*75,210,210,,75,ST Under maint,,Rajshahi,,,
sirajgonj4004,Gas/HSD,SNWPGCL,1*282+1*132,414,414,,414,FGMO,,Rajshahi,,,
meghnaghat100iel,HFO,QRPP,12*8.9,100,100,,7,Engine problem,,Dhaka,,,
ashuganj450north,Gas,APSCL,1*360,360,360,70,,Gas shortage,,Cumilla,,,
fenilankapower,HFO,IPP,7*18.415+1*9.78,114,114,,52,Engine problem,,Cumilla,,,
chowmuhani113,HFO,IPP,12*9.78+2*3.1,113,113,63,,Fuel shortage,,Cumilla,,,
mymensingh200ed,HFO,IPP,9.78*21,200,200,,0,Engine problem,,Mymensingh,,,
sylhet50epl,Gas,RPP ,27*2,50,50,40,,Gas shortage,,Sylhet,,,
payra1320,Coal,BCPCL,2*622,1244,1244,,1244,Under maint,,Barisal,,,
ashuganj450north,Gas,APSCL,1*360,360,360,,,Under S/D,,Cumilla,,,
ashuganj195apscled,Gas,IPP,20*9.73+1*16,195,195,151,,Gas shortage,,Cumilla,,,
gagnagar102digitalpower,HFO,IPP,12*8.924,102,102,,7,Engine problem,,Dhaka,,,
karnaphulihydro12345,Hydro,PDB,2*40+3*50,230,230,,104,Low Water Level ,,Chattogram,,,
ashuganj50,Gas,APSCL,14*3.968,53,45,,30,Engine problem,,Cumilla,,,
chowmuhani113,HFO,IPP,12*9.78+2*3.1,113,113,18,,Engine problem,,Cumilla,,,
shahjibazarg89,Gas,PDB,2*35,70,66,,,Unit-8 Under maint.,,Sylhet,,,
shahjahanulla25,Gas,"SIPP, REB",3*9.34,25,25,,,Machine problem,,Sylhet,,,
khulna115kpcl2,HFO,NENP,7*17,115,115,,5,Engine problem,,Khulna,,,
bheramara410,Gas,NWPGCL,1*278+1*132,410,410,10,,Gas shortage,,Khulna,,,
sirajgonj2252,Gas/HSD,NWPGCL,1*150+1*75,220,220,10,,Gas shortage,,Rajshahi,,,
meghnaghatsummit,Gas,IPP,2*110+1*110,305,305,65,,Gas shortage,,Dhaka,,,
chandpur150,Gas,PDB,1*106+1*57,163,163,71,,Gas shortage,,Cumilla,,,
bhairob545,HFO,IPP,3*18.2,54,54,,36,33 kV feeder fault,,Cumilla,,,
jamalpur95powerpac,HFO,IPP,12*8.924,95,95,,30,Engine problem,,Mymensingh,,,
shahjibazarg89,Gas,PDB,2*35,70,66,,15,,,Sylhet,,,
bibianaii341summit,Gas,IPP,1*222+1*119,341,341,,,under S/D due to gas line maint.,,Sylhet,,,
anwara300ed,HFO,IPP,17*17+24,300,300,50,,Fuel shortage,,Chattogram,,,
shahjahanulla25,Gas,"SIPP, REB",3*9.34,25,25,3,,,,Sylhet,,,
rupsha105orionrupsha,HFO,IPP,6*18.445,105,105,,35,,,Khulna,,,
bhola225,Gas,PDB,2*63+1*68,194,194,,69,ST Under maint.,,Barisal,,,
rangpur113confidence,HFO,IPP,9*6.984+7*7.015+3.15*2,113,113,6,,,,Rangpur,,,
kodda3002summit,HFO,IPP,18*17.076,300,300,135,,Fuel shortage,,Dhaka,,,
ashuganj420east,Gas,APSCL,284*1+116*1,400,400,70,,Gas shortage,,Cumilla,,,
sylhet225,Gas,PDB,1*142+1*89,231,231,,,Under maint.,2023-03-06 00:00:00,Sylhet,,,
bholanutanbiddutbd,Gas,IPP,220,220,220,,,Machine problem,,Barisal,,,
meghnaghat100iel,HFO,NENP,12*8.9,100,100,,68,Engine problem,,Dhaka,,,
siddhirganj100dutchbangla,HFO,NENP,12*8.9,100,100,,0,Engine problem,,Dhaka,,,
bramhangoan100aggreko,HSD,IPP,114*0.959,100,100,50,,Fuel Shortage,,Dhaka,,,
juldah2acorn,HFO,IPP,8*13.6,100,100,,25,Engine problem,,Chattogram,,,
chowmuhani113,HFO,IPP,12*9.78+2*3.1,113,113,105,,Fuel shortage,,Cumilla,,,
rpcl210,Gas,IPP,4*35+1*70,210,202,12,,,,Mymensingh,,,
fenchugonjphase1,Gas,PDB,2*32+1*33,97,70,,38,Machine problem.,,Sylhet,,,
fenchugonj51barakatullah,Gas,RPP ,19*2.90,51,51,,51,Gas shortage,,Sylhet,,,
sylhet225,Gas,PDB,1*142+1*89,231,231,,,ST start up process,,Sylhet,,,
sirajgonj2252,Gas/HSD,NWPGCL,1*150+1*75,220,220,,,Running by HSD,,Rajshahi,,,
rangpur113confidence,HFO,IPP,9*6.984+7*7.015+3.15*2,113,113,,11,Engine problem,,Rangpur,,,
ghorasal3657,Gas,PDB,1*243+1*122,365,365,65,,Machine problem,,Dhaka,,,
siddhirganj335,Gas,EGCB,1*217+118,335,335,335,,Under maint.,,Dhaka,,,
aurahati100aggreko,HSD,IPP,0.85*23+0.95*91,100,100,,25,Engine problem,,Dhaka,,,
karnaphulihydro12345,Hydro,PDB,2*40+3*50,230,230,,81,Low Water Level ,,Chattogram,,,
chandpur150,Gas,PDB,1*106+1*57,163,163,,80,Machine problem,,Cumilla,,,
mymensingh200ed,HFO,IPP,9.78*21,200,200,60,,Fuel shortage,,Mymensingh,,,
noapara100banglatrac,HSD,IPP,70*1.4,100,100,,4,Engine problem,,Khulna,,,
katakhali50peaking,HFO,PDB,6*8.7,50,50,50,,Fuel shortage,,Rajshahi,,,
chapainawabganj100peaking,HFO,PDB,12*8.924,104,104,,20,Engine problem,,Rajshahi,,,
energypacpowerventurethakurgaon,HFO,IPP,115,115,115,,21,Fuel shortage,,Rangpur,,,
haripur412,Gas,EGCB,1*273+1*139,412,400,50,,Gas shortage,,Dhaka,,,
meghnaghat100iel,HFO,NENP,12*8.9,100,100,,8,Fuel shortage.,,Dhaka,,,
madanganj102summit,HFO,NENP,6*17,102,102,,20,Engine problem,,Dhaka,,,
kodda1491summit,HFO,IPP,8*18.45+8.97,149,149,54,,Fuel shortage,,Dhaka,,,
karnaphulihydro12345,Hydro,PDB,2*40+3*50,230,230,64,,Low water lavel,,Chattogram,,,
juldah1003acorn,HFO,IPP,8*13.5,100,100,48,,Fuel shortage,,Chattogram,,,
ashuganj55precision,Gas,QRPP,0,55,55,13,,Gas shortage,,Cumilla,,,
chandpur150,Gas,PDB,1*106+1*57,163,163,133,,Gas shortage,,Cumilla,,,
chandpur115doreen,HFO,IPP,4*18.5+2*22.5,115,115,,22,Engine problem,,Cumilla,,,
jamalpur115ed,HFO,IPP,9.78*12,115,115,45,,Fuel shortage,,Mymensingh,,,
fenchugonjphase2,Gas,PDB,2*35+1*35,104,90,,36,Machine problem,,Sylhet,,,
sylhet20g,Gas,PDB,1*20,20,20,8,,Gas shortage,,Sylhet,,,
bibianaii341summit,Gas,IPP,1*222+1*119,341,341,141,,Gas shortage,,Sylhet,,,
gopalganj100peaking,HFO,PDB,16*6.98,109,109,,56,Engine problem,,Khulna,,,
bheramara410,Gas,NWPGCL,1*278+1*132,410,410,95,,Gas shortage,,Khulna,,,
edpayrapower,HFO,IPP,8*18.5+1*9.5,150,150,96,,Fuel shortage.,,Barisal,,,
barisal307,Coal,IPP,307*1,307,307,157,,Coal shoratge,,Barisal,,,
barapukuria2753,Coal,PDB,1*275,274,274,,74,Machine problem,,Rangpur,,,
ghorasalrepowered3,Gas,PDB,1*210,210,170,,70,,,Dhaka,,,
karnaphulihydro12345,Hydro,PDB,2*40+3*50,230,230,103,,Low water level,,Chattogram,,,
ashuganj55precision,Gas,RPP ,15*4,55,55,47,,Gas shortage,,Cumilla,,,
jamalpur95powerpac,HFO,IPP,12*8.924,95,95,,78,Engine problem,,Mymensingh,,,
shajibazar330,Gas,PDB,3*110,330,330,,70,Machine problem,,Sylhet,,,
meghnaghat450mpl,Gas,IPP,2*150+1*150,450,450,,,Under maint.,,Dhaka,,,
gazipur100,HFO,RPCL,100 MW,105,105,,5,,,Dhaka,,,
rpcl210,Gas,IPP,4*35+1*70,210,202,1,,Gas shortage,,Mymensingh,,,
chapainawabganj100peaking,HFO,PDB,104,104,104,,13,Engine problem,,Rajshahi,,,
ghorasal5,Gas,PDB,1*210,210,190,15,,Gas shortage,,Dhaka,,,
kodda150,HFO,BPDB-RPCL,9*17.06,149,149,,-1,,,Dhaka,,,
kodda3002summit,HFO,IPP,18*17.076,300,300,,18,Engine problem.,,Dhaka,,,
ashuganj5,Gas,APSCL,1*150,150,134,4,,Gas shortage,,Cumilla,,,
rpcl210,Gas,IPP,4*35+1*70,210,202,,46,Machine problem.,,Mymensingh,,,
sirajgonj2252,Gas/HSD,NWPGCL,1*150+1*75,220,220,5,,Gas shortage,,Rajshahi,,,
santahar50peaking,HFO,PDB,6*8.7,50,50,,30,Engine problem,,Rajshahi,,,
ashuganj4,Gas,APSCL,1*150,150,129,4,,Gas shortage,,Cumilla,,,
rpcl210,Gas,IPP,4*35+1*70,210,202,43,,Gas shortage,,Mymensingh,,,
shajibazar330,Gas,PDB,3*110,330,330,,220,GT-1 Under maint,,Sylhet,,,
sylhet10desh,Gas,RPP ,6*1.95,10,10,,3,,,Sylhet,,,
sirajgonj2251,Gas/HSD,NWPGCL,1*150+1*75,210,210,66,,Gas shortage,,Rajshahi,,,
gazipur52,HFO,RPCL,6*8.9,52,52,0,,Fuel shortage,,Dhaka,,,
karnaphulihydro12345,Hydro,PDB,2*40+3*50,230,230,12,,,,Chattogram,,,
ashuganj150midland,HFO,IPP,23*7.015,150,150,,10,engine problem,,Cumilla,,,
chandpur150,Gas,PDB,1*106+1*57,163,163,153,,Gas shortage,,Cumilla,,,
ashuganj55precision,Gas,RPP ,15*4,55,55,3,,Gas shortage,,Cumilla,,,
mymensingh200ed,HFO,IPP,200,200,200,,24,Machine problem,,Mymensingh,,,
fenchugonjphase1,Gas,PDB,2*32+1*33,97,70,,,GT-1 under  maint.,,Sylhet,,,
fenchugonjphase2,Gas,PDB,2*35+1*35,104,90,,61,GT-4 under  maint.,,Sylhet,,,
bhola225,Gas,PDB,2*63+1*68,194,194,,111,GT-2 & ST Under maint.,,Barisal,,,
ghorashal108regent,Gas,IPP,34*3.35,108,108,38,,Machine problem,,Dhaka,,,
haripur412,Gas,EGCB,1*273+1*139,412,412,72,,Gas shortage,,Dhaka,,,
haripur360hpl,Gas,IPP,1*235+1*125,360,360,50,,Gas shortage,,Dhaka,,,
sylhet50epl,Gas,NENP,27*2,50,50,23,,Gas shortage,,Sylhet,,,
bogra22gbb,Gas,RPP ,6*4,22,22,,2,Machine problem,,Rajshahi,,,
chapainawabganj100peaking,HFO,PDB,12*8.924,104,104,37,,Fuel shortage,,Rajshahi,,,
ghorasal3657,Gas,PDB,1*243+1*122,365,365,,365,Under maint.,30/06/2019,Dhaka,,,
ghorashal785max,Gas,QRPP,2*40,78,78,8,,,,Dhaka,,,
haripur110nepc,HFO,IPP,8*15,110,110,,,Contract expired,,Dhaka,,,
210siddhirgonj,Gas,PDB, 1*210,210,115,115,,Gas shortage,,Dhaka,,,
karnaphulihydro12345,Hydro,PDB,2*40+3*50,230,230,,155,Low water lavel,,Chattogram,,,
sikalbaha60,Gas,PDB,1*60,60,40,,40,Under S/D,,Chattogram,,,
sikalbaha51engine,HFO,RPP ,4*12.5+2*11.9+1*3+1*1.5,51,51,,18,Engine problem,,Chattogram,,,
kaptai7solar,Solar,PDB,7.4 MW,0,0,,,,,Chattogram,,,
anwara300ed,HFO,United Group,300 MW,0,0,,,,,Chattogram,,,
ashuganj3,Gas,APSCL,1*150,150,135,10,,,,Cumilla,,,
ashuganj195apscled,Gas,IPP,20*9.73+1*16,195,195,5,,Gas shortage,,Cumilla,,,
ashuganj51midland,Gas,IPP,6*9.34,51,51,,11,Engine problem,,Cumilla,,,
jamalpur115ed,HFO,IPP,115 MW,115,115,,15,Engine problem,,Mymensingh,,,
bibiyanaiii400,Gas,PDB,285 MW,0,0,,,On test,,Sylhet,,,
khulna225,HSD,NWPGCL,1*150+1*75,230,230,,,St Under maint,,Khulna,,,
sirajgonj4004,Gas,SNWPGCL,1*282+1*132,414,414,,,,,Rajshahi,,,
ghorasal3657,Gas,PDB,1*243+1*122,365,365,365,,Machine problem,,Dhaka,,,
ghorashal108regent,Gas,IPP,34*3.35,108,108,,14,Engine problem,,Dhaka,,,
siddhirganj335,Gas,EGCB,1*217+118,335,335,,,FGMO,,Dhaka,,,
shajibazar330,Gas,PDB,3*110,330,330,,,Gas shortage,,Sylhet,,,
ashuganj450south,Gas,APSCL,1*360,360,360,,240,GT Only,,Cumilla,,,
karnaphulihydro12345,Hydro,PDB,2*40+3*50,230,230,127,,Low water level,,Chattogram,,,
ashuganj50,Gas,APSCL,14*3.968,53,45,7,,Gas Shortage,,Cumilla,,,
madanganj102summit,HFO,NENP,6*17,102,102,,17,Fuel shortage,,Dhaka,,,
madanganj55summit,HFO,IPP,3*17.08+1*11.3,55,55,5,,Fuel shortage,,Dhaka,,,
ashuganj225,Gas,APSCL,1*142+1*75,221,221,,21,ST Under maint.,,Cumilla,,,
ashuganj55precision,Gas,QRPP,0,55,55,4,,,,Cumilla,,,
fenchugonj51barakatullah,Gas,RPP ,19*2.90,51,51,,,gas shortage,,Sylhet,,,
fenchuganj44energyprima,Gas,NENP,12*3.3+5*2,50,50,,,gas shortage,,Sylhet,,,
sylhet225,Gas,PDB,1*142+1*89,231,231,,81,under maint,,Sylhet,,,
rampal1320bifpcl,Coal,NTPC&BPDB,660*2,617,617,,,Unit-2 On test,,Khulna,,,
bhola225,Gas,PDB,2*63+1*68,194,194,,54,ST Under maint.,,Barisal,,,
ghorasalrepowered4,Gas,PDB,1*210,210,180,20,,Gas shortage,,Dhaka,,,
keraniganj100powerpac,HFO,NENP,8*13.45,100,75,25,,Fuel shortage,,Dhaka,,,
siddhirganj100dutchbangla,HFO,NENP,12*8.9,100,100,,14,Engine problem,,Dhaka,,,
gazipur100,HFO,RPCL,6*17.5,105,105,5,,Fuel shortage,,Dhaka,,,
patenga50baraka,HFO,IPP,8*6.98,50,50,,,Fuel shortage,,Chattogram,,,
mirsharai150,Gas/HFO,BPDB-RPCL,18.5*9,163,163,29,,,,Chattogram,,,
chowmuhani113,HFO,IPP,12*9.78+2*3.1,113,113,84,,Fuel shortage,,Cumilla,,,
sirajgonj2253,Gas/HSD,NWPGCL,1*141,220,220,10,,,,Rajshahi,,,
ghorashal108regent,Gas,IPP,34*3.35,108,108,6,,Gas shortage,,Dhaka,,,
haripur412,Gas,EGCB,1*273+1*139,412,412,0,,,,Dhaka,,,
keraniganj100powerpac,HFO,QRPP,8*13.45,100,100,,65,Engine problem,,Dhaka,,,
karnaphulihydro12345,Hydro,PDB,2*40+3*50,230,230,120,,Unit 2  under maint.,,Chattogram,,,
jangalia52lakdanavi,HFO,IPP,6*8.92,52,52,,,Engine problem,,Cumilla,,,
shajibazar330,Gas,PDB,3*110,330,330,,199,GT-2 S/D ,,Sylhet,,,
ghorasal3657,Gas,PDB,1*243+1*122,365,365,85,,Machine problem,,Dhaka,,,
siddhirganj335,Gas,EGCB,1*217+118,335,335,,118,ST under S/D,,Dhaka,,,
bhola225,Gas,PDB,2*63+1*68,194,194,,68,GT-2  Under maint.,,Barisal,,,
siddhirganj335,Gas,EGCB,1*217,217,217,,47,,,Dhaka,,,
bosila108,HFO,IPP,12*8.775+1*3.5,108,108,,57,Engine problem,,Dhaka,,,
chattogramst1raozan,Gas,PDB,1*210,210,180,70,,Machine problem.,,Chattogram,,,
chittgongst2raozan,Gas,PDB,1*210,210,180,180,,Under maint,,Chattogram,,,
raozan25rpcl,HFO,IPP,3*8.9,25,25,,0,,,Chattogram,,,
kaptaihydro12345,Hydro,PDB,2*40+3*50,230,230,,150,Low water lavel,,Chattogram,,,
ashuganj195modular,Gas,IPP,20*9.73+1*16,195,195,77,,Gas Shortage,,Cumilla,,,
ashuganjmidland51,Gas,IPP,6*9.34,51,51,,6,Gas Shortage,,Cumilla,,,
chandpur,Gas,PDB,1*106+1*57,163,163,,63,,,Cumilla,,,
sylhetgt20,Gas,PDB,1*20,20,20,,20,under maint.,,Sylhet,,,
rajlanka52,HFO,IPP,52,52,52,,0,,,Rajshahi,,,
haripur412,Gas,EGCB,1*273+1*139,412,412,40,,Gas shortage,,Dhaka,,,
meghnaghat100iel,HFO,NENP,12*8.9,100,100,,17,Engine problem,,Dhaka,,,
gagnagar102digitalpower,HFO,IPP,12*8.924,102,102,,44,Engine problem,,Dhaka,,,
manikganj55northern,HFO,IPP,3*19.3,55,55,,0,Engine problem,,Dhaka,,,
ashuganj55precision,Gas,QRPP,15*4,55,55,35,,Gas shortae,,Cumilla,,,
ashuganj51midland,Gas,IPP,6*9.34,51,51,51,,Gas shortage,,Cumilla,,,
ashuganj150midland,HFO,IPP,23*7.015,150,150,83,,Fuel shortage,,Cumilla,,,
chandpur150,Gas,PDB,1*106+1*57,163,163,95,,Gas shortage.,,Cumilla,,,
fenilankapower,HFO,IPP,7*18.415+1*9.78,114,114,87,,Fuel shortage,,Cumilla,,,
sylhet225,Gas,PDB,1*142+1*89,231,231,67,,Gas shortage,,Sylhet,,,
bhola225,Gas,PDB,2*63+1*68,194,194,,44,Machine problem,,Barisal,,,
sirajgonj4004,Gas/HSD,SNWPGCL,1*282+1*132,414,414,159,,Gas shortage,,Rajshahi,,,
baghabari200paramount,HSD,IPP,135*1.6,200,200,190,,Fuel shortage,,Rajshahi,,,
patenga50baraka,HFO,IPP,8*6.98,50,50,,0,,,Chattogram,,,
karnaphulihydro12345,Hydro,PDB,2*40+3*50,230,230,,154,Low Water Level ,,Chattogram,,,
ashuganj225,Gas,APSCL,1*142+1*75,221,221,106,,Gas shortage,,Cumilla,,,
ashuganj450north,Gas,APSCL,1*360,360,360,100,,"ST under maint, Gas shortage",,Cumilla,,,
ashuganj195apscled,Gas,IPP,20*9.73+1*16,195,195,,195,Gas shortage,,Cumilla,,,
chandpur150,Gas,PDB,1*106+1*57,163,163,,163,Under maintenance,2022-01-21 00:00:00,Cumilla,,,
shajibazar330,Gas,PDB,3*110,330,330,,170,GT-2 & ST under S/D due to gas,,Sylhet,,,
natore52rajlanka,HFO,IPP,52,52,52,,0,,,Rajshahi,,,
ashuganj225,Gas,APSCL,1*142+1*75,221,221,,1,,,Cumilla,,,
chandpur150,Gas,PDB,1*106+1*57,163,163,,113, Gas shortage & ST under maint.,,Cumilla,,,
fenchugonjphase2,Gas,PDB,2*35+1*35,104,90,,68,Engine problem,,Sylhet,,,
shajibazar330,Gas,PDB,3*110,330,330,,230,GT-2 & ST under maint.,,Sylhet,,,
sylhet225,Gas,PDB,1*142+1*89,231,231,,131,,,Sylhet,,,
siddhirgonj2120g,Gas,EGCB, 2*105,210,210,,110,GT-2 Under maint,,Dhaka,,,
siddhirganj100dutchbangla,HFO,NENP,12*8.9,100,100,55,,Fuel shortage,,Dhaka,,,
gagnagar102digitalpower,HFO,IPP,12*8.924,102,102,78,,Fuel shortage,,Dhaka,,,
juldah1001acorn,HFO,NENP,8*13.45,100,100,22,,Fuel shortage,,Chattogram,,,
juldah1003acorn,HFO,IPP,8*13.5,100,100,25,,Fuel shortage,,Chattogram,,,
karnaphulipower,HFO,IPP,18.415*6+6.5,110,110,,56,Fuel shortage,,Chattogram,,,
ashuganj195apscled,Gas,IPP,20*9.73+1*16,195,195,3,,,,Cumilla,,,
sylhet225,Gas,PDB,1*142+1*89,231,231,,21,ST under maint.,,Sylhet,,,
rampal1320bifpcl,Coal,NTPC&BPDB,660*2,617,617,287,,Coal Shortage.,,Khulna,,,
bhola225,Gas,PDB,2*63+1*68,194,194,,,Gas shortage,,Barisal,,,
payra1320,Coal,BCPCL,2*622,1244,1244,622,,Coal Shortage.,,Barisal,,,
rupganj33summit,Gas,"SIPP,REB",4*8.73,33,33,11,,Gas shortage,,Dhaka,,,
titas50peaking,HFO,PDB,6*8.92,52,52,,,Under Maint.,,Cumilla,,,
chandpur200deshenergy,HFO,IPP,12*18.4,200,200,164,,Fuel shortage,,Cumilla,,,
sylhet225,Gas,PDB,1*142+1*89,231,231,,50,Machine problem,,Sylhet,,,
bibiyanasouth400,Gas,PDB,400 MW,383,383,,128,ST Under maint.,,Sylhet,,,
noapara40khanjahanali,HFO,NENP,5*8.5,40,40,0,,,,Khulna,,,
meghnaghat100iel,HFO,NENP,12*8.9,100,100,85,,Fuel shortage,,Dhaka,,,
baghabari200paramount,HSD,IPP,135*1.6,200,200,200,,Contract Expired,,Rajshahi,,,
kodda1491summit,HFO,IPP,8*18.45+8.97,149,149,,0,Fuel shortage,,Dhaka,,,
karnaphulihydro12345,Hydro,PDB,2*40+3*50,230,230,,54,,,Chattogram,,,
matarbari2600cpgcl,Coal,CPGCL,2*575,1150,1150,730,,Coal shortage,,Chattogram,,,
rpcl210,Gas,IPP,4*35+1*70,210,202,198,,Gas shortage,,Mymensingh,,,
fenchugonjphase2,Gas,PDB,2*35+1*35,104,90,,68,Under maint,,Sylhet,,,
fenchuganj44energyprima,Gas,NENP,12*3.3+5*2,50,50,17,,Gas shortage,,Sylhet,,,
sspoweri,Coal,IPP,2*612,1224,1224,612,,Unit-2 under maint,,Chattogram,,,
ashuganj55precision,Gas,NENP,0,55,55,30,,Gas shortage,,Cumilla,,,
shahjibazarg89,Gas,PDB,2*35,70,66,34,,Gas shortage,,Sylhet,,,
bheramara410,Gas,NWPGCL,1*278+1*132,410,410,,230,,,Khulna,,,
bhola33venture,Gas,NENP,1*34.50,40,10,,4,Engine problem,,Barisal,,,
payra1320,Coal,BCPCL,2*622,1244,1244,,,Gopalganj(N)-Payara 400 kV ckt-1 & 2 S/D,,Barisal,,,
sirajgonj2252,Gas/HSD,NWPGCL,1*150+1*75,220,220,20,,,,Rajshahi,,,
barapukuria1,Coal,PDB,1*125,125,85,,11,Machine problem,,Rangpur,,,
ghorasal3657,Gas,PDB,1*243+1*122,365,365,,365,,,Dhaka,,,
haripur412,Gas,EGCB,1*273+1*139,412,412,,412,Dust in gas.,,Dhaka,,,
ghorashal785max,Gas,QRPP,2*40,78,78,,8,Engine problem,,Dhaka,,,
bibiyanaiii400,Gas,PDB,285 MW,285,285,,285,Under S/D,,Sylhet,,,
keraniganj100powerpac,HFO,QRPP,8*13.45,100,100,,88,Engine problem,,Dhaka,,,
shajibazar330,Gas,PDB,3*110,330,330,,80,Machine problem,,Sylhet,,,
bheramara410,Gas,NWPGCL,1*278+1*132,410,410,105,,Gas shortage,,Khulna,,,
bosila108clc,HFO,IPP,12*8.775+1*3.5,108,108,,65,Engine problem,,Dhaka,,,
cumilla25summit,Gas,"SIPP, PDB",3*3.67+2*6.97,25,25,,10,Engine problem,,Cumilla,,,
shajibazar330,Gas,PDB,3*110,330,330,,176,GT-2 Under maint.,,Sylhet,,,
shahjibazar50epl,Gas,RPP,27*2.0,50,50,,7,Engine problem,,Sylhet,,,
madhumati100,HFO,IPP,100 MW,105,105,,15,Engine problem,,Khulna,,,
bagura113confidence,HFO,IPP,113 MW,113,113,,23,Engine problem,,Rajshahi,,,
ghorasal12,Gas,PDB,2*55,110,85,,50,Unit-1 under maint.,,Dhaka,,,
bogra22gbb,Gas,RPP ,6*4,22,22,,6,Engine problem,,Rajshahi,,,
ghorashal108regent,Gas,IPP,34*3.35,108,108,8,,Gas shortage,,Dhaka,,,
karnaphulihydro12345,Hydro,PDB,2*40+3*50,230,230,,160,Unit 2 & 5  under maint.,,Chattogram,,,
keraniganj100powerpac,HFO,QRPP,8*13.45,100,20,,28,Engine problem,,Dhaka,,,
siddhirgonj2120g,Gas,EGCB, 2*105,210,210,110,,,,Dhaka,,,
gazipur52,HFO,RPCL,6*8.9,52,52,,,Fuel shortage,,Dhaka,,,
kodda3002summit,HFO,IPP,18*17.076,300,300,152,,Fuel shortage,,Dhaka,,,
ashuganj225,Gas,APSCL,1*142+1*75,221,221,,,ST Under maint.,,Cumilla,,,
ashuganj450south,Gas,APSCL,1*360,360,360,85,,Gas shortage,,Cumilla,,,
ashuganj420east,Gas,APSCL,284*1+116*1,400,400,180,,Gas shortage,,Cumilla,,,
chandpur115doreen,HFO,IPP,4*18.5+2*22.5,115,115,38,,Fuel shortage,,Cumilla,,,
sylhet225,Gas,PDB,1*142+1*89,231,231,,20,Machine problem,,Sylhet,,,
bibiyanaiii400,Gas,PDB,285*1+134*1,400,400,,50,Machine problem,,Sylhet,,,
khulna225,HSD,NWPGCL,1*150+1*75,230,230,70,,,,Khulna,,,
bhola225,Gas,PDB,2*63+1*68,194,194,,19,Machine problem,,Barisal,,,
amnura50sinha,HFO,QRPP,7*7.79,50,28,,,Engine problem,,Rajshahi,,,
madanganj55summit,HFO,IPP,3*17.08+1*11.3,55,55,35,,Fuel shortage,,Dhaka,,,
patenga50baraka,HFO,IPP,8*6.98,50,50,,6,Fuel shortage,,Chattogram,,,
kushiara163kp,Gas,IPP,1*109+1*54,163,163,163,,ST Under maint,,Sylhet,,,
fenchugonj51barakatullah,Gas,RPP ,19*2.90,51,51,-2,,,,Sylhet,,,
sylhet225,Gas,PDB,1*142+1*89,231,231,,101,Engine problem,,Sylhet,,,
payra1320,Coal,BCPCL,2*622,1244,1244,,844,Unit-2 U/M & Rampal Test,,Barisal,,,
bholanutanbiddutbd,Gas,IPP,220,220,220,,110,Engine problem,,Barisal,,,
sirajgonj2252,Gas/HSD,NWPGCL,1*150+1*75,220,220,,177,Machine problem,,Rajshahi,,,
bagura113confidence2,HFO,IPP,6*18.55+7.2,113,113,,18,Fuel shortage,,Rajshahi,,,
meghnaghatsummit,Gas,IPP,2*110+1*110,305,305,70,,Gas shortage,,Dhaka,,,
jamalpur95powerpac,HFO,IPP,12*8.924,95,95,,18,Engine problem,,Mymensingh,,,
shajibazar330,Gas,PDB,3*110,330,330,,180,Machine problem,,Sylhet,,,
sylhet225,Gas,PDB,1*142+1*89,231,231,,81,ST Under maint,,Sylhet,,,
gopalganj100peaking,HFO,PDB,16*6.98,109,109,,49,,,Khulna,,,
mirsharai150,HFO,BPDB-RPCL,18.5*9,163,163,19,,Fuel shortage,,Chattogram,,,
ashuganj55precision,Gas,QRPP,0,55,55,48,,,,Cumilla,,,
jamalpur115ed,HFO,IPP,9.78*12,115,115,96,,Fuel shortage,,Mymensingh,,,
fenchugonj51barakatullah,Gas,RPP ,19*2.90,51,51,36,,,,Sylhet,,,
fenchuganj44energyprima,Gas,NENP,12*3.3+5*2,50,50,50,,Gas,,Sylhet,,,
khulna115kpcl2,HFO,NENP,7*17,115,115,100,,Fuel shortage,,Khulna,,,
ghorasalrepowered4,Gas,PDB,1*210,210,180,,100,Under maint,,Dhaka,,,
madanganj102summit,HFO,QRPP ,6*17,102,100,,16,Engine problem,,Dhaka,,,
fenchugonjphase1,Gas,PDB,2*32+1*33,97,70,,70,Under maint,,Sylhet,,,
ghorasal12,Gas,PDB,2*55,110,85,15,,Gas shortage,,Dhaka,,,
ghorashal108regent,Gas,IPP,34*3.35,108,108,,18,Machine problem,,Dhaka,,,
meghnaghat450mpl,Gas,IPP,2*150+1*150,450,450,,90,Machine problem,,Dhaka,,,
ghorasalst12,Gas,PDB,2*55,110,85,,,Unit-1 under maint.,,Dhaka,,,
ghorashal78max,Gas,QRPP,2*40,78,78,,,Gas shortage,,Dhaka,,,
ashuganj195modular,Gas,IPP,20*9.73+1*16,195,195,85,,Gas Shortage,,Cumilla,,,
chandpur,Gas,PDB,1*106+1*57,163,163,,163, Under maint.,2019-09-04 00:00:00,Cumilla,,,
bheramara360,Gas,NWPGCL,1*278+1*132,410,410,,,Under maint.,,Khulna,,,
sirajgonj3225,Gas/HSD,NWPGCL,1*141,220,220,220,,Gas shortage,,Rajshahi,,,
barapukuria3,Coal,PDB,1*275,274,274,74,,Coal shortage,,Rangpur,,,
siddhirganj335,Gas,EGCB,1*217+118,335,335,,105,Machine problem,,Dhaka,,,
juldah2,HFO,IPP,8*13.6,100,100,,,,,Chattogram,,,
payra1320,Coal,NWPGCL,1*622,622,622,,,Under maintenance,,Barisal,,,
narshingdi22doreen,Gas,"SIPP, REB",8*2.90,22,22,,0,,,Dhaka,,,
patenga50baraka,HFO,IPP,8*6.98,50,50,10,,,,Chattogram,,,
juldah1003acorn,HFO,IPP,8*13.5,100,100,10,,Fuel shortage,,Chattogram,,,
ashuganj195apscled,Gas,IPP,20*9.73+1*16,195,195,27,,Gas shortage,,Cumilla,,,
chowmuhani113,HFO,IPP,12*9.78+2*3.1,113,113,8,,Fuel shortage,,Cumilla,,,
fenchuganj44energyprima,Gas,NENP,12*3.3+5*2,50,50,,,Gas line problem.,,Sylhet,,,
chapainawabganj100peaking,HFO,PDB,12*8.924,104,104,,14,Fuel shortage,,Rajshahi,,,
barapukuria1,Coal,PDB,1*125,125,85,12,,Coal Shortage.,,Rangpur,,,
rangpur113confidence,HFO,IPP,9*6.984+7*7.015+3.15*2,113,113,,6,Engine problem,,Rangpur,,,
dohazarikalaish100peaking,HFO,PDB,6*17,102,102,,18,Fuel shortage,,Chattogram,,,
anlimaenergy,HFO,IPP,6*21.2,116,116,,26,Fuel shortage,,Chattogram,,,
bibiyanasouth400,Gas,PDB,400 MW,383,383,,,ST Under maint,,Sylhet,,,
barapukuria2753,Coal,PDB,1*275,274,274,,49,,,Rangpur,,,
meghnaghatsummit,Gas,IPP,2*110+1*110,305,305,165,,FGMO & GT-2 S/D due to gas shortage.,,Dhaka,,,
karnaphulihydro12345,Hydro,PDB,2*40+3*50,230,230,,150,"Low Water Level & Unit 2 & 4,5  U/M.",,Chattogram,,,
bhola95aggreko,Gas,QRPP,96*1.10,95,95,23,,Gas shortage,,Barisal,,,
barapukuria2753,Coal,PDB,1*275,274,274,134,,Coal shortage,,Rangpur,,,
haripur412,Gas,EGCB,1*273+1*139,412,412,,112,,2021-07-02 00:00:00,Dhaka,,,
ashuganj450north,Gas,APSCL,1*360,360,360,345,,Gas shortage,,Cumilla,,,
ghorasalst5,Gas,PDB,1*210,210,190,,70,,,Dhaka,,,
ghorashal78max,Gas,QRPP,2*40,78,78,43,,Gas shortage,,Dhaka,,,
haripurgt12,Gas,"SBU, PDB",2*32,64,40,20,,Gas shortage,,Dhaka,,,
kaptaihydro12345,Hydro,PDB,2*40+3*50,230,230,,156,Low water lavel,,Chattogram,,,
sikalbahaenergis,HFO,RPP ,4*12.5+2*11.9+1*3+1*1.5,51,51,,10,,,Chattogram,,,
meghnaghatsummit,Gas,IPP,2*110+1*110,305,305,,150,GT-2 Under maint.,,Dhaka,,,
chandpur150,Gas,PDB,1*106+1*57,163,163,,68,ST under maint and gas shortage,,Cumilla,,,
amnura50sinha,HFO,QRPP,7*7.79,50,50,,7,Engine problem,,Rajshahi,,,
sirajgonj4004,Gas/HSD,SNWPGCL,1*282+1*132,414,414,,414,Under maint.,,Rajshahi,,,
kanchanpurbachalpowergeneration,HFO,IPP,18.4*3,55,55,29,,Fuel shortage,,Dhaka,,,
chowmuhani113,HFO,IPP,12*9.78+2*3.1,113,113,,,on test,,Cumilla,,,
karnaphulihydro12345,Hydro,PDB,2*40+3*50,230,230,62,,Low water level & Unit-2 S/D,,Chattogram,,,
dohazarikalaish100peaking,HFO,PDB,6*17,102,102,,0,,,Chattogram,,,
meghnaghat450mpl,Gas,IPP,2*150+1*150,450,450,,225,GT-1 Under maint.,,Dhaka,,,
shahjibazar86shahjibazar,Gas,RPP ,32*2.90,86,86,15,,Gas shortage,,Sylhet,,,
barapukuria2753,Coal,PDB,1*275,274,274,,74,Under maint.,,Rangpur,,,
meghnaghat100iel,HFO,NENP,12*8.9,100,100,,20,Fuel shortage.,,Dhaka,,,
sikalbaha105barakasikalbaha,HFO,IPP,6*17.5,105,105,54,,Fuel Shortage,,Chattogram,,,
juldah1003acorn,HFO,IPP,8*13.5,100,100,26,,Fuel shortage,,Chattogram,,,
chowmuhani113,HFO,IPP,12*9.78+2*3.1,113,113,,21,Engine problem,,Cumilla,,,
fenchugonjphase1,Gas,PDB,2*32+1*33,97,70,,45,Machine problem.,,Sylhet,,,
bera70peaking,HFO,PDB,9*8.29,71,71,,60,Engine problem,,Rajshahi,,,
adanipowerjharkhanda,Coal,Imported power,748*2,1496,1496,,748,Unit-2 Under maint.,,Rajshahi,,,
meghnaghat450mpl,Gas,IPP,2*150+1*150,450,450,,,Under S/D,,Dhaka,,,
meghnaghatsummit,Gas,IPP,2*110+1*110,335,335,60,,,,Dhaka,,,
karnaphulihydro12345,Hydro,PDB,2*40+3*50,230,230,,31,Machine problem,,Chattogram,,,
hathazari100peaking,HFO,PDB,11*8.9,98,98,35,,Fuel shortage,,Chattogram,,,
anwara300ed,HFO,IPP,17*17+24,300,300,,20,Engine problem,,Chattogram,,,
chowmuhani113,HFO,IPP,12*9.78+2*3.1,113,113,62,,Fuel shortage,,Cumilla,,,
bhola225,Gas,PDB,2*63+1*68,194,194,,59,ST under maint.,,Barisal,,,
barisal307,Coal,IPP,307*1,307,307,27,,Coal shortage,,Barisal,,,
katakhali50northern,HFO,QRPP,6*8.9,50,50,8,,Engine problem,,Rajshahi,,,
katakhali50peaking,HFO,PDB,6*8.7,50,50,10,,Engine problem,,Rajshahi,,,
adanipowerjharkhanda,Coal,Imported power,748*2,1496,1496,964,,Coal shortage,,Rajshahi,,,
shajibazar330,Gas,PDB,3*110,330,330,,110,GT-2 shut down.,,Sylhet,,,
bhola225,Gas,PDB,2*63+1*68,194,194,,68,GT-1 under maint.,,Barisal,,,
sirajgonj2251,Gas/HSD,NWPGCL,1*150+1*75,210,210,70,,Gas Shortage,,Rajshahi,,,
fenchugonjphase1,Gas,PDB,2*32+1*33,97,70,,32,GT-1 FGMO & GT-2 under S/D.,,Sylhet,,,
shajibazar330,Gas,PDB,3*110,330,330,178,,GT-2 under shut down for gas shortage,,Sylhet,,,
amnura50sinha,HFO,QRPP,7*7.79,50,50,,16,Engine problem,,Rajshahi,,,
karnaphulihydro12345,Hydro,PDB,2*40+3*50,230,230,,230,Low Water Level ,,Chattogram,,,
hathazari100peaking,HFO,PDB,11*8.9,98,98,,55,Engine problem,,Chattogram,,,
madanganj102summit,HFO,NENP,6*17,102,102,102,,Fuel shortage,,Dhaka,,,
sylhet225,Gas,PDB,1*142+1*89,231,231,,91,Machine problem,,Sylhet,,,
payra1320,Coal,BCPCL,2*622,1244,1244,,94,,,Barisal,,,
sirajgonj2253,Gas/HSD,NWPGCL,1*141,220,220,,10,Gas shortage,,Rajshahi,,,
sirajgonj4004,Gas/HSD,SNWPGCL,1*282+1*132,414,414,-6,,Gas shortage,,Rajshahi,,,
summitpowermadhabdiashulia,Gas,"SIPP,REB",3*3.67+4*8.73,80,80,,53,Engine problem,,Dhaka,,,
rupganj33summit,Gas,"SIPP,REB",4*8.73,33,33,,14,Engine problem,,Dhaka,,,
meghnaghat104opcl,HFO,IPP,18.5*6,104,104,36,,Fuel shortage,,Dhaka,,,
juldah1001acorn,HFO,NENP,8*13.45,100,100,70,,Fuel shortage,,Chattogram,,,
bhola33venture,Gas,NENP,1*34.50,40,10,,10,Engine problem,,Barisal,,,
confidencepowerbogura1113,HFO,IPP,6*18.55,113,113,55,,Fuel shortage,,Rajshahi,,,
energypacpowerventurethakurgaon,HFO,IPP,115,115,115,21,,Fuel shortage,,Rangpur,,,
haripur412,Gas,EGCB,1*273+1*139,412,412,412,,Under maint.,,Dhaka,,,
siddhirganj335,Gas,EGCB,1*217+118,335,335,,,DCT,,Dhaka,,,
chandpur150,Gas,PDB,1*106+1*57,163,163,,23,,,Cumilla,,,
chandpur200deshenergy,HFO,IPP,0,200,200,,15,Engine problem,,Cumilla,,,
rpcl210,Gas,IPP,4*35+1*70,210,202,48,,Gas shortage,,Mymensingh,,,
tangail22doreen,Gas,"SIPP, PDB",8*2.90,22,22,,2,,,Mymensingh,,,
bera70peaking,HFO,PDB,9*8.29,71,71,,20,Engine problem,,Rajshahi,,,
ghorashal108regent,Gas,IPP,34*3.35,108,108,24,,Gas shortage,,Dhaka,,,
meghnaghat100iel,HFO,NENP,12*8.9,100,100,,,Line shut down,,Dhaka,,,
meghnaghatsummit,Gas,IPP,2*110+1*110,335,335,45,,FGMO,,Dhaka,,,
ashuganj225,Gas,APSCL,1*142+1*75,221,221,11,,FGMO,,Cumilla,,,
ashuganj55precision,Gas,QRPP,15*4,55,55,0,,FGMO,,Cumilla,,,
mymensingh200ed,HFO,IPP,9.78*21,200,200,36,,Fuel shortage,,Mymensingh,,,
kushiara163kp,Gas,IPP,1*109+1*54,163,163,,54,ST U/M.,,Sylhet,,,
sylhet225,Gas,PDB,1*142+1*89,231,231,,,DP High,,Sylhet,,,
rupsha105orionrupsha,HFO,IPP,6*18.445,105,105,65,,Fuel shortage,,Khulna,,,
bagura113confidence2,HFO,IPP,6*18.55+7.2,113,113,,0,Engine problem,,Rajshahi,,,
kodda3002summit,HFO,IPP,18*17.076,300,300,20,,Fuel shortage,,Dhaka,,,
kanchanpurbachalpowergeneration,HFO,IPP,18.4*3,55,55,,33,Fuel shortage,,Dhaka,,,
matarbari2600cpgcl,Coal,CPGCL,2*575,1150,1150,940,,Coal shortage,,Chattogram,,,
ashuganj150midland,HFO,IPP,23*7.015,150,150,10,,Fuel shortage,,Cumilla,,,
rpcl210,Gas,IPP,4*35+1*70,210,202,176,,Gas shortage,,Mymensingh,,,
ashuganj420east,Gas,APSCL,284*1+116*1,400,400,5,,,,Cumilla,,,
ashuganj195apscled,Gas,IPP,20*9.73+1*16,195,195,93,,Gas shortage,,Cumilla,,,
shajibazar330,Gas,PDB,3*110,330,330,,167,GT-2 under maint.,,Sylhet,,,
ghorasal3657,Gas,PDB,1*243+1*122,365,365,,365,Machine problem.,,Dhaka,,,
siddhirgonj2120g,Gas,EGCB, 2*105,210,210,210,,,,Dhaka,,,
karnaphulihydro12345,Hydro,PDB,2*40+3*50,230,230,66,,Low water level  & #2 under maint.,,Chattogram,,,
fenilankapower,HFO,IPP,7*18.415+1*9.78,114,114,,0,,,Cumilla,,,
mymensingh200ed,HFO,IPP,200,200,200,,50,Engine problem,,Mymensingh,,,
shahjahanulla25,Gas,"SIPP, REB",3*9.34,25,25,,1,,,Sylhet,,,
amnura50sinha,HFO,QRPP,7*7.79,50,50,50,,Engine problem,,Rajshahi,,,
sirajgonj2253,Gas/HSD,NWPGCL,1*141,220,220,,,under maint,,Rajshahi,,,
karnaphulihydro12345,Hydro,PDB,2*40+3*50,230,230,,10,,,Chattogram,,,
siddhirgonj2120g,Gas,EGCB, 2*105,210,210,,210,GT-1 Under maint,,Dhaka,,,
siddhirganj335,Gas,EGCB,1*217+118,335,335,,135,ST under S/D,,Dhaka,,,
patenga50baraka,HFO,IPP,8*6.98,50,50,11,,Fuel shortage,,Chattogram,,,
barabkunda22regent,Gas,"SIPP, PDB",8*2.90,22,22,14,,Gas shortage,,Chattogram,,,
sirajgonj2251,Gas/HSD,NWPGCL,1*150+1*75,210,210,46,,Gas shortage,,Rajshahi,,,
sirajgonj2253,Gas/HSD,NWPGCL,1*141,220,220,78,,Gas shortage,,Rajshahi,,,
sirajgonj4004,Gas/HSD,SNWPGCL,1*282+1*132,414,414,69,,Gas shortage,,Rajshahi,,,
chattogram1,Gas,PDB,1*210,210,180,180,,Contract Expired,,Chattogram,,,
patenga50baraka,HFO,IPP,8*6.98,50,50,,25,33 kV line problem,,Chattogram,,,
ashuganj195apscled,Gas,IPP,20*9.73+1*16,195,195,,195,Under maint.,,Cumilla,,,
fenchugonjphase2,Gas,PDB,2*35+1*35,104,90,,70,GT-4 under maint.,,Sylhet,,,
shajibazar330,Gas,PDB,3*110,330,330,,190,GT-2 & ST under S/D due to gas,,Sylhet,,,
sylhet225,Gas,PDB,1*142+1*89,231,231,,181,Machine problem,,Sylhet,,,
haripur360hpl,Gas,IPP,1*235+1*125,360,360,45,,Gas shortage,,Dhaka,,,
kodda3002summit,HFO,IPP,18*17.076,300,300,,70,Engine problem,,Dhaka,,,
bramhangoan100aggreko,HSD,IPP,114*0.959,100,100,40,,Fuel conservation,,Dhaka,,,
aurahati100aggreko,HSD,IPP,0.85*23+0.95*91,100,100,40,,Fuel conservation,,Dhaka,,,
meghnaghat104opcl,HFO,IPP,18.5*6,104,104,43,,Fuel shortage,,Dhaka,,,
karnaphulihydro12345,Hydro,PDB,2*40+3*50,230,230,150,,Low Water Level ,,Chattogram,,,
sikalbaha105barakasikalbaha,HFO,IPP,6*17.5,105,105,,18,Engine problem,,Chattogram,,,
juldah1003acorn,HFO,IPP,8*13.5,100,100,60,,Fuel shortage,,Chattogram,,,
anwara300ed,HFO,IPP,17*17+24,300,300,,40,Engine problem,,Chattogram,,,
ashuganj50,Gas,APSCL,14*3.968,53,45,40,,,,Cumilla,,,
ashuganj55precision,Gas,QRPP,15*4,55,55,50,,,,Cumilla,,,
ashuganj150midland,HFO,IPP,23*7.015,150,150,58,,Fuel shortage,,Cumilla,,,
chandpur150,Gas,PDB,1*106+1*57,163,163,123,,Gas shortage.,,Cumilla,,,
cumilla25summit,Gas,"SIPP, REB",3*3.67+2*6.97,25,25,,16,Engine problem,,Cumilla,,,
chowmuhani113,HFO,IPP,12*9.78+2*3.1,113,113,,7,Engine problem,,Cumilla,,,
tangail22doreen,Gas,"SIPP, PDB",8*2.90,22,22,,12,Gas shortage,,Mymensingh,,,
jamalpur115ed,HFO,IPP,9.78*12,115,115,,30,Engine problem,,Mymensingh,,,
sylhet225,Gas,PDB,1*142+1*89,231,231,,91,Under maint,,Sylhet,,,
khulna115kpcl2,HFO,NENP,7*17,115,115,31,,Fuel shortage,,Khulna,,,
gopalganj100peaking,HFO,PDB,16*6.98,109,109,,22,Fuel shortage,,Khulna,,,
bagura113confidence2,HFO,IPP,6*18.55+7.2,113,113,,,High voltage,,Rajshahi,,,
barapukuria1,Coal,PDB,1*125,125,85,0,,Coal shortage,,Rangpur,,,
siddhirganj335,Gas,EGCB,1*217,217,217,335,,Gas shortage,,Dhaka,,,
patenga50,HFO,IPP,8*6.98,50,50,,4,Engine problem,,Chattogram,,,
sikalbahaenergis,HFO,RPP ,4*12.5+2*11.9+1*3+1*1.5,51,51,,51,Under S/D ,,Chattogram,,,
ashuganjenginestsk,Gas,APSCL,14*3.968,53,45,22,,Gas Shortage,,Cumilla,,,
ashuganj195modular,Gas,IPP,20*9.73+1*16,195,195,70,,Gas shortage,,Cumilla,,,
jamalpur95,HFO,IPP,12*8.924,95,95,,2,,,Mymensingh,,,
shahjibazarepl50,Gas,RPP,27*2.0,50,50,,6,Engine problem,,Sylhet,,,
baghabarigt71,Gas,PDB,1*71,71,71,71,,Gas shortage,,Rajshahi,,,
barapukuria2,Coal,PDB,1*125,125,85,,85,Under maintenance,,Rangpur,,,
haripur412,Gas,EGCB,1*273+1*139,412,412,,,Dirty fuel(Gas),,Dhaka,,,
haripur360hpl,Gas,IPP,1*235+1*125,360,360,,,Dirty fuel(Gas),,Dhaka,,,
meghnaghat450mpl,Gas,IPP,2*150+1*150,450,450,,,Dirty fuel(Gas),,Dhaka,,,
bibiyanasouth400,Gas,PDB,400 MW,383,383,,,On Test,,Sylhet,,,
payra1320,Coal,BCPCL,1*622,622,622,,,Under S/D,,Barisal,,,
barisalg12,HSD,PDB,,,,,,,,Barisal,,,
ashuganj450north,Gas,APSCL,1*360,360,360,100,,ST Sync. process,,Cumilla,,,
chandpur150,Gas,PDB,1*106+1*57,163,163,,28,ST under maint ,,Cumilla,,,
rpcl210,Gas,IPP,4*35+1*70,210,202,67,,Gas shortage,,Mymensingh,,,
shajibazar330,Gas,PDB,3*110,330,330,,168,GT-2  under S/D due to gas,,Sylhet,,,
bhola95aggreko,Gas,QRPP,96*1.10,95,95,19,,,,Barisal,,,
bholanutanbiddutbd,Gas,IPP,220,220,220,,220,,,Barisal,,,
gagnagar102digitalpower,HFO,IPP,12*8.924,102,102,2,,,,Dhaka,,,
rupganj33summit,Gas,"SIPP,REB",4*8.73,33,33,,20,Engine problem,,Dhaka,,,
meghnaghat104opcl,HFO,IPP,18.5*6,104,104,52,,Lub Oil problem,,Dhaka,,,
bibiyanaiii400,Gas,PDB,285*1+134*1,400,400,,120,ST Under maint.,,Sylhet,,,
ullapara11summit,Gas,"SIPP, REB",4*2.90,11,11,,0,Engine problem,,Rajshahi,,,
adanipowerjharkhanda,Coal,Imported power,748*2,1496,1496,,,Unit-2 S/D.,,Rajshahi,,,
ghorasal3657,Gas,PDB,1*243+1*122,365,365,,15,,,Dhaka,,,
ashuganj225,Gas,APSCL,1*142+1*75,221,221,,,Under maint.,,Cumilla,,,
meghnaghat104opcl,HFO,IPP,18.5*6,104,104,97,,Fuel shortage,,Dhaka,,,
sikalbaha225,Gas/HSD,PDB,1*150+1*175,225,225,,,Gas Shortage,,Chattogram,,,
sikalbahapeakinggt,Gas/HSD,PDB,1*150 ,150,150,,,Engine problem,,Chattogram,,,
shahjibazarg89,Gas,PDB,2*35,70,66,,35,GT-8 under maint.,,Sylhet,,,
bhola225,Gas,PDB,2*63+1*68,194,194,,129,GT-2 & ST Under maint.,,Barisal,,,
haripur412,Gas,EGCB,1*273+1*139,412,412,92,,Gas shortage,,Dhaka,,,
meghnaghat100iel,HFO,NENP,12*8.9,100,100,,45,Engine problem,,Dhaka,,,
gagnagar102digitalpower,HFO,IPP,12*8.924,102,102,27,,Engine problem,,Dhaka,,,
rupganj33summit,Gas,"SIPP,REB",4*8.73,33,33,,6,Engine problem,,Dhaka,,,
karnaphulipower,HFO,IPP,18.415*6+6.5,110,110,,37,Engine problem,,Chattogram,,,
ashuganj450north,Gas,APSCL,1*360,360,360,,50,Gas shortage,,Cumilla,,,
ashuganj55precision,Gas,QRPP,15*4,55,55,55,,Gas shortae,,Cumilla,,,
chandpur115doreen,HFO,IPP,4*18.5+2*22.5,115,115,,,Engine problem,,Cumilla,,,
fenchuganj44energyprima,Gas,NENP,12*3.3+5*2,50,50,20,,Gas Shortage,,Sylhet,,,
shahjibazarg89,Gas,PDB,2*35,70,66,,,GT-8 under maint.,,Sylhet,,,
khulna115kpcl2,HFO,NENP,7*17,115,115,83,,,,Khulna,,,
bheramara410,Gas,NWPGCL,1*278+1*132,410,410,,410,Under maint,,Khulna,,,
chapainawabganj100peaking,HFO,PDB,12*8.924,104,104,,15,Engine problem,,Rajshahi,,,
fenchuganj44energyprima,Gas,NENP,12*3.3+5*2,50,50,20,,,,Sylhet,,,
bibiyanaiii400,Gas,PDB,285*1+134*1,400,400,,148,ST under S/D.,,Sylhet,,,
bhola225,Gas,PDB,2*63+1*68,194,194,,74,GT-1 Under maint,,Barisal,,,
rangpur113confidence,HFO,IPP,9*6.984+7*7.015+3.15*2,113,113,43,,Engine problem,,Rangpur,,,
sikalbaha225,Gas/HSD,PDB,1*150+1*175,225,225,,10,ST Under maint.,,Chattogram,,,
cumilla25summit,Gas,"SIPP, PDB",3*3.67+2*6.97,25,25,,4,,,Cumilla,,,
rpcl210,Gas,IPP,4*35+1*70,210,202,,48,Machine problem.,,Mymensingh,,,
bhola33venture,Gas,RPP,1*34.50,33,33,,1,Engine problem,,Barisal,,,
gazipur100,HFO,RPCL,6*17.5,105,105,,5,,,Dhaka,,,
karnaphulihydro12345,Hydro,PDB,2*40+3*50,230,230,,106,Engine problem,,Chattogram,,,
ashuganj420east,Gas,APSCL,284*1+116*1,400,400,,400,Under maint,,Cumilla,,,
karnaphulihydro12345,Hydro,PDB,2*40+3*50,230,230,,79,Low Water Level ,,Chattogram,,,
karnaphulipower,HFO,IPP,18.415*6+6.5,110,110,,,Engine problem,,Chattogram,,,
bibianaii341summit,Gas,IPP,1*222+1*119,341,341,61,,FGMO,,Sylhet,,,
noapara100banglatrac,HSD,IPP,70*1.4,100,100,,5,,,Khulna,,,
madhumati100,HFO,NWPGCL,6*18,105,105,45,,Fuel shortage,,Khulna,,,
rangpur113confidence,HFO,IPP,9*6.984+7*7.015+3.15*2,113,113,,35,Engine problem,,Rangpur,,,
kodda1491summit,HFO,IPP,8*18.45+8.97,149,149,13,,Fuel shortage,,Dhaka,,,
anwara300ed,HFO,IPP,17*17+24,300,300,,30,Engine problem,,Chattogram,,,
haripur412,Gas,EGCB,1*273+1*139,412,412,,412,Under maint.,2021-09-02 00:00:00,Dhaka,,,
kodda150,HFO,BPDB-RPCL,9*17.06,149,149,34,,Engine problem,,Dhaka,,,
rpcl210,Gas,IPP,4*35+1*70,210,202,,80,Gas shortage,2021-09-01 00:00:00,Mymensingh,,,
mymensingh200ed,HFO,IPP,200,200,200,,20,Engine problem,2021-09-13 00:00:00,Mymensingh,,,
nababganj55southernpower,HFO,IPP,3*19.3,55,55,,,fuel shortage.,,Dhaka,,,
anlimaenergy,HFO,IPP,6*21.2,116,116,,9,,,Chattogram,,,
ashuganj150midland,HFO,IPP,23*7.015,150,150,0,,Fuel shortage,,Cumilla,,,
jamalpur115ed,HFO,IPP,9.78*12,115,115,39,,Fuel shortage,,Mymensingh,,,
meghnaghat100iel,HFO,NENP,12*8.9,100,100,76,,Fuel shortage.,,Dhaka,,,
siddhirganj100dutchbangla,HFO,NENP,12*8.9,100,100,43,,Fuel shortage,,Dhaka,,,
gagnagar102digitalpower,HFO,IPP,12*8.924,102,102,20,,Fuel shortage,,Dhaka,,,
kodda1491summit,HFO,IPP,8*18.45+8.97,149,149,,0,Engine problem,,Dhaka,,,
sspoweri,Coal,SS Power ,2*612,1224,1224,,724,Unit-2 Under maint,,Chattogram,,,
chandpur150,Gas,PDB,1*106+1*57,163,163,163,,Gas shortage,,Cumilla,,,
chowmuhani113,HFO,IPP,12*9.78+2*3.1,113,113,60,,Fuel shortage,,Cumilla,,,
haripur412,Gas,EGCB,1*273+1*139,412,412,102,,Gas shortage,,Dhaka,,,
anwara300ed,HFO,IPP,17*17+24,300,300,130,,Fuel shortage,,Chattogram,,,
siddhirgonj2120g,Gas,EGCB, 2*105,210,210,35,,Gas shortage,,Dhaka,,,
karnaphulihydro12345,Hydro,PDB,2*40+3*50,230,230,200,, Low water lavel,,Chattogram,,,
sikalbaha225,Gas/HSD,PDB,1*150+1*175,225,225,,75,ST under maint.,,Chattogram,,,
chandpur200deshenergy,HFO,IPP,0,200,200,,80,Engine problem,,Cumilla,,,
fenchugonjphase2,Gas,PDB,2*35+1*35,104,90,,68,Machine problem.,,Sylhet,,,
sylhet225,Gas,PDB,1*142+1*89,231,231,,81,ST Under maint.,,Sylhet,,,
bibianaii341summit,Gas,IPP,1*222+1*119,341,341,,341,Under S/D due to gas line maint.,,Sylhet,,,
meghnaghatsummit,Gas,IPP,2*110+1*110,335,335,,185,FGMO & Gas shortage,,Dhaka,,,
siddhirgonj2120g,Gas,EGCB, 2*105,210,210,113,,GT-2 U/M & gas shortage,,Dhaka,,,
meghnaghat104opcl,HFO,IPP,18.5*6,104,104,,4,Engine problem,,Dhaka,,,
chattogram108ecpv,HFO,IPP,16*7,108,108,,35,Engine problem,,Chattogram,,,
ashuganj450south,Gas,APSCL,1*360,360,360,25,,FGMO,,Cumilla,,,
daudkandi200btrac,HSD,IPP,154*1.4,200,200,150,,Fuel shortage,,Cumilla,,,
bibiyanasouth400,Gas,PDB,400 MW,383,383,,23,Gas shortage,,Sylhet,,,
bhola225,Gas,PDB,2*63+1*68,194,194,128,,Gas shortage & GT-2 S/D,,Barisal,,,
meghnaghat450mpl,Gas,IPP,2*150+1*150,450,450,,225,GT-1 under maint.,,Dhaka,,,
sirajgonj2253,Gas/HSD,NWPGCL,1*141,220,220,,220,Under maint.,,Rajshahi,,,
ghorasalst5,Gas,PDB,1*210,210,190,,,Under maint.,,Dhaka,,,
ghorasalst7,Gas,PDB,1*243+1*122,365,365,,135,ST under maint.,,Dhaka,,,
ghorashalregent,Gas,IPP,34*3.35,108,108,,96,Relay replacement,,Dhaka,,,
katpotti51,HFO,IPP,7*7.9,51,51,,9,Engine problem,,Dhaka,,,
mymensinghrpcl210,Gas,IPP,4*35+1*70,210,202,0,,,,Mymensingh,,,
shajibazar330,Gas,PDB,3*110,330,330,,0,,,Sylhet,,,
ashuganj225,Gas,APSCL,1*142+1*75,221,221,,, FGMO,,Cumilla,,,
chandpur150,Gas,PDB,1*106+1*57,163,163,,113,ST under shu down,,Cumilla,,,
kushiara163kp,Gas,IPP,1*109+1*54,163,163,,,Under shut dowm,,Sylhet,,,
sylhet150,Gas,PDB,1*142,142,142,72,,Gas shortage,,Sylhet,,,
bhola225,Gas,PDB,2*63+1*68,194,194,,94,GT-2 under shut down,,Barisal,,,
sirajgonj2252,Gas/HSD,NWPGCL,1*150+1*75,220,220,,,Gas Shortage,,Rajshahi,,,
haripur412,Gas,EGCB,1*273+1*139,412,400,,30,,,Dhaka,,,
juldah1001acorn,HFO,NENP,8*13.45,100,100,100,,Contract Expired,,Chattogram,,,
ashuganj50,Gas,APSCL,14*3.968,53,45,6,,,,Cumilla,,,
ashuganj55precision,Gas,QRPP,0,55,55,7,,,,Cumilla,,,
bhola33venture,Gas,NENP,1*34.50,40,10,,1,Engine problem,,Barisal,,,
barapukuria1,Coal,PDB,1*125,125,85,37,,Under maint,,Rangpur,,,
ghorasal3657,Gas,PDB,1*243+1*122,365,365,,165,ST under S/D,,Dhaka,,,
kodda1491summit,HFO,IPP,149,149,149,,35,Engine problem,,Dhaka,,,
sikalbaha225,Gas/HSD,PDB,1*150+1*175,225,225,,150,ST Under maint.,,Chattogram,,,
jangalia52lakdanavi,HFO,IPP,6*8.92,52,52,,12,Engine problem,,Cumilla,,,
fenilankapower,HFO,IPP,7*18.415+1*9.78,114,114,59,,Fuel shortage,,Cumilla,,,
khulna225,HSD,NWPGCL,1*150+1*75,230,230,,,ST not available,,Khulna,,,
bheramara410,Gas,NWPGCL,1*278+1*132,410,410,25,,Gas shortage,,Khulna,,,
ghorasal12,Gas,PDB,2*55,110,85,,,Unit #02 Under maint,,Dhaka,,,
bibiyanaiii400,Gas,PDB,400 MW,400,400,,320,ST Under S/D.,,Sylhet,,,
bhola225,Gas,PDB,2*63+1*68,194,194,,94,GT-1 under maint.,,Barisal,,,
sirajgonj2251,Gas/HSD,NWPGCL,1*150+1*75,210,210,60,,Gas Shortage,,Rajshahi,,,
haripur412,Gas,EGCB,1*273+1*139,412,412,97,,Gas shortage,,Dhaka,,,
khulna115kpcl2,HFO,NENP,7*17,115,115,17,,,,Khulna,,,
karnaphulihydro12345,Hydro,PDB,2*40+3*50,230,230,,98,Engine problem,,Chattogram,,,
sikalbaha225,Gas/HSD,PDB,1*150+1*75,225,225,,,Gas shortage,,Chattogram,,,
hathazari100peaking,HFO,PDB,11*8.9,98,98,81,,Fuel shortage,,Chattogram,,,
karnaphulipower,HFO,IPP,18.415*6+6.5,110,110,91,,Fuel shortage,,Chattogram,,,
rampal1320bifpcl,Coal,NTPC&BPDB,660*2,617,617,,617,,,Khulna,,,
barisal307,Coal,IPP,307*1,307,307,122,,Coal shortage,,Barisal,,,
haripur412,Gas,EGCB,1*273+1*139,412,400,-5,,Gas shortage,,Dhaka,,,
gazipur100,HFO,RPCL,6*17.5,105,105,33,,Fuel shortage,,Dhaka,,,
anwara300ed,HFO,IPP,17*17+24,300,300,193,,Fuel shortage,,Chattogram,,,
sspoweri,Coal,SS Power ,2*612,1224,1224,,,unit-1 under maint.,,Chattogram,,,
ashuganj225,Gas,APSCL,1*142+1*75,221,221,11,,ST Under maint.,,Cumilla,,,
ashuganj450north,Gas,APSCL,1*360,360,360,35,,FGMO,,Cumilla,,,
rpcl210,Gas,IPP,4*35+1*70,210,202,158,,Gas shortage,,Mymensingh,,,
tangailpallipowergen22,HFO,IPP,4*6.7,22,22,10,, Engine prblem,,Mymensingh,,,
rupsha105orionrupsha,HFO,IPP,6*18.445,105,105,18,,Fuel shortage,,Khulna,,,
ghorashalregent,Gas,IPP,34*3.35,108,108,0,,,,Dhaka,,,
siddhirganj335,Gas,EGCB,1*217,217,217,,103,Machine problem,,Dhaka,,,
kaptaihydro12345,Hydro,PDB,2*40+3*50,230,230,,128,Low water lavel,,Chattogram,,,
ashuganjst5,Gas,APSCL,1*150,150,134,54,,Gas Shortage,,Cumilla,,,
mymensinghrpcl210,Gas,IPP,4*35+1*70,210,202,43,,Gas shortage ,,Mymensingh,,,
fenchugonj1,Gas,PDB,2*32+1*33,97,70,,22,GT-1 under maint.,,Sylhet,,,
sylhetgt150,Gas,PDB,1*142,142,142,,42,,,Sylhet,,,
khulna225,HSD,NWPGCL,1*150+1*75,230,230,,230,Engine problem,,Khulna,,,
sirajgonj3225,Gas/HSD,NWPGCL,1*141,141,141,,,FGMO,,Rajshahi,,,
bibiyanaiii400,Gas,PDB,400 MW,400,400,,400,Engine problem,,Sylhet,,,
khulna115kpcl2,HFO,QRPP,7*17,115,115,16,,Fuel shortage,,Khulna,,,
sirajgonj2252,Gas/HSD,NWPGCL,1*150+1*75,220,220,,,DCT,,Rajshahi,,,
ghorasal3657,Gas,PDB,1*243+1*122,365,365,,65,Under maint.,,Dhaka,,,
ghorashal108regent,Gas,IPP,34*3.35,108,108,,20,Engine problem,,Dhaka,,,
meghnaghat100iel,HFO,NENP,12*8.9,100,100,,10,Fuel shortage,,Dhaka,,,
kodda150,HFO,BPDB-RPCL,9*17.06,149,149,,-1,Engine problem,,Dhaka,,,
kodda1491summit,HFO,IPP,8*18.45+8.97,149,149,,29,Engine problem,,Dhaka,,,
meghnaghat104opcl,HFO,IPP,18.5*6,104,104,1,,Fuel shortage,,Dhaka,,,
manikgonj162mpgl,HFO,IPP,9*18,162,162,-58,,Fuel shortage,,Dhaka,,,
sikalbaha105barakasikalbaha,HFO,IPP,6*17.5,105,105,,0,Engine problem,,Chattogram,,,
dohazarikalaish100peaking,HFO,PDB,6*17,102,102,66,,Fuel shortage,,Chattogram,,,
karnaphulipower,HFO,IPP,18.415*6+6.5,110,110,,0,Engine problem,,Chattogram,,,
juldah2acorn,HFO,IPP,8*13.6,100,100,0,,Fuel shortage,,Chattogram,,,
chandpur150,Gas,PDB,1*106+1*57,163,163,,33,Gas shortage,,Cumilla,,,
chowmuhani113,HFO,IPP,12*9.78+2*3.1,113,113,,,Engine problem,,Cumilla,,,
jamalpur115ed,HFO,IPP,9.78*12,115,115,,23,Engine problem,,Mymensingh,,,
fenchugonj51barakatullah,Gas,RPP ,19*2.90,51,51,31,,Gas shortage,,Sylhet,,,
fenchuganj44energyprima,Gas,NENP,12*3.3+5*2,50,50,7,,Gas shortage,,Sylhet,,,
katakhali50peaking,HFO,PDB,6*8.7,50,50,,26,Engine problem,,Rajshahi,,,
ghorasalrepowered4,Gas,PDB,1*210,210,180,168,,Gas shortage,,Dhaka,,,
madanganj102summit,HFO,QRPP ,6*17,102,100,,21,Engine problem,,Dhaka,,,
haripur412,Gas,EGCB,1*273+1*139,412,412,,105,ST Under maint.,,Dhaka,,,
ashuganj4,Gas,APSCL,1*150,150,129,,,Under maint,,Cumilla,,,
ashuganj450north,Gas,APSCL,1*360,360,360,,,ST under maint.,,Cumilla,,,
ashuganj55precision,Gas,RPP ,15*4,55,55,,,Under Maint.,,Cumilla,,,
chandpur150,Gas,PDB,1*106+1*57,163,163,,163,under maint.,,Cumilla,,,
bibianaii341summit,Gas,IPP,1*222+1*119,341,341,,,Under maint.,28/12/2019,Sylhet,,,
ghorasal3657,Gas,PDB,1*243+1*122,365,365,,160,ST under maint,,Dhaka,,,
haripur412,Gas,EGCB,1*273+1*139,412,412,,292,GBC problem,,Dhaka,,,
keraniganj100powerpac,HFO,QRPP,8*13.45,100,100,,87,Fuel shortage,,Dhaka,,,
ashuganj150midland,HFO,IPP,23*7.015,150,150,,18,Engine problem,2021-08-31 00:00:00,Cumilla,,,
rpcl210,Gas,IPP,4*35+1*70,210,202,62,,Gas shortage,2021-09-01 00:00:00,Mymensingh,,,
shajibazar330,Gas,PDB,3*110,330,330,168,,Gas shortage,,Sylhet,,,
rupsha105orionrupsha,HFO,IPP,6*18.445,105,105,,,,2021-08-31 00:00:00,Khulna,,,
santahar50peaking,HFO,PDB,6*8.7,50,50,,25,Engine problem,15-09-2021,Rajshahi,,,
bogra22gbb,Gas,RPP ,6*4,22,22,,0,Engine problem,,Rajshahi,,,
rangpur20g,HSD,PDB,1*20,20,20,,4,Engine problem,,Rangpur,,,
haripur360hpl,Gas,IPP,1*235+1*125,360,360,360,,Contract Expired,,Dhaka,,,
ashuganj420east,Gas,APSCL,284*1+116*1,400,400,0,,,,Cumilla,,,
chandpur115doreen,HFO,IPP,4*18.5+2*22.5,115,115,61,,Fuel shortage,,Cumilla,,,
meghnaghat100iel,HFO,NENP,12*8.9,100,100,84,,Fuel shortage.,,Dhaka,,,
rupganj33summit,Gas,"SIPP,REB",4*8.73,33,33,,27,Engine problem,,Dhaka,,,
titas50peaking,HFO,PDB,6*8.92,52,52,,24,Engine problem,,Cumilla,,,
chandpur150,Gas,PDB,1*106+1*57,163,163,103,,Gas shortage,,Cumilla,,,
jangalia52lakdanavi,HFO,IPP,6*8.92,52,52,,19,Engine problem,,Cumilla,,,
fenchugonjphase1,Gas,PDB,2*32+1*33,97,70,,44,Machine problem.,,Sylhet,,,
fenchugonjphase2,Gas,PDB,2*35+1*35,104,90,,23,Machine problem,,Sylhet,,,
sylhet225,Gas,PDB,1*142+1*89,231,231,,101,ST Under maint.,,Sylhet,,,
bibiyanasouth400,Gas,PDB,400 MW,383,383,,133,ST Under maint.,,Sylhet,,,
energypacpowerventurethakurgaon,HFO,IPP,115,115,115,,20,Engine problem,,Rangpur,,,
haripur360hpl,Gas,IPP,1*235+1*125,360,360,150,,Gas shortage,,Dhaka,,,
ashuganj225,Gas,APSCL,1*142+1*75,221,221,111,,ST Under S/D,,Cumilla,,,
fenchuganj44energyprima,Gas,NENP,12*3.3+5*2,50,50,,,Gas shortage,,Sylhet,,,
madhumati100,HFO,NWPGCL,6*18,105,105,,20,Engine problem,,Khulna,,,
sirajgonj2253,Gas/HSD,NWPGCL,1*141,220,220,,20,Gas shortage,,Rajshahi,,,
sylhet150,Gas,PDB,1*142,142,142,2,,,,Sylhet,,,
bhola225,Gas,PDB,2*63+1*68,194,194,,97,ST under shut down,,Barisal,,,
sirajgonj2251,Gas/HSD,NWPGCL,1*150+1*75,210,210,,,Gas Shortage,,Rajshahi,,,
bogura20energyprima,Gas,RPP ,5*3.3+5*2,20,10,,6,Engine problem,,Rajshahi,,,
ghorashal78max,Gas,QRPP,2*40,78,78,38,,,,Dhaka,,,
ashuganjed53,Gas,QRPP,14*4,53,53,48,48,Gas Shortage,,Cumilla,,,
mymensinghrpcl210,Gas,IPP,4*35+1*70,210,202,41,,,,Mymensingh,,,
jamalpur95,HFO,IPP,12*8.924,95,95,,14,Engine problem.,,Mymensingh,,,
fenchuganjepl44,Gas,RPP,12*3.3+5*2,44,44,,0,,,Sylhet,,,
sirajgonj3225,Gas/HSD,NWPGCL,1*141,141,141,,,Gas shortage.,,Rajshahi,,,
jodiacpower,HFO,IPP,3*18.55+1*3.6,54,54,,19,,,Chattogram,,,
shahjibazar86shahjibazar,Gas,RPP ,32*2.90,86,86,2,,Gas shortage,,Sylhet,,,
baghabari200paramount,HSD,IPP,135*1.6,200,200,,30,,,Rajshahi,,,
bagura113confidence2,HFO,IPP,6*18.55+7.2,113,113,,19,,,Rajshahi,,,
barapukuria1,Coal,PDB,1*125,125,85,,14,,,Rangpur,,,
ghorasal12,Gas,PDB,2*55,110,85,,85,Unit-1 & 2 Under maint.,,Dhaka,,,
chandpur150,Gas,PDB,1*106+1*57,163,163,,57,,,Cumilla,,,
bibiyanaiii400,Gas,PDB,400 MW,400,400,,400,,,Sylhet,,,
baghabari100g,Gas,PDB,1*100,100,100,100,,Machine problem,,Rajshahi,,,
kodda3002summit,HFO,IPP,18*17.076,300,300,0,,Fuel shortage,,Dhaka,,,
kodda1491summit,HFO,IPP,8*18.45+8.97,149,149,31,,Fuel shortage,,Dhaka,,,
ashuganj195apscled,Gas,IPP,20*9.73+1*16,195,195,117,,Gas shortae,,Cumilla,,,
mymensingh200ed,HFO,IPP,9.78*21,200,200,41,,Fuel shortage,,Mymensingh,,,
bhola225,Gas,PDB,2*63+1*68,194,194,,129,GT-2 & ST under maint.,,Barisal,,,
haripur412,Gas,EGCB,1*273+1*139,412,412,12,,,2024-02-12 00:00:00,Dhaka,,,
meghnaghat100iel,HFO,NENP,12*8.9,100,100,0,,Fuel shortage,,Dhaka,,,
anwara300ed,HFO,IPP,17*17+24,300,300,184,,Fuel shortage,,Chattogram,,,
sspoweri,Coal,SS Power ,2*612,1224,1224,1224,,under maint.,,Chattogram,,,
chandpur115doreen,HFO,IPP,4*18.5+2*22.5,115,115,78,,Fuel shortage,,Cumilla,,,
sylhet225,Gas,PDB,1*142+1*89,231,231,,231,ST under maint,,Sylhet,,,
bibiyanaiii400,Gas,PDB,285*1+134*1,400,400,,400,ST under maint.,,Sylhet,,,
siddhirganj335,Gas,EGCB,1*217+118,335,335,,125,ST under S/D,,Dhaka,,,
jodiacpower,HFO,IPP,3*18.55+1*3.6,54,54,20,,Fuel shortage,,Chattogram,,,
mymensingh200ed,HFO,IPP,9.78*21,200,200,,40,Fuel shortage,,Mymensingh,,,
jamalpur115ed,HFO,IPP,9.78*12,115,115,,25,Engine prolem,,Mymensingh,,,
chapainawabganj100peaking,HFO,PDB,12*8.924,104,104,,19,Enginr problem,,Rajshahi,,,
confidencepowerbogura1113,HFO,IPP,6*18.55,113,113,23,,Fuel shortage,,Rajshahi,,,
ghorashal785max,Gas,QRPP,2*40,78,78,78,,,,Dhaka,,,
meghnaghatsummit,Gas,IPP,2*110+1*110,305,305,165,,Gas shortage,,Dhaka,,,
siddhirgonj2120g,Gas,EGCB, 2*105,210,210,65,,Gas shortage,,Dhaka,,,
siddhirganj335,Gas,EGCB,1*217+118,335,335,115,,ST Under S/D.,,Dhaka,,,
sikalbaha225,Gas/HSD,PDB,1*150+1*175,225,225,,,Under maintenance,,Chattogram,,,
ashuganj55precision,Gas,RPP ,15*4,55,55,50,,,,Cumilla,,,
barapukuria2,Coal,PDB,1*125,125,85,,,Coal Shortage.,,Rangpur,,,
meghnaghat450mpl,Gas,IPP,2*150+1*150,450,450,215,,Gas shortage,,Dhaka,,,
katpotti52sinha,HFO,IPP,7*7.9,51,0,,,On test,,Dhaka,,,
ashuganj450north,Gas,APSCL,1*360,360,360,,,"FGMO,ST S/D due to gas shortage.",,Cumilla,,,
tangail22doreen,Gas,"SIPP, PDB",8*2.90,22,22,,0,Engine problem,,Mymensingh,,,
bhola225,Gas,PDB,2*63+1*68,194,194,124,,Gas shortage,,Barisal,,,
sspoweri,Coal,IPP,2*612,1224,1224,424,,Coal shortage,,Chattogram,,,
matarbari2600cpgcl,Coal,CPGCL,2*575,1150,1150,,677,Unit-2 Under maint,,Chattogram,,,
bibianaii341summit,Gas,IPP,1*222+1*119,341,341,,341,Filter Change,,Sylhet,,,
bibiyanaiii400,Gas,PDB,285*1+134*1,400,400,,400,Filter Change,,Sylhet,,,
rampal1320bifpcl,Coal,NTPC&BPDB,617*2,1234,1234,74,,,,Khulna,,,
rpcl210,Gas,IPP,4*35+1*70,210,202,50,,Gas shortage,,Mymensingh,,,
ghorasal3657,Gas,PDB,1*243+1*122,365,365,165,,,,Dhaka,,,
ashuganj150midland,HFO,IPP,23*7.015,150,150,,75,Engine Problem,,Cumilla,,,
kushiara163kp,Gas,IPP,1*109+1*54,163,163,,,High Voltage,,Sylhet,,,
sylhet225,Gas,PDB,1*142+1*89,231,231,,29,Gas shortage,,Sylhet,,,
sylhet225,Gas,PDB,1*142+1*89,231,231,,86,,,Sylhet,,,
bera70peaking,HFO,PDB,9*8.29,71,71,,44,Engine problem,,Rajshahi,,,
santahar50peaking,HFO,PDB,6*8.7,50,50,,21,Engine problem,,Rajshahi,,,
keranigonj300apr,HSD,IPP,256*1.4,300,300,150,,Fuel shortage,,Dhaka,,,
karnaphulihydro12345,Hydro,PDB,2*40+3*50,230,230,60,,Low Water Level ,,Chattogram,,,
juldah1003acorn,HFO,IPP,8*13.5,100,100,12,,Fuel shortage,,Chattogram,,,
chowmuhani113,HFO,IPP,12*9.78+2*3.1,113,113,86,,Fuel shortage,,Cumilla,,,
baghabari50peaking,HFO,PDB,6*8.9,52,52,52,,Fuel shortage,,Rajshahi,,,
katakhali50peaking,HFO,PDB,6*8.7,50,50,20,,Engine problem,,Rajshahi,,,
rangpur113confidence,HFO,IPP,9*6.984+7*7.015+3.15*2,113,113,,43,Engine problem,,Rangpur,,,
keraniganj100powerpac,HFO,QRPP,8*13.45,100,20,,100,Engine problem,,Dhaka,,,
siddhirgonj2120g,Gas,EGCB, 2*105,210,210,20,,Gas shortage,,Dhaka,,,
sylhet225,Gas,PDB,1*142+1*89,231,231,,102,ST under maint.,,Sylhet,,,
bibiyanaiii400,Gas,PDB,285*1+134*1,400,400,,120,Machine problem,,Sylhet,,,
khulna115kpcl2,HFO,NENP,7*17,115,115,23,,Fuel shortage,,Khulna,,,
gopalganj100peaking,HFO,PDB,16*6.98,109,109,,37,Engine problem,,Khulna,,,
rampal1320bifpcl,Coal,NTPC&BPDB,660*2,617,617,242,,Coal Shortage.,,Khulna,,,
meghnaghat450mpl,Gas,IPP,2*150+1*150,450,450,450,,Gas shortage,,Dhaka,,,
sspoweri,Coal,SS Power ,2*612,1224,1224,612,,Coal Shortage.,,Chattogram,,,
ashuganj225,Gas,APSCL,1*142+1*75,221,221,,104,ST Under maint.,,Cumilla,,,
gopalganj100peaking,HFO,PDB,16*6.98,109,109,,77,Engine problem,,Khulna,,,
meghnaghatsummit,Gas,IPP,2*110+1*110,335,335,,,GT-1 Under S/D,,Dhaka,,,
summitmeghanghat2589,Gas,IPP,589,583,583,433,,Gas shortage,,Dhaka,,,
kushiara163kp,Gas,IPP,1*109+1*54,163,163,,163,Under maint.,2024-11-20 00:00:00,Sylhet,,,
sylhet225,Gas,PDB,1*142+1*89,231,231,,101,Partial Shutdown due to maintenance,,Sylhet,,,
rampal1320bifpcl,Coal,NTPC&BPDB,617*2,1234,1234,864,,Coal shortage,,Khulna,,,
barapukuria2753,Coal,PDB,1*275,274,274,,164,Machine problem,,Rangpur,,,
ghorasal5,Gas,PDB,1*210,210,190,,10,,,Dhaka,,,
siddhirgonj2120g,Gas,EGCB, 2*105,210,210,110,,GT-2 S/D ,,Dhaka,,,
siddhirganj335,Gas,EGCB,1*217+118,335,335,114,,ST under maint.,,Dhaka,,,
karnaphulihydro12345,Hydro,PDB,2*40+3*50,230,230,,145,Low Water Level & Unit 2 & 5  U/M.,,Chattogram,,,
ashuganj450north,Gas,APSCL,1*360,360,360,,140,ST under maint.,,Cumilla,,,
sylhet225,Gas,PDB,1*142+1*89,231,231,,,ST-under maint.,,Sylhet,,,
ghorasal3657,Gas,PDB,1*243+1*122,365,365,,365,GBC problem,,Dhaka,,,
ghorashal108regent,Gas,IPP,34*3.35,108,108,76,,Gas shortage,,Dhaka,,,
meghnaghat100iel,HFO,NENP,12*8.9,100,100,,58,Engine problem,,Dhaka,,,
gagnagar102digitalpower,HFO,IPP,12*8.924,102,102,52,,Engine problem,,Dhaka,,,
ashuganj150midland,HFO,IPP,23*7.015,150,150,48,,Fuel shortage,,Cumilla,,,
payra1320,Coal,BCPCL,2*622,1244,1244,,874,Rampal Test,,Barisal,,,
bosila108clc,HFO,IPP,12*8.775+1*3.5,108,108,,43,Engine problem,,Dhaka,,,
karnaphulihydro12345,Hydro,PDB,2*40+3*50,230,230,,,# 01 Under maint.,,Chattogram,,,
ashuganj450north,Gas,APSCL,1*360,360,360,,,Umder maint.,,Cumilla,,,
ashuganj50,Gas,APSCL,14*3.968,53,45,,12,,,Cumilla,,,
shajibazar330,Gas,PDB,3*110,330,330,,63,,,Sylhet,,,
sylhet20g,Gas,PDB,1*20,20,20,,20,,,Sylhet,,,
sirajgonj4004,Gas/HSD,SNWPGCL,1*282+1*132,414,414,,,Under shut down.,,Rajshahi,,,
katpotti52sinha,HFO,IPP,7*7.9,51,51,51,0,Fuel Shortage.,,Dhaka,,,
sylhet225,Gas,PDB,1*142+1*89,231,231,,225,Under maint.,,Sylhet,,,
karnaphulihydro12345,Hydro,PDB,2*40+3*50,230,230,153,,Low water level,,Chattogram,,,
sikalbaha225,Gas/HSD,PDB,1*150+1*175,225,225,0,,,,Chattogram,,,
bhola225,Gas,PDB,2*63+1*68,194,194,,104,GT-2 & ST Under maint.,,Barisal,,,
payra1320,Coal,BCPCL,1*622,622,622,,,Unit-2 Test. Unit-1 under S/D,,Barisal,,,
katakhali50northern,HFO,QRPP,6*8.9,50,50,,,Fuel shortage.,,Rajshahi,,,
haripur412,Gas,EGCB,1*273+1*139,412,412,,132,ST under maint ,,Dhaka,,,
ashuganj195apscled,Gas,IPP,20*9.73+1*16,195,195,120,,Gas shortage,,Cumilla,,,
sylhet225,Gas,PDB,1*142+1*89,231,231,,80,Machine problem,,Sylhet,,,
sirajgonj2252,Gas/HSD,NWPGCL,1*150+1*75,220,220,100,,Gas shortage,,Rajshahi,,,
karnaphulihydro12345,Hydro,PDB,2*40+3*50,230,230,92,,Low water level,,Chattogram,,,
ashuganj195apscled,Gas,IPP,20*9.73+1*16,195,195,113,,Gas shortage,,Cumilla,,,
sylhet20g,Gas,PDB,1*20,20,20,,,Under S/D,,Sylhet,,,
meghnaghat100iel,HFO,NENP,12*8.9,100,100,,60,Engine problem,,Dhaka,,,
aurahati100aggreko,HSD,IPP,0.85*23+0.95*91,100,100,,100,Fuel Shortage,,Dhaka,,,
hathazari100peaking,HFO,PDB,11*8.9,98,98,,62,Engine problem,,Chattogram,,,
juldah1003acorn,HFO,IPP,8*13.5,100,100,,25,Engine problem,,Chattogram,,,
chowmuhani113,HFO,IPP,12*9.78+2*3.1,113,113,,105,Fuel shortage,,Cumilla,,,
fenchuganj44energyprima,Gas,NENP,12*3.3+5*2,50,50,,15,Gas shortage,,Sylhet,,,
bibiyanaiii400,Gas,PDB,400 MW,400,400,,,ST under maint.,,Sylhet,,,
gopalganj100peaking,HFO,PDB,16*6.98,109,109,,38,Engine problem,,Khulna,,,
baghabari200paramount,HSD,IPP,135*1.6,200,200,,,Fuel shortage,,Rajshahi,,,
mymensinghpv50solar,Solar,IPP,0,50 MW,50 MW,,,,,Mymensingh,,,
bholanutanbiddutbd,Gas/HSD,IPP,0,220 MW,220 MW,,,,,Khulna,,,
sirajgonj2252,Gas/HSD,NWPGCL,1*150+1*75,220,220,35,,Gas shortage,,Rajshahi,,,
haripur360hpl,Gas,IPP,1*235+1*125,360,360,16,,Gas shortage,,Dhaka,,,
meghnaghatsummit,Gas,IPP,2*110+1*110,335,335,335,,Under maint.,,Dhaka,,,
madanganj102summit,HFO,NENP,6*17,102,102,,27,Engine problem,,Dhaka,,,
meghnaghat104opcl,HFO,IPP,18.5*6,104,104,58,,Fuel shortage,,Dhaka,,,
ghorasal3657,Gas,PDB,1*243+1*122,365,365,,85,,,Dhaka,,,
ghorashal108regent,Gas,IPP,34*3.35,108,108,,46,Engine problem,,Dhaka,,,
gazipur52,HFO,RPCL,6*8.9,52,52,,3,Engine problem,,Dhaka,,,
juldah1001acorn,HFO,NENP,8*13.45,100,100,,70,Engine problem,,Chattogram,,,
anlimaenergy,HFO,IPP,6*21.2,116,116,,10,,,Chattogram,,,
ashuganj50,Gas,APSCL,14*3.968,53,45,30,,Gas shortage,,Cumilla,,,
fenchugonj51barakatullah,Gas,RPP ,19*2.90,51,51,,18,Engine problem,,Sylhet,,,
fenchuganj44energyprima,Gas,NENP,12*3.3+5*2,50,50,,20,Engine problem,,Sylhet,,,
shahjahanulla25,Gas,"SIPP, REB",3*9.34,25,25,,1,Machine problem,,Sylhet,,,
madhumati100,HFO,NWPGCL,6*18,105,105,,15,Engine problem,,Khulna,,,
katakhali50northern,HFO,QRPP,6*8.9,50,50,,42,Engine problem,,Rajshahi,,,
rangpur113confidence,HFO,IPP,9*6.984+7*7.015+3.15*2,113,113,,17,Engine problem,,Rangpur,,,
haripur360hpl,Gas,IPP,1*235+1*125,360,360,40,,,,Dhaka,,,
kaptaihydro12345,Hydro,PDB,2*40+3*50,230,230,,140,Low water lavel,,Chattogram,,,
jamalpur95,HFO,IPP,12*8.924,95,95,,,Engine problem,,Mymensingh,,,
shajibazar330,Gas,PDB,3*110,330,330,,230,GT-1 & ST Under maint.,,Sylhet,,,
bhola194,Gas,PDB,2*63+1*68,194,194,,,GT-1 under maint.,,Barisal,,,
ghorasalst12,Gas,PDB,2*55,110,85,,49,Unit #1 Under maint.,,Dhaka,,,
ghorashalregent,Gas,IPP,34*3.35,108,108,,,Relay replacement,,Dhaka,,,
siddhirgonjgt12,Gas,EGCB, 2*105,210,210,140,,Gas shortage,,Dhaka,,,
siddhirganj335,Gas,EGCB,1*217,217,217,,102,Gas shortage,,Dhaka,,,
kaptaihydro12345,Hydro,PDB,2*40+3*50,230,230,,113,Low water lavel,,Chattogram,,,
shajibazar330,Gas,PDB,3*110,330,330,,153,GT-2 Under maint.,,Sylhet,,,
summitbarisal110,HFO,IPP,7*17.076,110,110,,0,,,Barisal,,,
bholaventure33,Gas,RPP,1*34.50,33,33,,9,Engine problem,,Barisal,,,
sirajgonj2225,Gas/HSD,NWPGCL,1*150+1*75,220,220,,220,Under S/D.,,Rajshahi,,,
sirajgonj4414,Gas,SNWPGCL,1*282,282,282,282,,ON test,,Rajshahi,,,
ashuganj450south,Gas,APSCL,1*360,360,360,,,Under S/D,,Cumilla,,,
meghnaghat104opcl,HFO,IPP,18.5*6,104,104,14,,Lub Oil problem,,Dhaka,,,
chowmuhani113,HFO,IPP,12*9.78+2*3.1,113,113,77,,Fuel shortage,,Cumilla,,,
sylhet20g,Gas,PDB,1*20,20,20,0,,Gas shortage,,Sylhet,,,
rampal1320bifpcl,Coal,NTPC&BPDB,617*2,1234,1234,154,,Coal shortage,,Khulna,,,
fenchuganj44energyprima,Gas,NENP,12*3.3+5*2,50,50,,13,Engine problem,,Sylhet,,,
baghabari50peaking,HFO,PDB,6*8.9,52,52,,10,Fuel shortage,,Rajshahi,,,
keraniganj100powerpac,HFO,QRPP,8*13.45,100,100,,20,Engine problem,,Dhaka,,,
karnaphulihydro12345,Hydro,PDB,2*40+3*50,230,230,109,,Low water lavel,,Chattogram,,,
ashuganj450north,Gas,APSCL,1*360,360,360,,90,ST under maint,,Cumilla,,,
bhola95aggreko,Gas,QRPP,96*1.10,95,95,13,,Gas shortage,,Barisal,,,
edpayrapower,HFO,IPP,8*18.5+1*9.5,150,150,,60,Engine problem,,Barisal,,,
karnaphulihydro12345,Hydro,PDB,2*40+3*50,230,230,,78,Machine problem,,Chattogram,,,
ashuganj420east,Gas,APSCL,284*1+116*1,400,400,115,,Gas shortage,,Cumilla,,,
titas50peaking,HFO,PDB,6*8.92,52,52,,5,Machine problem,,Cumilla,,,
faridpur50peaking,HFO,PDB,8*6.89,54,54,,8,Engine problem,,Khulna,,,
katakhali50peaking,HFO,PDB,6*8.7,50,50,11,,Engine problem,,Rajshahi,,,
madanganj102summit,HFO,QRPP ,6*17,102,100,,25,Engine problem,,Dhaka,,,
ashuganj5,Gas,APSCL,1*150,150,134,34,,Gas Shortage,,Cumilla,,,
ashuganj55precision,Gas,RPP ,15*4,55,55,10,,Gas shortage,,Cumilla,,,
chandpur150,Gas,PDB,1*106+1*57,163,163,,73,Under maint,,Cumilla,,,
bhola225,Gas,PDB,2*63+1*68,194,194,,113, GT-2 & ST Under maint.,,Barisal,,,
meghnaghatsummit,Gas,IPP,2*110+1*110,335,335,30,,FGMO,,Dhaka,,,
siddhirganj335,Gas,EGCB,1*217+118,335,335,185,,Gas shortage,,Dhaka,,,
chandpur150,Gas,PDB,1*106+1*57,163,163,,113,Under maint.,,Cumilla,,,
shajibazar330,Gas,PDB,3*110,330,330,180,,Gas shortage,,Sylhet,,,
sirajgonj2253,Gas/HSD,NWPGCL,1*141,220,220,,,DCT,,Rajshahi,,,
ullapara11summit,Gas,"SIPP, REB",4*2.90,11,11,,4,Engine problem,,Rajshahi,,,
energypacpowerventurethakurgaon,HFO,IPP,115,0,0,,,On test,,Rangpur,,,
ghorasalst12,Gas,PDB,2*55,110,85,,20,,,Dhaka,,,
ghorasalst5,Gas,PDB,1*210,210,190,190,,Gas shortage,,Dhaka,,,
ghorasalst7,Gas,PDB,1*243+1*122,365,365,,110,ST  under maint.,,Dhaka,,,
siddhirganj335,Gas,EGCB,1*217,217,217,,,ST Blowing,,Dhaka,,,
aprenergykeranigonj,HSD,IPP,256*1.4,300,300,,,low demand,,Dhaka,,,
bramhangoan100aggreko,HSD,IPP,100,100,100,,,low demand,,Dhaka,,,
aggrekoaurahati100,HSD,IPP,0.85*23+0.95*91,100,100,,,low demand,,Dhaka,,,
chattogramecpv108,HFO,IPP,16*7,108,108,,8,,,Chattogram,,,
ashuganj195modular,Gas,IPP,20*9.73+1*16,195,195,179,,Gas shortage,,Cumilla,,,
midland150,HFO,IPP,23*7.015,150,150,,,low demand,,Cumilla,,,
daudkandipeaking52,HFO,PDB,6*8.92,52,52,,,low demand,,Cumilla,,,
mymensinghrpcl210,Gas,IPP,4*35+1*70,210,202,58,,GT-1 Under maint.,,Mymensingh,,,
edjamalpurl,HFO,IPP,115 MW,115,115,,15,,,Mymensingh,,,
shajibazar330,Gas,PDB,3*110,330,330,,150,,,Sylhet,,,
barapukuria3,Coal,PDB,1*275,274,274,24,,,,Rangpur,,,
gazipur52,HFO,IPP,6*8.9,52,52,,18,Engine problem,,Dhaka,,,
noapara100banglatrac,HSD,IPP,70*1.4,100,100,,15,Engine problem,,Khulna,,,
sylhet225,Gas,PDB,1*142+1*89,231,231,,93,ST Under maint.,,Sylhet,,,
ashuganj3,Gas,APSCL,1*150,150,135,30,,Gas shortage,,Cumilla,,,
karnaphulihydro12345,Hydro,PDB,2*40+3*50,230,230,,55,Unit-5 under maint,,Chattogram,,,
sikalbaha225,Gas/HSD,PDB,1*150+1*75,225,225,,75,ST Under maint,,Chattogram,,,
hathazari100peaking,HFO,PDB,11*8.9,98,98,,98,Under maint,,Chattogram,,,
matarbari2600cpgcl,Coal,CPGCL,2*575,1150,1150,630,,Coal shortage,,Chattogram,,,
sylhet225,Gas,PDB,1*142+1*89,231,231,,19,Machine problem,,Sylhet,,,
rupsha105orionrupsha,HFO,IPP,6*18.445,105,105,88,,fuel shortage,,Khulna,,,
keraniganj100powerpac,HFO,NENP,8*13.45,100,75,53,,Fuel shortage,,Dhaka,,,
anlimaenergy,HFO,IPP,6*21.2,116,116,29,,Fuel shortage,,Chattogram,,,
ashuganj450north,Gas,APSCL,1*360,360,360,90,,FGMO,,Cumilla,,,
bibiyanasouth400,Gas,PDB,400 MW,383,383,,123,ST Under maint.,,Sylhet,,,
bhola225,Gas,PDB,2*63+1*68,194,194,,57,Machine problem,,Barisal,,,
keraniganj100powerpac,HFO,NENP,8*13.45,100,75,49,,Fuel shortage,,Dhaka,,,
sspoweri,Coal,SS Power ,2*612,1224,1224,884,,Coal Shortage.,,Chattogram,,,
fenchuganj44energyprima,Gas,NENP,12*3.3+5*2,50,50,50,,,,Sylhet,,,
shahjibazarg89,Gas,PDB,2*35,70,66,,36,GT-9 Under maint.,,Sylhet,,,
ghorasalgt4,Gas,PDB,1*210,210,180,80,,Gas shortage,,Dhaka,,,
ghorashal78max,Gas,QRPP,2*40,78,78,,,Gas Shortage,,Dhaka,,,
siddhirganj335,Gas,EGCB,1*217,217,217,37,,Gas shortage,,Dhaka,,,
gazipurrpcl,HFO,IPP,6*8.9,52,52,,4,,,Dhaka,,,
barabkundaregent,Gas,"SIPP, PDB",8*2.90,22,22,,5,,,Chattogram,,,
ashuganjst5,Gas,APSCL,1*150,150,134,54,,Gas shortage,,Cumilla,,,
ashuganjprecision55,Gas,RPP ,15*4,55,55,0,,,,Cumilla,,,
shajibazar330,Gas,PDB,3*110,330,330,,86,ST Under maint.,,Sylhet,,,
siddhirgonj2120g,Gas,EGCB, 2*105,210,210,,110,GT-2 Under S/D,,Dhaka,,,
siddhirganj100dutchbangla,HFO,NENP,12*8.9,100,100,,80,Engine problem,,Dhaka,,,
chattogram1,Gas,PDB,1*210,210,180,,70,,,Chattogram,,,
mirsharai150,Gas/HFO,BPDB-RPCL,18.5*9,163,163,5,,,,Chattogram,,,
rampal1320bifpcl,Coal,NTPC&BPDB,660*2,617,617,167,,,,Khulna,,,
juldah2acorn,HFO,IPP,8*13.6,100,100,24,,Fuel shortage,,Chattogram,,,
mymensingh200ed,HFO,IPP,9.78*21,200,200,,27,Engine problem,,Mymensingh,,,
fenchugonj51barakatullah,Gas,RPP ,19*2.90,51,51,39,,Gas shortage,,Sylhet,,,
khulna115kpcl2,HFO,NENP,7*17,115,115,,33,Engine problem,,Khulna,,,
noapara100banglatrac,HSD,IPP,70*1.4,100,100,60,,Fuel shortage,,Khulna,,,
payra1320,Coal,BCPCL,2*622,1244,1244,,622,Unit-2 under maint.,,Barisal,,,
siddhirganj100dutchbangla,HFO,NENP,12*8.9,100,100,82,,Fuel shortage,,Dhaka,,,
anwara300ed,HFO,IPP,17*17+24,300,300,179,,Fuel shortage,,Chattogram,,,
titas50peaking,HFO,PDB,6*8.92,52,52,,2,Engine problem,,Cumilla,,,
rampal1320bifpcl,Coal,NTPC&BPDB,660*2,617,617,,,Unit-2 RRT,,Khulna,,,
energypacpowerventurethakurgaon,HFO,IPP,115,115,115,4,,Fuel shortage,,Rangpur,,,
sylhet225,Gas,PDB,1*142+1*89,231,231,,116,Machine problem,,Sylhet,,,
rampal1320bifpcl,Coal,NTPC&BPDB,660*2,617,617,67,,Coal shortage,,Khulna,,,
ghorasal12,Gas,PDB,2*55,110,85,15,,,,Dhaka,,,
ghorashal108regent,Gas,IPP,34*3.35,108,108,,17,Machine problem,,Dhaka,,,
haripur360hpl,Gas,IPP,1*235+1*125,360,360,,,Under maint.,2022-03-30 00:00:00,Dhaka,,,
bibiyanaiii400,Gas,PDB,400 MW,400,400,260,,Gas shortage,,Sylhet,,,
baghabari100g,Gas,PDB,1*100,100,100,0,,,,Rajshahi,,,
santahar50peaking,HFO,PDB,6*8.7,50,50,,28,Engine problem,,Rajshahi,,,
anlimaenergy,HFO,IPP,6*21.2,116,116,,,Reserve,,Chattogram,,,
ashuganj225,Gas,APSCL,1*142+1*75,221,221,,71,ST Under S/D,,Cumilla,,,
chandpur150,Gas,PDB,1*106+1*57,163,163,,83, ST under maint.,,Cumilla,,,
shahjibazar86shahjibazar,Gas,RPP ,32*2.90,86,86,,34,Engine problem,,Sylhet,,,
sylhet225,Gas,PDB,1*142+1*89,231,231,,231,S/S maintenance work,,Sylhet,,,
madanganj102summit,HFO,QRPP ,6*17,102,100,,,Engine problem,,Dhaka,,,
ashuganj225,Gas,APSCL,1*142+1*75,221,221,5,,Gas shortage,,Cumilla,,,
karnaphulihydro12345,Hydro,PDB,2*40+3*50,230,230,,158,"Low Water Level & Unit 2 & 4,5  U/M.",,Chattogram,,,
fenchugonjphase2,Gas,PDB,2*35+1*35,104,90,,45,Machine problem.,,Sylhet,,,
shajibazar330,Gas,PDB,3*110,330,330,,180,,,Sylhet,,,
ghorashal108regent,Gas,IPP,34*3.35,108,108,102,,Gas shortage,,Dhaka,,,
sikalbaha225,Gas/HSD,PDB,1*150+1*75,225,225,,75,ST under maint.,,Chattogram,,,
juldah1001acorn,HFO,NENP,8*13.45,100,100,33,,Fuel shortage,,Chattogram,,,
bheramara410,Gas,NWPGCL,1*278+1*132,410,410,30,,,,Khulna,,,
rampal1320bifpcl,Coal,NTPC&BPDB,660*2,617,617,617,,,,Khulna,,,
confidencepowerbogura1113,HFO,IPP,6*18.55,113,113,13,,,,Rajshahi,,,
rangpur113confidence,HFO,IPP,9*6.984+7*7.015+3.15*2,113,113,13,,,,Rangpur,,,
siddhirganj335,Gas,EGCB,1*217+118,335,335,,175,ST under maint,,Dhaka,,,
kodda1491summit,HFO,IPP,8*18.45+8.97,149,149,22,,Fuel shortage,,Dhaka,,,
barabkunda22regent,Gas,"SIPP, PDB",8*2.90,22,22,,10,Engine problem,,Chattogram,,,
ashuganj450south,Gas,APSCL,1*360,360,360,70,,FGMO,,Cumilla,,,
ashuganj150midland,HFO,IPP,23*7.015,150,150,107,,Fuel shortage,,Cumilla,,,
chandpur150,Gas,PDB,1*106+1*57,163,163,82,,Gas shortage.,,Cumilla,,,
tangail22doreen,Gas,"SIPP, PDB",8*2.90,22,22,,9,Engine problem,,Mymensingh,,,
mymensingh200ed,HFO,IPP,9.78*21,200,200,73,,Fuel shortage,,Mymensingh,,,
faridpur50peaking,HFO,PDB,8*6.89,54,54,10,,Fuel shortage,,Khulna,,,
gopalganj100peaking,HFO,PDB,16*6.98,109,109,54,,Fuel shortage,,Khulna,,,
sirajgonj2253,Gas/HSD,NWPGCL,1*141,220,220,66,,Gas shortage,,Rajshahi,,,
ashuganj150midland,HFO,IPP,23*7.015,150,150,,75,Engine,,Cumilla,,,
jangalia52lakdanavi,HFO,IPP,6*8.92,52,52,,0,,,Cumilla,,,
fenchugonjphase1,Gas,PDB,2*32+1*33,97,70,,50,,,Sylhet,,,
sylhet225,Gas,PDB,1*142+1*89,231,231,,71,Gas shortage,,Sylhet,,,
anwaraed,HFO,United Group,300 MW,0,0,,,on test,,Chattogram,,,
ashuganjprecision55,Gas,RPP ,15*4,55,55,30,,Gas Shortage,,Cumilla,,,
mymensinghrpcl210,Gas,IPP,4*35+1*70,210,202,49,,Gas shortage,,Mymensingh,,,
sylhetepl50,Gas,RPP ,27*2,50,50,,8,Engine problem,,Sylhet,,,
meghnaghatsummit,Gas,IPP,2*110+1*110,305,305,,110,GT-2 under maint.,,Dhaka,,,
sylhet150,Gas,PDB,1*142,142,142,,150,Under maint.,,Sylhet,,,
ghorasal5,Gas,PDB,1*210,210,190,,20,,,Dhaka,,,
ghorasal3657,Gas,PDB,1*243+1*122,365,365,,175,Machine problem,,Dhaka,,,
ghorashal108regent,Gas,IPP,34*3.35,108,108,,9,,,Dhaka,,,
meghnaghat450mpl,Gas,IPP,2*150+1*150,450,450,100,,Dirty fuel(Gas),,Dhaka,,,
shajibazar330,Gas,PDB,3*110,330,330,,160,Machine problem,,Sylhet,,,
bibiyanaiii400,Gas,PDB,400 MW,400,400,,150,Engine problem,,Sylhet,,,
gopalganj100peaking,HFO,PDB,16*6.98,109,109,,49,Transformer o/l,,Khulna,,,
ghorashal108regent,Gas,IPP,34*3.35,108,108,93,,Gas shortage,,Dhaka,,,
anwara300ed,HFO,IPP,17*17+24,300,300,195,,Fuel shortage,,Chattogram,,,
ashuganj50,Gas,APSCL,14*3.968,53,45,0,,,,Cumilla,,,
energypacpowerventurethakurgaon,HFO,IPP,115,115,115,80,,Fuel shortage,,Rangpur,,,
siddhirganj335,Gas,EGCB,1*217+118,335,335,115,,ST under maint.,,Dhaka,,,
karnaphulihydro12345,Hydro,PDB,2*40+3*50,230,230,,120,Unit 2 & 5  under maint.,,Chattogram,,,
ashuganj450south,Gas,APSCL,1*360,360,360,,20,FGMO,,Cumilla,,,
sylhet20g,Gas,PDB,1*20,20,20,20,,,,Sylhet,,,
katakhali50northern,HFO,QRPP,6*8.9,50,50,0,,,,Rajshahi,,,
haripur412,Gas,EGCB,1*273+1*139,412,400,,0,,,Dhaka,,,
juldah2acorn,HFO,IPP,8*13.6,100,100,,0,,,Chattogram,,,
ashuganj50,Gas,APSCL,14*3.968,53,45,,1,,,Cumilla,,,
jamalpur115ed,HFO,IPP,9.78*12,115,115,50,,Fuel shortage,,Mymensingh,,,
bhairob545,HFO,IPP,3*18.2,54,54,1,,Fuel shortage,,Mymensingh,,,
barisal307,Coal,IPP,307*1,307,307,,0,,,Barisal,,,
madanganj102summit,HFO,NENP,6*17,102,102,,2,,,Dhaka,,,
aurahati100aggreko,HSD,IPP,0.85*23+0.95*91,100,100,5,,Fuel shortage,,Dhaka,,,
kanchanpurbachalpowergeneration,HFO,IPP,18.4*3,55,55,1,,Fuel shortage,,Dhaka,,,
chattogram108ecpv,HFO,IPP,16*7,108,108,84,,DCT & Fuel shortage,,Chattogram,,,
ashuganj450south,Gas,APSCL,1*360,360,360,,55,Gas shortage,,Cumilla,,,
chowmuhani113,HFO,IPP,12*9.78+2*3.1,113,113,6,,,,Cumilla,,,
rpcl210,Gas,IPP,4*35+1*70,210,202,109,,Gas shortage,,Mymensingh,,,
mymensingh200ed,HFO,IPP,9.78*21,200,200,,18,Engine problem,,Mymensingh,,,
noapara100banglatrac,HSD,IPP,70*1.4,100,100,40,,Fuel shortage,,Khulna,,,
shajibazar330,Gas,PDB,3*110,330,330,,160,GT-1 & ST-1 Under maint.,,Sylhet,,,
amnura50sinha,HFO,QRPP,7*7.79,50,50,30,,Engine problem,,Rajshahi,,,
madanganj55summit,HFO,IPP,3*17.08+1*11.3,55,55,,15,Engine problem,,Dhaka,,,
siddhirganj100dutchbangla,HFO,NENP,12*8.9,100,100,,10,,,Dhaka,,,
manikgonj162mpgl,HFO,IPP,9*18,162,162,91,,Fuel shortage,,Dhaka,,,
sylhet225,Gas,PDB,1*142+1*89,231,231,,89,ST under maint,,Sylhet,,,
bheramara410,Gas,NWPGCL,1*278+1*132,410,410,55,,,,Khulna,,,
bhola225,Gas,PDB,2*63+1*68,194,194,114,,Gas shortage ,,Barisal,,,
karnaphulihydro12345,Hydro,PDB,2*40+3*50,230,230,188,,Low water level,,Chattogram,,,
ashuganj450north,Gas,APSCL,1*360,360,360,,120,,,Cumilla,,,
bheramara360,Gas,NWPGCL,1*278+1*132,410,410,,370,GT at minimum mode+ST under maint,,Khulna,,,
bhola225,Gas,PDB,2*63+1*68,194,194,,130,GT-1 & ST Under maint.,,Barisal,,,
hathazari100peaking,HFO,PDB,11*8.9,98,98,,98,under S/D.,,Chattogram,,,
chandpur200deshenergy,HFO,IPP,0,200,200,,50,,,Cumilla,,,
sylhet225,Gas,PDB,1*142+1*89,231,231,,,ST under maint.,,Sylhet,,,
madanganj55summit,HFO,IPP,3*17.08+1*11.3,55,55,,0,,,Dhaka,,,
keraniganj100powerpac,HFO,NENP,8*13.45,100,75,,63,Engine problem,,Dhaka,,,
karnaphulihydro12345,Hydro,PDB,2*40+3*50,230,230,85,,Low water lavel,,Chattogram,,,
chattogram108ecpv,HFO,IPP,16*7,108,108,76,,Fuel shortage,,Chattogram,,,
sylhet225,Gas,PDB,1*142+1*89,231,231,,26,,,Sylhet,,,
shahjahanulla25,Gas,"SIPP, REB",3*9.34,25,25,,7,Engine problem,,Sylhet,,,
barapukuria1,Coal,PDB,1*125,125,85,,25,machine problem,,Rangpur,,,
siddhirgonj2120g,Gas,EGCB, 2*105,210,210,112,,Gas shortage,,Dhaka,,,
juldah1001acorn,HFO,NENP,8*13.45,100,100,,35,Engine problem,,Chattogram,,,
ashuganj225,Gas,APSCL,1*142+1*75,221,221,1,,Gas shortage,,Cumilla,,,
bhairob545,HFO,IPP,3*18.2,54,54,,,DCT,,Cumilla,,,
manikgonj162mpgl,HFO,IPP,9*18,162,162,107,,Fuel shortage,,Dhaka,,,
ashuganj420east,Gas,APSCL,284*1+116*1,400,400,20,,,,Cumilla,,,
sirajgonj2251,Gas/HSD,NWPGCL,1*150+1*75,210,210,,,DCT,,Rajshahi,,,
karnaphulihydro12345,Hydro,PDB,2*40+3*50,230,230,105,,Unit-2 Under S/D ,,Chattogram,,,
ashuganj5,Gas,APSCL,1*150,150,134,,54,Gas shortage,,Cumilla,,,
shajibazar330,Gas,PDB,3*110,330,330,115,,Gas shortage,,Sylhet,,,
bibiyanasouth400,Gas,PDB,400 MW,383,383,,113,ST Under maint.,,Sylhet,,,
bheramara410,Gas,NWPGCL,1*278+1*132,410,410,,,Gas shortage,,Khulna,,,
bhola225,Gas,PDB,2*63+1*68,194,194,,105,,,Barisal,,,
barapukuria2753,Coal,PDB,1*275,274,274,117,,Coal Shortage,,Rangpur,,,
haripur412,Gas,EGCB,1*273+1*139,412,412,162,,,,Dhaka,,,
kodda1491summit,HFO,IPP,8*18.45+8.97,149,149,115,,Fuel shortage,,Dhaka,,,
anwara300ed,HFO,IPP,17*17+24,300,300,,16,Engine problem,,Chattogram,,,
fenilankapower,HFO,IPP,7*18.415+1*9.78,114,114,114,,,,Cumilla,,,
shahjibazarg89,Gas,PDB,2*35,70,66,,,Machine problem,,Sylhet,,,
barisal110summit,HFO,IPP,7*17.076,110,110,,94,Engine problem,,Barisal,,,
payra1320,Coal,BCPCL,2*622,1244,1244,,0,,,Barisal,,,
bera70peaking,HFO,PDB,9*8.29,71,71,,54,Engine problem,,Rajshahi,,,
sirajgonj4004,Gas/HSD,SNWPGCL,1*282+1*132,414,414,,44,Gas shortage,,Rajshahi,,,
ghorashal108regent,Gas,IPP,34*3.35,108,108,,21,Engine problem,,Dhaka,,,
siddhirganj335,Gas,EGCB,1*217+118,335,335,135,,ST shut down,,Dhaka,,,
kodda150,HFO,BPDB-RPCL,9*17.06,149,149,,29,Fuel shortage,,Dhaka,,,
sikalbaha105barakasikalbaha,HFO,IPP,6*17.5,105,105,,,Engine problem,,Chattogram,,,
barabkunda22regent,Gas,"SIPP, PDB",8*2.90,22,22,,11,Engine problem,,Chattogram,,,
anwara300ed,HFO,IPP,17*17+24,300,300,122,,Fuel shortage,,Chattogram,,,
chandpur150,Gas,PDB,1*106+1*57,163,163,,18,Machine problem,,Cumilla,,,
chowmuhani113,HFO,IPP,12*9.78+2*3.1,113,113,87,,Fuel shortage,,Cumilla,,,
jamalpur115ed,HFO,IPP,9.78*12,115,115,,47,Engine problem,,Mymensingh,,,
katakhali50northern,HFO,QRPP,6*8.9,50,50,,,Fuel shortage,,Rajshahi,,,
meghnaghatsummit,Gas,IPP,2*110+1*110,335,335,115,,Gas shortage,,Dhaka,,,
siddhirganj335,Gas,EGCB,1*217+118,335,335,,245,ST under maint & gas shortage,,Dhaka,,,
chandpur150,Gas,PDB,1*106+1*57,163,163,,123,Mach. prob.+ Gas shortage,,Cumilla,,,
sylhet225,Gas,PDB,1*142+1*89,231,231,11,,Gas shortage,,Sylhet,,,
bhola225,Gas,PDB,2*63+1*68,194,194,128,,Gas shortage,,Barisal,,,
sirajgonj2253,Gas/HSD,NWPGCL,1*141,220,220,85,,Gas shortage,,Rajshahi,,,
meghnaghat100iel,HFO,NENP,12*8.9,100,100,16,,Fuel shortage,,Dhaka,,,
payra1320,Coal,BCPCL,2*622,1244,1244,,,Aminbazar Transformer O/L,,Barisal,,,
sirajgonj4004,Gas/HSD,SNWPGCL,1*282+1*132,414,414,,,Red-hot ,,Rajshahi,,,
gazipur100,HFO,RPCL,6*17.5,105,105,0,,,,Dhaka,,,
karnaphulihydro12345,Hydro,PDB,2*40+3*50,230,230,110,,Unit-2 Under S/D ,,Chattogram,,,
bheramara410,Gas,NWPGCL,1*278+1*132,410,410,,410,Under maintenance.,,Khulna,,,
bhola225,Gas,PDB,2*63+1*68,194,194,,128,,,Barisal,,,
ghorasal3657,Gas,PDB,1*243+1*122,365,365,,165,,,Dhaka,,,
ghorashal108regent,Gas,IPP,34*3.35,108,108,,22,Engine problem,,Dhaka,,,
meghnaghat100iel,HFO,NENP,12*8.9,100,100,93,,Fuel shortage,,Dhaka,,,
siddhirganj335,Gas,EGCB,1*217+118,335,335,155,,Gas shortage,,Dhaka,,,
kodda150,HFO,BPDB-RPCL,9*17.06,149,149,,23,Engine problem,,Dhaka,,,
aurahati100aggreko,HSD,IPP,0.85*23+0.95*91,100,100,,,Fuel shortage,,Dhaka,,,
anwara300ed,HFO,IPP,17*17+24,300,300,85,,Fuel shortage,,Chattogram,,,
karnaphulipower,HFO,IPP,18.415*6+6.5,110,110,,55,Fuel shortage,,Chattogram,,,
baghabari200paramount,HSD,IPP,135*1.6,200,200,,30,Fuel shortage,,Rajshahi,,,
energypacpowerventurethakurgaon,HFO,IPP,115,115,115,,48,Fuel shortage,,Rangpur,,,
ashuganj50,Gas,APSCL,14*3.968,53,45,40,40,Gas shortage,,Cumilla,,,
tangailpallipowergen22,HFO,IPP,4*6.7,22,22,7,,Fuel shortage,,Mymensingh,,,
chandpur150,Gas,PDB,1*106+1*57,163,163,,73,Mach. prob.+ Gas shortage,,Cumilla,,,
bhola225,Gas,PDB,2*63+1*68,194,194,106,,Gas shortage,,Barisal,,,
sirajgonj2251,Gas/HSD,NWPGCL,1*150+1*75,210,210,95,,Gas shortage,,Rajshahi,,,
sirajgonj4004,Gas/HSD,SNWPGCL,1*282+1*132,414,414,264,,Gas shortage,,Rajshahi,,,
adanipowerjharkhanda,Coal,Imported power,748*2,1496,1496,,,Declared Capacity,,Rajshahi,,,
karnaphulihydro12345,Hydro,PDB,2*40+3*50,230,230,106,,"Unit 1,2,3 Under S/D ",,Chattogram,,,
sylhet225,Gas,PDB,1*142+1*89,231,231,,81,ST Under maint.,2021-07-08 00:00:00,Sylhet,,,
bheramara410,Gas,NWPGCL,1*278+1*132,410,410,,,under maintenance.,,Khulna,,,
ashuganj450north,Gas,APSCL,1*360,360,360,10,,,,Cumilla,,,
bheramara410,Gas,NWPGCL,1*278+1*132,410,410,20,,,,Khulna,,,
bhola225,Gas,PDB,2*63+1*68,194,194,129,,Gas shortage ,,Barisal,,,
sirajgonj2251,Gas/HSD,NWPGCL,1*150+1*75,210,210,,40,Machine problem,,Rajshahi,,,
ashuganj450north,Gas,APSCL,1*360,360,360,,360,,,Cumilla,,,
fenilankapower,HFO,IPP,7*18.415+1*9.78,114,114,0,,Engine problem & Fuel shortage,,Cumilla,,,
karnaphulihydro12345,Hydro,PDB,2*40+3*50,230,230,169,,Low water lavel,,Chattogram,,,
chandpur200deshenergy,HFO,IPP,0,200,200,,50,Engine problem,,Cumilla,,,
bheramara360,Gas,NWPGCL,1*278+1*132,410,410,,0,GT at minimum mode+ST under maint,,Khulna,,,
meghnaghatsummit,Gas,IPP,2*110+1*110,335,335,85,,FGMO,,Dhaka,,,
madanganj55summit,HFO,IPP,3*17.08+1*11.3,55,55,,0,Engine problem,,Dhaka,,,
gazipur100,HFO,RPCL,6*17.5,105,105,25,,Fuel shortage,,Dhaka,,,
sylhet225,Gas,PDB,1*142+1*89,231,231,,131,ST under S/D,,Sylhet,,,
rampal1320bifpcl,Coal,NTPC&BPDB,617*2,1234,1234,,434,Unit-2 shut down,,Khulna,,,
barapukuria2753,Coal,PDB,1*275,274,274,,84,Machine problem,,Rangpur,,,
madanganj55summit,HFO,(IPP),3*17.08+1*11.3,55,55,,10,,,Dhaka,,,
ghorasal3657,Gas,PDB,1*243+1*122,365,365,,105,ST Under maint.,,Dhaka,,,
sirajgonj2251,Gas/HSD,NWPGCL,1*150+1*75,210,210,122,,Gas shortage,,Rajshahi,,,
kodda1491summit,HFO,IPP,8*18.45+8.97,149,149,,23,Engine problem,,Dhaka,,,
juldah1001acorn,HFO,NENP,8*13.45,100,100,,32,Engine problem,,Chattogram,,,
barabkunda22regent,Gas,"SIPP, PDB",8*2.90,22,22,,8,Engine problem,,Chattogram,,,
ashuganj450south,Gas,APSCL,1*360,360,360,55,,FGMO,,Cumilla,,,
ashuganj150midland,HFO,IPP,23*7.015,150,150,89,,Fuel shortage,,Cumilla,,,
chandpur150,Gas,PDB,1*106+1*57,163,163,80,,Gas shortage.,,Cumilla,,,
fenilankapower,HFO,IPP,7*18.415+1*9.78,114,114,,44,Engine problem,,Cumilla,,,
rpcl210,Gas,IPP,4*35+1*70,210,202,120,,Gas shortage,,Mymensingh,,,
mymensingh200ed,HFO,IPP,9.78*21,200,200,83,,Fuel shortage,,Mymensingh,,,
bhola225,Gas,PDB,2*63+1*68,194,194,,106,Machine problem,,Barisal,,,
meghnaghat100iel,HFO,NENP,12*8.9,100,100,38,,Fuel shortage,,Dhaka,,,
siddhirganj335,Gas,EGCB,1*217+118,335,335,,105,ST under maint.,,Dhaka,,,
barapukuria2753,Coal,PDB,1*275,274,274,64,,Machine problem,,Rangpur,,,
ghorasalst12,Gas,PDB,2*55,110,85,,,ST-1 under maint.,,Dhaka,,,
ghorashalregent,Gas,IPP,34*3.35,108,108,,,Gas Shortage,,Dhaka,,,
bancoenergy54,HFO,IPP,3*18,54,54,,,Engine problem,,Dhaka,,,
barabkundaregent,Gas,"SIPP, PDB",8*2.90,22,22,,,Engine problem,,Chattogram,,,
ashuganjprecision55,Gas,RPP ,15*4,55,55,25,,Gas Shortage,,Cumilla,,,
ghorashal785max,Gas,QRPP,2*40,78,78,78,,Contract Expired,,Dhaka,,,
fenchugonjphase1,Gas,PDB,2*32+1*33,97,70,,50,Engine problem,,Sylhet,,,
ghorasalrepowered3gt,Gas,PDB,1*260,260,260,,260,Under .maint.,,Dhaka,,,
ghorasal5,Gas,PDB,1*210,210,190,,80,Under maint.,,Dhaka,,,
siddhirganj100dutchbangla,HFO,NENP,12*8.9,100,100,,27,Engine problem,,Dhaka,,,
rupganj33summit,Gas,"SIPP,REB",4*8.73,33,33,,10,Engine problem,,Dhaka,,,
kodda3002summit,HFO,IPP,18*17.076,300,300,40,,Fuel shortage,,Dhaka,,,
sikalbaha105barakasikalbaha,HFO,IPP,6*17.5,105,105,89,,Fuel shortage,,Chattogram,,,
mirsharai150,HFO,BPDB-RPCL,18.5*9,163,163,127,,Fuel shortage,,Chattogram,,,
ashuganj225,Gas,APSCL,1*142+1*75,221,221,,76,ST Under maint.,,Cumilla,,,
ashuganj150midland,HFO,IPP,23*7.015,150,150,137,,Fuel shortage,,Cumilla,,,
mymensingh200ed,HFO,IPP,9.78*21,200,200,122,,Fuel shortage,,Mymensingh,,,
bhola225,Gas,PDB,2*63+1*68,194,194,,127,GT-2 & ST Under maint.,,Barisal,,,
ashuganj4,Gas,APSCL,1*150,150,129,29,,,,Cumilla,,,
ashuganj5,Gas,APSCL,1*150,150,134,34,,,,Cumilla,,,
ashuganj55precision,Gas,RPP ,15*4,55,55,,,Gas shortage,,Cumilla,,,
keranigonj300apr,HSD,IPP,256*1.4,300,300,0,,Fuel shortage,,Dhaka,,,
bramhangoan100aggreko,HSD,IPP,114*0.959,100,100,10,,Fuel shortage,,Dhaka,,,
aurahati100aggreko,HSD,IPP,0.85*23+0.95*91,100,100,4,,Fuel shortage,,Dhaka,,,
ashuganj450south,Gas,APSCL,1*360,360,360,,60,Gas shortage,,Cumilla,,,
ghorashal108regent,Gas,IPP,34*3.35,108,108,,108,Machine problem,,Dhaka,,,
bibiyanaiii400,Gas,PDB,400 MW,400,400,160,,Gas shortage,,Sylhet,,,
manikganj55northern,HFO,IPP,3*19.3,55,55,,0,,,Dhaka,,,
bheramara410,Gas,NWPGCL,1*278+1*132,410,410,0,,Gas shortage,,Khulna,,,
karnaphulihydro12345,Hydro,PDB,2*40+3*50,230,230,,159,"Low Water Level & Unit 2 & 4,5  U/M.",,Chattogram,,,
shajibazar330,Gas,PDB,3*110,330,330,,190,GT-2 Under maint.,,Sylhet,,,
barapukuria2753,Coal,PDB,1*275,274,274,99,,Coal shortage,,Rangpur,,,
siddhirganj335,Gas,EGCB,1*217,217,217,,335,Gas Shortage,,Dhaka,,,
baghabari71g,Gas,PDB,1*71,71,71,71,,Gas Shortage,,Rajshahi,,,
ghorasalst5,Gas,PDB,1*210,210,190,75,,Gas shoetage,,Dhaka,,,
bramhangoan100aggreko,HSD,IPP,100,100,100,,,Low demand,,Dhaka,,,
aggrekoaurahati100,HSD,IPP,0.85*23+0.95*91,100,100,,,Low demand,,Dhaka,,,
barabkundaregent,Gas,"SIPP, PDB",8*2.90,22,22,,3,,,Chattogram,,,
ashuganjmidland51,Gas,IPP,6*9.34,51,51,,44,Engine problem,,Cumilla,,,
midland150,HFO,IPP,23*7.015,150,150,,,Low demand.,,Cumilla,,,
ashuganj55precision,Gas,QRPP,15*4,55,55,10,,Gas shortage,,Cumilla,,,
titas50peaking,HFO,PDB,6*8.92,52,52,,30,Cable Problem,,Cumilla,,,
jangalia52lakdanavi,HFO,IPP,6*8.92,52,52,,36,Fuel shortage,,Cumilla,,,
barapukuria1,Coal,PDB,1*125,125,85,,,Coal shortage,,Rangpur,,,
meghnaghat100iel,HFO,NENP,12*8.9,100,100,,-2,Engine problem,,Dhaka,,,
payra1320,Coal,BCPCL,2*622,1244,1244,,,Unit-2 under maint.,,Barisal,,,
chapainawabganj100peaking,HFO,PDB,12*8.924,104,104,,,Enginr problem,,Rajshahi,,,
mirsharai150,Gas/HFO,BPDB-RPCL,18.5*9,163,163,22,,Fuel shortage,,Chattogram,,,
ghorasal12,Gas,PDB,2*55,110,85,,85,Unit-1 & 2 Under maint,,Dhaka,,,
anwara300ed,HFO,IPP,17*17+24,300,300,165,,Fuel shortage,,Chattogram,,,
rpcl210,Gas,IPP,4*35+1*70,210,202,154,,Gas shortage,,Mymensingh,,,
sylhet225,Gas,PDB,1*142+1*89,231,231,,99,,,Sylhet,,,
gazipur100,HFO,RPCL,100 MW,105,105,,0,,,Dhaka,,,
chandpur115doreen,HFO,IPP,115,115,115,,,On test,,Cumilla,,,
bibiyanasouth400,Gas,PDB,400 MW,383,383,,,Under maint.,,Sylhet,,,
energypacpowerventurethakurgaon,HFO,IPP,115,115,115,,,On test,,Rangpur,,,
ghorasalst12,Gas,PDB,2*55,110,85,,50,,,Dhaka,,,
ghorasalgt3,Gas,PDB,1*210,210,170,,170,,,Dhaka,,,
siddhirgonj2120g,Gas,EGCB, 2*105,210,210,25,,Gas shortage,,Dhaka,,,
karnaphulihydro12345,Hydro,PDB,2*40+3*50,230,230,100,,Unit 2 & 5 under maint.,,Chattogram,,,
ashuganj225,Gas,APSCL,1*142+1*75,221,221,,,ST under maint,,Cumilla,,,
ashuganj450south,Gas,APSCL,1*360,360,360,,,Under  maint.,,Cumilla,,,
sirajgonj2253,Gas/HSD,NWPGCL,1*141,220,220,,220,under maint,,Rajshahi,,,
meghnaghatsummit,Gas,IPP,2*110+1*110,335,335,45,,Gas shortage,,Dhaka,,,
titas50peaking,HFO,PDB,6*8.92,52,52,,17,Machine problem,,Cumilla,,,
rampal1320bifpcl,Coal,NTPC&BPDB,660*2,617,617,,307,Turbine leakage,,Khulna,,,
ashuganj55precision,Gas,NENP,0,55,55,45,,Gas shortage,,Cumilla,,,
sylhet225,Gas,PDB,1*142+1*89,231,231,,93,Under maint.,,Sylhet,,,
rampal1320bifpcl,Coal,NTPC&BPDB,617*2,1234,1234,,617,Unit-1 Under maint.,,Khulna,,,
natore52rajlanka,HFO,IPP,6*8.92,52,52,,0,Engine problem,,Rajshahi,,,
sylhet225,Gas,PDB,1*142+1*89,231,231,,231,machine problem,,Sylhet,,,
bhola225,Gas,PDB,2*63+1*68,194,194,,114,Machine problem,,Barisal,,,
siddhirganj100dutchbangla,HFO,NENP,12*8.9,100,100,,76,Engine problem,,Dhaka,,,
ashuganj150midland,HFO,IPP,23*7.015,150,150,0,,,,Cumilla,,,
jangalia52lakdanavi,HFO,IPP,6*8.92,52,52,,1,,,Cumilla,,,
khulna115kpcl2,HFO,NENP,7*17,115,115,,34,Engine problem,,Khulna,,,
meghnaghat450mpl,Gas,IPP,2*150+1*150,450,450,225,,GT-2 S/D Gas shortage,,Dhaka,,,
ashuganj450north,Gas,APSCL,1*360,360,360,,,Bus maintenance.,,Cumilla,,,
titas50peaking,HFO,PDB,6*8.92,52,52,,3,Engine problem,,Cumilla,,,
barapukuria2753,Coal,PDB,1*275,274,274,,274,,,Rangpur,,,
shahjahanulla25,Gas,"SIPP, REB",3*9.34,25,25,,9,Machine problem,,Sylhet,,,
siddhirgonjgt12,Gas,EGCB, 2*105,210,210,143,,Gas shortage,,Dhaka,,,
sikalbahapeakinggt,Gas/HSD,PDB,1*150 ,150,150,,0,Under maint.,,Chattogram,,,
ashuganjst5,Gas,APSCL,1*150,150,134,134,,Under maint.,,Cumilla,,,
chandpur,Gas,PDB,1*106+1*57,163,163,,73,,,Cumilla,,,
mymensinghrpcl210,Gas,IPP,4*35+1*70,210,202,36,,Gas shortage,,Mymensingh,,,
fenchugonj2,Gas,PDB,!F71,104,90,,30,,,Sylhet,,,
sylhetgt150,Gas,PDB,1*142,142,142,,142,,,Sylhet,,,
bheramara360,Gas,NWPGCL,1*278+1*132,410,410,0,,Gas shortage,,Khulna,,,
sirajgonj2225,Gas/HSD,NWPGCL,1*150+1*75,220,220,,,Under S/D.,,Rajshahi,,,
sirajgonj4414,Gas,SNWPGCL,1*282,282,282,282,,Under S/D.,,Rajshahi,,,
karnaphulihydro12345,Hydro,PDB,2*40+3*50,230,230,,30,Machine problem,,Chattogram,,,
titas50peaking,HFO,PDB,6*8.92,52,52,,14,Machine problem,,Cumilla,,,
sylhet225,Gas,PDB,1*142+1*89,231,231,,49,Machine problem,,Sylhet,,,
khulna225,HSD,NWPGCL,1*150+1*75,230,230,,75,ST not available,,Khulna,,,
bhola95aggreko,Gas,QRPP,96*1.10,95,95,9,,Gas shortage,,Barisal,,,
rangpur113confidence,HFO,IPP,113 MW,113,113,,16,Engine problem,,Rangpur,,,
kanchanpurbachalpowergeneration,HFO,IPP,18.4*3,55,55,20,,Engine problem.,,Dhaka,,,
hathazari100peaking,HFO,PDB,11*8.9,98,98,43,,Fuel shortage,,Chattogram,,,
fenchuganj44energyprima,Gas,NENP,12*3.3+5*2,50,50,,,Engine problem,,Sylhet,,,
madhumati100,HFO,NWPGCL,6*18,105,105,4,,,,Khulna,,,
bramhangoan100aggreko,HSD,IPP,114*0.959,100,100,,20,Engine problem,,Dhaka,,,
aurahati100aggreko,HSD,IPP,0.85*23+0.95*91,100,100,50,,Fuel Shortage,,Dhaka,,,
juldah1001acorn,HFO,NENP,8*13.45,100,100,80,,Fuel shortage,,Chattogram,,,
jamalpur115ed,HFO,IPP,9.78*12,115,115,,0,Engine problem,,Mymensingh,,,
bibiyanaiii400,Gas,PDB,400 MW,400,400,,120,ST under maint.,,Sylhet,,,
bhola225,Gas,PDB,2*63+1*68,194,194,194,,Gas shortage ,,Barisal,,,
baghabari200paramount,HSD,IPP,135*1.6,200,200,50,,Fuel shortage,,Rajshahi,,,
rangpur113confidence,HFO,IPP,9*6.984+7*7.015+3.15*2,113,113,,22,Engine problem,,Rangpur,,,
barapukuria1,Coal,PDB,1*125,125,85,11,,,,Rangpur,,,
kodda3002summit,HFO,IPP,18*17.076,300,300,,20,Engine problem.,,Dhaka,,,
rupsha105orionrupsha,HFO,IPP,6*18.445,105,105,,35,Engine problem,,Khulna,,,
kodda3002summit,HFO,IPP,18*17.076,300,300,20,,Engine problem,,Dhaka,,,
rampal1320bifpcl,Coal,NTPC&BPDB,660*2,617,617,,,Machine tripped at 10:58.,,Khulna,,,
sirajgonj4004,Gas/HSD,SNWPGCL,1*282+1*132,414,414,,414,Gas shortage,,Rajshahi,,,
meghnaghat100iel,HFO,NENP,12*8.9,100,100,,84,Engine problem,,Dhaka,,,
madanganj55summit,HFO,IPP,3*17.08+1*11.3,55,55,45,,Fuel shortage,,Dhaka,,,
gagnagar102digitalpower,HFO,IPP,12*8.924,102,102,,21,Engine problem,,Dhaka,,,
patenga50baraka,HFO,IPP,8*6.98,50,50,44,,fuel shortage,,Chattogram,,,
karnaphulihydro12345,Hydro,PDB,2*40+3*50,230,230,95,,Low water lavel,,Chattogram,,,
chattogram108ecpv,HFO,IPP,16*7,108,108,89,,Fuel shortage,,Chattogram,,,
jamalpur115ed,HFO,IPP,9.78*12,115,115,47,,Fuel shortage,,Mymensingh,,,
chandpur150,Gas,PDB,1*106+1*57,163,163,,123,Engine problem,,Cumilla,,,
kodda1491summit,HFO,IPP,8*18.45+8.97,149,149,105,,Fuel shortage,,Dhaka,,,
ashuganj51midland,Gas,IPP,6*9.34,51,51,0,,Gas shortage,,Cumilla,,,
sylhet225,Gas,PDB,1*142+1*89,231,231,,231,ST Under maint.,,Sylhet,,,
bibiyanasouth400,Gas,PDB,400 MW,383,383,,83,DP high.,,Sylhet,,,
rupsha105orionrupsha,HFO,IPP,6*18.445,105,105,,32,Engine problem,,Khulna,,,
bhola225,Gas,PDB,2*63+1*68,194,194,,74,Gt-2 & ST Under maint.,,Barisal,,,
fenchugonjphase2,Gas,PDB,2*35+1*35,104,90,,48,,,Sylhet,,,
katakhali50peaking,HFO,PDB,6*8.7,50,50,14,,Engine problem,,Rajshahi,,,
haripur412,Gas,EGCB,1*273+1*139,412,400,120,,Gas shortage,,Dhaka,,,
narshingdi22doreen,Gas,"SIPP, REB",8*2.90,22,22,,,Contract Expired,,Dhaka,,72.0,
gagnagar102digitalpower,HFO,IPP,12*8.924,102,102,19,,Fuel shortage,,Dhaka,,,
bhola95aggreko,Gas,QRPP,96*1.10,95,95,74,,Gas shortage,,Barisal,,,
karnaphulihydro12345,Hydro,PDB,2*40+3*50,230,230,175,,Low Water Level ,,Chattogram,,,
hathazari100peaking,HFO,PDB,11*8.9,98,98,,66,Engine problem,,Chattogram,,,
chandpur150,Gas,PDB,1*106+1*57,163,163,63,,Gas shortage,,Cumilla,,,
tangailpallipowergen22,HFO,IPP,4*6.7,22,22,,-2,Engine problem,,Mymensingh,,,
sylhet225,Gas,PDB,1*142+1*89,231,231,,31,Partial Shutdown due to maintenance,,Sylhet,,,
ghorasal3657,Gas,PDB,1*243+1*122,365,365,,165,GBC problem,,Dhaka,,,
karnaphulipower,HFO,IPP,18.415*6+6.5,110,110,,48,Engine problem,,Chattogram,,,
ashuganj50,Gas,APSCL,14*3.968,53,45,5,,Gas shortage,,Cumilla,,,
payra1320,Coal,BCPCL,2*622,1244,1244,,944,Rampal Test,,Barisal,,,
bosila108clc,HFO,IPP,12*8.775+1*3.5,108,108,,63,Engine problem,,Dhaka,,,
shajibazar330,Gas,PDB,3*110,330,330,,67,,,Sylhet,,,
shajibazar330,Gas,PDB,3*110,330,330,,70,Engine problem,,Sylhet,,,
shahjibazarg89,Gas,PDB,2*35,70,66,,,GT=08 under maint.,,Sylhet,,,
siddhirgonj2120g,Gas,EGCB, 2*105,210,210,,150,GT-1 Under maint,,Dhaka,,,
siddhirganj100dutchbangla,HFO,NENP,12*8.9,100,100,,70,Engine problem,,Dhaka,,,
chandpur200deshenergy,HFO,IPP,12*18.4,200,200,120,,Fuel shortage,,Cumilla,,,
mymensingh200ed,HFO,IPP,9.78*21,200,200,,45,Fuel shortage,,Mymensingh,,,
jamalpur115ed,HFO,IPP,9.78*12,115,115,,17,Engine prolem,,Mymensingh,,,
rupsha105orionrupsha,HFO,IPP,6*18.445,105,105,57,,Fuel shortage,,Khulna,,,
sylhet225,Gas,PDB,1*142+1*89,231,231,,81,ST under maint,,Sylhet,,,
bholanutanbiddutbd,Gas,IPP,220,220,220,,,GT-2 Under maint,,Barisal,,,
meghnaghat450mpl,Gas,IPP,2*150+1*150,450,450,225,,GT-2 S/D,,Dhaka,,,
sikalbaha225,Gas/HSD,PDB,1*150+1*75,225,225,,75,DP High,,Chattogram,,,
ashuganj55precision,Gas,NENP,0,55,55,9,,Gas shortage,,Cumilla,,,
fenchugonjphase2,Gas,PDB,2*35+1*35,104,90,,80,Gas shortage,,Sylhet,,,
juldahacorn,HFO,QRPP,8*13.45,100,100,,45,Engine problem,,Chattogram,,,
tangaildoreen22,Gas,"SIPP, PDB",8*2.90,22,22,,5,Engine Problem,,Mymensingh,,,
sylhetepl50,Gas,RPP ,27*2,50,50,,9,Engine problem,,Sylhet,,,
siddhirganj335,Gas,EGCB,1*217+118,335,335,55,,,,Dhaka,,,
shahjibazar86shahjibazar,Gas,RPP ,32*2.90,86,86,26,,Gas shortage,,Sylhet,,,
kodda1491summit,HFO,IPP,8*18.45+8.97,149,149,,31,Engine problem,,Dhaka,,,
ashuganj450north,Gas,APSCL,1*360,360,360,45,,Gas shortage,,Cumilla,,,
fenilankapower,HFO,IPP,7*18.415+1*9.78,114,114,44,,Fuel shortage,,Cumilla,,,
energypacpowerventurethakurgaon,HFO,IPP,115,115,115,,0,Engine problem,,Rangpur,,,
ashuganj195modular,Gas,IPP,20*9.73+1*16,195,195,15,,Gas Shortage,,Cumilla,,,
keraniganj100powerpac,HFO,QRPP,8*13.45,100,100,,90,Fuel shortage,,Dhaka,,,
gazipur100,HFO,RPCL,100 MW,105,105,,33,Engine problem,,Dhaka,,,
karnaphulihydro12345,Hydro,PDB,2*40+3*50,230,230,61,,Low water level & Unit-3 S/D,,Chattogram,,,
ashuganj150midland,HFO,IPP,23*7.015,150,150,,15,Engine problem,2021-08-31 00:00:00,Cumilla,,,
rpcl210,Gas,IPP,4*35+1*70,210,202,52,,Gas shortage,2021-09-01 00:00:00,Mymensingh,,,
chandpur150,Gas,PDB,1*106+1*57,163,163,,113,,,Cumilla,,,
kushiara163kp,Gas,IPP,1*109+1*54,163,163,,163,Under shut dowm,,Sylhet,,,
sylhet150,Gas,PDB,1*142,142,142,42,,Gas shortage,,Sylhet,,,
bhola225,Gas,PDB,2*63+1*68,194,194,,97,GT-2 under shut down,,Barisal,,,
bibiyanaiii400,Gas,PDB,400 MW,400,400,,315,ST Commissoning,,Sylhet,,,
baghabari100g,Gas,PDB,1*100,100,100,40,,gas shortage,,Rajshahi,,,
sirajgonj2252,Gas/HSD,NWPGCL,1*150+1*75,220,220,220,,Under S/D,,Rajshahi,,,
chandpur115doreen,HFO,IPP,4*18.5+2*22.5,115,115,,14,,,Cumilla,,,
madanganj102summit,HFO,NENP,6*17,102,102,,37,Engine problem,,Dhaka,,,
karnaphulihydro12345,Hydro,PDB,2*40+3*50,230,230,,109,Engine problem,,Chattogram,,,
ashuganj195apscled,Gas,IPP,20*9.73+1*16,195,195,165,,Gas shortae,,Cumilla,,,
tangail22doreen,Gas,"SIPP, PDB",8*2.90,22,22,,4,Contract Expired,,Mymensingh,,,
haripur412,Gas,EGCB,1*273+1*139,412,400,,50,machine problem,,Dhaka,,,
kodda1491summit,HFO,IPP,8*18.45+8.97,149,149,34,,fuel shortage,,Dhaka,,,
ghorasalrepowered3,Gas,PDB,1*210,210,170,,90,,,Dhaka,,,
haripur412,Gas,EGCB,1*273+1*139,412,400,20,,Gas shortage,,Dhaka,,,
kodda150,HFO,BPDB-RPCL,9*17.06,149,149,,0,Engine problem,,Dhaka,,,
sikalbaha105barakasikalbaha,HFO,IPP,6*17.5,105,105,,0,,,Chattogram,,,
adanipowerjharkhanda,Coal,Imported power,748*2,1496,1496,,748,,,Rajshahi,,,
energypacpowerventurethakurgaon,HFO,IPP,115,115,115,,0,,,Rangpur,,,
katakhali50northern,HFO,QRPP,6*8.9,50,50,0,,Fuel shortage,,Rajshahi,,,
ashuganjst5,Gas,APSCL,1*150,150,134,34,,Gas Shortage,,Cumilla,,,
ashuganjsouth,Gas,APSCL,1*360,360,360,,,Under maint.,26/02/2019,Cumilla,,,
fenchugonj1,Gas,PDB,2*32+1*33,97,70,,10,,,Sylhet,,,
summitbibiana2,Gas,IPP,1*222+1*119,341,341,,,Under maint,,Sylhet,,,
khulna115kpcl2,HFO,QRPP,7*17,115,115,15,,Fuel shortage,,Khulna,,,
sirajgonj2252,Gas/HSD,NWPGCL,1*150+1*75,220,220,75,,Gas shortage,,Rajshahi,,,
kodda150,HFO,BPDB-RPCL,9*17.06,149,149,,0,,,Dhaka,,,
karnaphulipower,HFO,IPP,18.415*6+6.5,110,110,,0,,,Chattogram,,,
anlimaenergy,HFO,IPP,6*21.2,116,116,,8,,,Chattogram,,,
ashuganj450north,Gas,APSCL,1*360,360,360,40,,Gas shortage ,,Cumilla,,,
kushiara163kp,Gas,IPP,1*109+1*54,163,163,53,,ST under maint.,,Sylhet,,,
fenchugonj51barakatullah,Gas,RPP ,19*2.90,51,51,18,,Gas shortage,,Sylhet,,,
shahjibazar86shahjibazar,Gas,RPP ,32*2.90,86,86,8,,Gas shortage,,Sylhet,,,
sirajgonj2251,Gas/HSD,NWPGCL,1*150+1*75,210,210,47,,Gas shortage,,Rajshahi,,,
ashuganj450south,Gas,APSCL,1*360,360,360,,360,ST under maint.,,Cumilla,,,
haripur412,Gas,EGCB,1*273+1*139,412,412,,139,ST Under maint.,,Dhaka,,,
ashuganj450north,Gas,APSCL,1*360,360,360,,120,ST under maint.,,Cumilla,,,
ashuganj51midland,Gas,IPP,6*9.34,51,51,,24,Engine problem,,Cumilla,,,
confidencepowerbogura1113,HFO,IPP,6*18.55,113,113,,,On test,,Rajshahi,,,
bibiyanaiii400,Gas,PDB,285*1+134*1,400,400,,115,ST under maint,,Sylhet,,,
bholanutanbiddutbd,Gas,IPP,220,220,220,,0,,,Barisal,,,
karnaphulihydro12345,Hydro,PDB,2*40+3*50,230,230,84,,Low water level,,Chattogram,,,
jamalpur115ed,HFO,IPP,115 MW,115,115,,15,Engine problem,2021-09-13 00:00:00,Mymensingh,,,
meghnaghatsummit,Gas,IPP,2*110+1*110,305,305,15,,Gas shortage,,Dhaka,,,
chandpur150,Gas,PDB,1*106+1*57,163,163,73,,ST Under maint.,,Cumilla,,,
shahjibazarg89,Gas,PDB,2*35,70,66,,46,Gt-9 under maint.,,Sylhet,,,
sspoweri,Coal,SS Power ,2*612,1224,1224,,24,,,Chattogram,,,
chandpur150,Gas,PDB,1*106+1*57,163,163,118,,Gas shortage,,Cumilla,,,
meghnaghat100iel,HFO,NENP,12*8.9,100,100,,0,Engine problem,,Dhaka,,,
chattogram1,Gas,PDB,1*210,210,180,102,,Gas shortage,,Chattogram,,,
sspoweri,Coal,SS Power ,2*612,1224,1224,,,Line S/D,,Chattogram,,,
siddhirganj100dutchbangla,HFO,NENP,12*8.9,100,100,76,,Fuel shortage,,Dhaka,,,
karnaphulihydro12345,Hydro,PDB,2*40+3*50,230,230,,22,Engine problem,,Chattogram,,,
dohazarikalaish100peaking,HFO,PDB,6*17,102,102,,70,Engine problem,,Chattogram,,,
adanipowerjharkhanda,Coal,Imported power,748*2,1496,1496,346,,,,Rajshahi,,,
ghorasalst7,Gas,PDB,1*243+1*122,365,365,,,Gas booster problem,,Dhaka,,,
madanganj102,HFO,QRPP ,6*17,102,100,,35,Transformer maint.,,Dhaka,,,
patenga50,HFO,IPP,8*6.98,50,50,,,MVAR problem,,Chattogram,,,
mymensinghrpcl210,Gas,IPP,4*35+1*70,210,202,100,,Gas shortage,,Mymensingh,,,
rpcl210,Gas,IPP,4*35+1*70,210,202,60,,Gas shortage,,Mymensingh,,,
bhola225,Gas,PDB,2*63+1*68,194,194,113,,Gas shortage & GT-2 S/D,,Barisal,,,
haripur412,Gas,EGCB,1*273+1*139,412,412,,,ST under maint.,,Dhaka,,,
meghnaghatsummit,Gas,IPP,2*110+1*110,305,305,155,,"FGMO, GT-1 under maint.",,Dhaka,,,
fenchugonjphase2,Gas,PDB,2*35+1*35,104,90,60,,Gas shortage,,Sylhet,,,
siddhirganj335,Gas,EGCB,1*217+118,335,335,,,Under maint.,,Dhaka,,,
gagnagar102digitalpower,HFO,IPP,12*8.924,102,102,37,,Lub Oil problem,,Dhaka,,,
maona33summit,Gas,"SIPP,REB",4*8.73,33,33,,1,Engine problem,,Dhaka,,,
kodda3002summit,HFO,IPP,18*17.076,300,300,0,,,,Dhaka,,,
patenga50baraka,HFO,IPP,8*6.98,50,50,,30,Fuel shortage,,Chattogram,,,
karnaphulipower,HFO,IPP,18.415*6+6.5,110,110,,58,Fuel shortage,,Chattogram,,,
rpcl210,Gas,IPP,4*35+1*70,210,202,118,,Gas shortage,,Mymensingh,,,
fenchuganj44energyprima,Gas,NENP,12*3.3+5*2,50,50,7,,,,Sylhet,,,
bibiyanaiii400,Gas,PDB,285*1+134*1,400,400,,125,ST under S/D.,,Sylhet,,,
bhola225,Gas,PDB,2*63+1*68,194,194,,59,GT-1 Under maint,,Barisal,,,
sirajgonj4004,Gas/HSD,SNWPGCL,1*282+1*132,414,414,-6,,,,Rajshahi,,,
meghnaghat450mpl,Gas,IPP,2*150+1*150,450,450,110,,Gas shortage,,Dhaka,,,
meghnaghatsummit,Gas,IPP,2*110+1*110,335,335,,30,,,Dhaka,,,
madanganj102summit,HFO,QRPP ,6*17,102,102,,7,Engine problem,,Dhaka,,,
fenchugonj51barakatullah,Gas,RPP ,19*2.90,51,51,34,,Gas shortage,,Sylhet,,,
fenchuganj44energyprima,Gas,RPP,12*3.3+5*2,50,50,35,,Gas shortage,,Sylhet,,,
sylhet50epl,Gas,RPP ,27*2,50,50,34,,Gas shortage,,Sylhet,,,
karnaphulihydro12345,Hydro,PDB,2*40+3*50,230,230,,71,Engine problem,,Chattogram,,,
ashuganj195apscled,Gas,IPP,20*9.73+1*16,195,195,179,,Gas shortae,,Cumilla,,,
ghorashal108regent,Gas,IPP,34*3.35,108,108,,12,Engine problem,,Dhaka,,,
meghnaghat104opcl,HFO,IPP,18.5*6,104,104,10,,Fuel shortage,,Dhaka,,,
sikalbaha225,Gas/HSD,PDB,1*150+1*175,225,225,,75,ST under S/D,,Chattogram,,,
jangalia52lakdanavi,HFO,IPP,6*8.92,52,52,20,,Engine problem,,Cumilla,,,
khulna225,HSD,NWPGCL,1*150+1*75,230,230,80,,Fuel shortage,,Khulna,,,
energypacpowerventurethakurgaon,HFO,IPP,115,115,115,,40,Fuel shortage,,Rangpur,,,
chandpur150,Gas,PDB,1*106+1*57,163,163,,68,Machine problem,,Cumilla,,,
tangail22doreen,Gas,"SIPP, PDB",8*2.90,22,22,,22,Engine problem,,Mymensingh,,,
jamalpur95powerpac,HFO,IPP,12*8.924,95,95,,25,Engine problem,,Mymensingh,,,
sylhet225,Gas,PDB,1*142+1*89,231,231,,94,Machine problem,,Sylhet,,,
siddhirganj335,Gas,EGCB,1*217+118,335,335,,165,ST under maint.,,Dhaka,,,
gazipur100,HFO,RPCL,6*17.5,105,105,,35,Engine problem,,Dhaka,,,
patenga50baraka,HFO,IPP,8*6.98,50,50,6,,,,Chattogram,,,
bibianaii341summit,Gas,IPP,1*222+1*119,341,341,,36,FGMO,,Sylhet,,,
khulna115kpcl2,HFO,NENP,7*17,115,115,,52,Engine problem,,Khulna,,,
sikalbaha225,Gas/HSD,PDB,1*150+1*175,225,225,45,,Gas Shortage,,Chattogram,,,
sirajgonj2251,Gas/HSD,NWPGCL,1*150+1*75,210,210,,,ST Under maint.,,Rajshahi,,,
ghorasal3657,Gas,PDB,1*243+1*122,365,365,,45,Gas shortage,,Dhaka,,,
ashuganj450north,Gas,APSCL,1*360,360,360,100,,ST under maint,,Cumilla,,,
sylhet225,Gas,PDB,1*142+1*89,231,231,,51,,,Sylhet,,,
meghnaghat100iel,HFO,NENP,12*8.9,100,100,,35,Engine problem,,Dhaka,,,
meghnaghatsummit,Gas,IPP,2*110+1*110,335,335,185,,Engine problem,,Dhaka,,,
gagnagar102digitalpower,HFO,IPP,12*8.924,102,102,8,,Engine problem,,Dhaka,,,
ashuganj450north,Gas,APSCL,1*360,360,360,,60,Gas shortage,,Cumilla,,,
tangail22doreen,Gas,"SIPP, PDB",8*2.90,22,22,9,,Gas shortage,,Mymensingh,,,
sylhet225,Gas,PDB,1*142+1*89,231,231,,15,Machine problem,,Sylhet,,,
gopalganj100peaking,HFO,PDB,16*6.98,109,109,,28,Engine problem,,Khulna,,,
ashuganj450south,Gas,APSCL,1*360,360,360,,110,ST under maint.,,Cumilla,,,
rpcl210,Gas,IPP,4*35+1*70,210,202,34,,Gas shortage,,Mymensingh,,,
kanchanpurbachalpowergeneration,HFO,IPP,18.4*3,55,55,,38,Fuel shortage,,Dhaka,,,
bramhangoan100aggreko,HSD,IPP,114*0.959,100,100,,,Fuel shortage,,Dhaka,,,
chandpur200deshenergy,HFO,IPP,12*18.4,200,200,132,,Fuel shortage,,Cumilla,,,
sylhet225,Gas,PDB,1*142+1*89,231,231,,30,Machine problem,,Sylhet,,,
shahjahanulla25,Gas,"SIPP, REB",3*9.34,25,25,10,,Gas shortage,,Sylhet,,,
sirajgonj4004,Gas/HSD,SNWPGCL,1*282+1*132,414,414,24,,Gas shortage,,Rajshahi,,,
shajibazar330,Gas,PDB,3*110,330,330,,270,under maint.,,Sylhet,,,
siddhirgonj2120g,Gas,EGCB, 2*105,210,210,130,,Gas shortage,,Dhaka,,,
ashuganj195modular,Gas,IPP,20*9.73+1*16,195,195,109,,Gas shortage,,Cumilla,,,
karnaphulihydro12345,Hydro,PDB,2*40+3*50,230,230,,144,Low Water Level ,,Chattogram,,,
ashuganj195apscled,Gas,IPP,20*9.73+1*16,195,195,195,,Under maint.,,Cumilla,,,
shajibazar330,Gas,PDB,3*110,330,330,,220,GT-2 & ST under S/D due to gas,,Sylhet,,,
sylhet225,Gas,PDB,1*142+1*89,231,231,,231,Gas shortage+Machine problem,,Sylhet,,,
katakhali50northern,HFO,QRPP,6*8.9,50,50,16,,Engine problem,,Rajshahi,,,
siddhirganj100dutchbangla,HFO,NENP,12*8.9,100,100,,13,Engine problem,,Dhaka,,,
karnaphulihydro12345,Hydro,PDB,2*40+3*50,230,230,80,,Low Water Level ,,Chattogram,,,
chowmuhani113,HFO,IPP,12*9.78+2*3.1,113,113,,6,Engine problem,,Cumilla,,,
chandpur115doreen,HFO,IPP,4*18.5+2*22.5,115,115,11,,Fuel shortage,,Cumilla,,,
fenchugonj51barakatullah,Gas,RPP ,19*2.90,51,51,24,,,,Sylhet,,,
khulna115kpcl2,HFO,NENP,7*17,115,115,60,,Fuel shortage,,Khulna,,,
faridpur50peaking,HFO,PDB,8*6.89,54,54,3,,Fuel shortage,,Khulna,,,
bhola33venture,Gas,NENP,1*34.50,40,40,,22,Engine problem,,Barisal,,,
energypacpowerventurethakurgaon,HFO,IPP,115,115,115,,,High voltage,,Rangpur,,,
meghnaghat450mpl,Gas,IPP,2*150+1*150,450,450,,,GT-1 under shut down.,,Dhaka,,,
karnaphulihydro12345,Hydro,PDB,2*40+3*50,230,230,90,,Low water level,,Chattogram,,,
siddhirganj100dutchbangla,HFO,NENP,12*8.9,100,100,11,,Fuel shortage,,Dhaka,,,
siddhirganj335,Gas,EGCB,1*217+118,335,335,5,,Gas shortage,,Dhaka,,,
keranigonj300apr,HSD,IPP,256*1.4,300,300,,82,Engine problem,,Dhaka,,,
manikgonj162mpgl,HFO,IPP,9*18,162,162,18,,Fuel shortage,,Dhaka,,,
karnaphulihydro12345,Hydro,PDB,2*40+3*50,230,230,,84,Low Water Level ,,Chattogram,,,
anwara300ed,HFO,IPP,17*17+24,300,300,230,,Fuel shortage,,Chattogram,,,
ashuganj150midland,HFO,IPP,23*7.015,150,150,,27,Engine problem,,Cumilla,,,
chandpur115doreen,HFO,IPP,4*18.5+2*22.5,115,115,28,,Fuel shortage,,Cumilla,,,
mymensingh200ed,HFO,IPP,9.78*21,200,200,56,,Fuel shortage,,Mymensingh,,,
kushiara163kp,Gas,IPP,1*109+1*54,163,163,,51,ST under S/D,,Sylhet,,,
fenchuganj44energyprima,Gas,NENP,12*3.3+5*2,50,50,,34,Engine problem,,Sylhet,,,
shahjahanulla25,Gas,"SIPP, REB",3*9.34,25,25,17,,,,Sylhet,,,
santahar50peaking,HFO,PDB,6*8.7,50,50,,18,Under maintenance,,Rajshahi,,,
fenchuganj44energyprima,Gas,RPP,12*3.3+5*2,50,50,6,,,,Sylhet,,,
bhola33venture,Gas,RPP,1*34.50,40,40,,9,Engine problem,,Barisal,,,
chapainawabganj100peaking,HFO,PDB,12*8.924,104,104,,36,Engine problem,,Rajshahi,,,
ghorashal785max,Gas,QRPP,2*40,78,78,48,,Gas shortage,,Dhaka,,,
chandpur150,Gas,PDB,1*106+1*57,163,163,,,ST under shut down,,Cumilla,,,
shajibazar330,Gas,PDB,3*110,330,330,,,GT-2 shut down.,,Sylhet,,,
sylhet150,Gas,PDB,1*142,142,142,,142,Gas shortage ,,Sylhet,,,
bhola225,Gas,PDB,2*63+1*68,194,194,,,GT-1 under maint.,,Barisal,,,
sirajgonj2251,Gas/HSD,NWPGCL,1*150+1*75,210,210,210,,Gas Shortage,,Rajshahi,,,
kodda1491summit,HFO,IPP,8*18.45+8.97,149,149,34,,Fuel shortage,,Dhaka,,,
ashuganj225,Gas,APSCL,1*142+1*75,221,221,39,,FGMO,,Cumilla,,,
ashuganj55precision,Gas,QRPP,15*4,55,55,0,,,,Cumilla,,,
ghorasalrepowered4,Gas,PDB,1*210,210,180,,-30,,,Dhaka,,,
payra1320,Coal,BCPCL,2*622,1244,1244,,54,,,Barisal,,,
katakhali50peaking,HFO,PDB,6*8.7,50,50,,9,Engine problem,,Rajshahi,,,
hathazari100peaking,HFO,PDB,11*8.9,98,98,29,,Fuel shortage,,Chattogram,,,
ashuganj55precision,Gas,QRPP,0,55,55,6,,Gas shortage,,Cumilla,,,
bheramara410,Gas,NWPGCL,1*278+1*132,410,410,45,,Gas shortage,,Khulna,,,
rangpur113confidence,HFO,IPP,9*6.984+7*7.015+3.15*2,113,113,47,,Fuel shortage,,Rangpur,,,
ashuganj4,Gas,APSCL,1*150,150,129,59,,Gas shortage,,Cumilla,,,
fenilankapower,HFO,IPP,7*18.415+1*9.78,114,114,,,Under maintenance,,Cumilla,,,
rupsha105orionrupsha,HFO,IPP,6*18.445,105,105,,0,Engine problem,,Khulna,,,
gazipurrpcl,HFO,IPP,6*8.9,52,52,,11,Engine problem,,Dhaka,,,
meghnaghat100iel,HFO,QRPP,12*8.9,100,100,,13,Engine problem,,Dhaka,,,
chandpur150,Gas,PDB,1*106+1*57,163,163,,,Engine problem,,Cumilla,,,
bheramara410,Gas,NWPGCL,1*278+1*132,410,410,,122,ST Under maint.,,Khulna,,,
meghnaghat450mpl,Gas,IPP,2*150+1*150,450,450,,0,GT-1 Under maint.,,Dhaka,,,
chattogram108ecpv,HFO,IPP,16*7,108,108,66,,Fuel shortage,,Chattogram,,,
chowmuhani113,HFO,IPP,12*9.78+2*3.1,113,113,,9,Fuel shortag,,Cumilla,,,
siddhirganj100dutchbangla,HFO,NENP,12*8.9,100,100,22,,Fuel shortage,,Dhaka,,,
sikalbaha105barakasikalbaha,HFO,IPP,6*17.5,105,105,5,,Fuel Shortage,,Chattogram,,,
anlimaenergy,HFO,IPP,6*21.2,116,116,46,,Fuel shortage,,Chattogram,,,
siddhirganj335,Gas,EGCB,1*217+118,335,335,,135,ST Under maint.,,Dhaka,,,
shajibazar330,Gas,PDB,3*110,330,330,,168,GT-1 under maint.,,Sylhet,,,
ghorasal12,Gas,PDB,2*55,110,85,50,,#2 under maint.,,Dhaka,,,
ghorashal108regent,Gas,IPP,34*3.35,108,108,,86,Machine problem,,Dhaka,,,
meghnaghatsummit,Gas,IPP,2*110+1*110,335,335,58,,,,Dhaka,,,
ashuganj50,Gas,APSCL,14*3.968,53,45,-5,,Gas shortage,,Cumilla,,,
ashuganj195apscled,Gas,IPP,20*9.73+1*16,195,195,135,,Gas shortae,,Cumilla,,,
titas50peaking,HFO,PDB,6*8.92,52,52,,52,Machine problem,,Cumilla,,,
rpcl210,Gas,IPP,4*35+1*70,210,202,140,,Gas shortage,,Mymensingh,,,
jamalpur115ed,HFO,IPP,9.78*12,115,115,5,,Fuel shortage,,Mymensingh,,,
adanipowerjharkhanda,Coal,Imported power,748*2,1496,1496,,,Coal shortage,,Rajshahi,,,
bhola225,Gas,PDB,2*63+1*68,194,194,,124, GT-2 & ST Under maint.,,Barisal,,,
fenchugonj51barakatullah,Gas,RPP ,19*2.90,51,51,4,,Gas shortage,,Sylhet,,,
meghnaghat100iel,HFO,NENP,12*8.9,100,100,82,,Fuel shortage,,Dhaka,,,
siddhirgonj2120g,Gas,EGCB, 2*105,210,210,,60,Gas shortage,,Dhaka,,,
ashuganj195apscled,Gas,IPP,20*9.73+1*16,195,195,20,,Gas shortage,,Cumilla,,,
bibianaii341summit,Gas,IPP,1*222+1*119,341,341,,41,FGMO,,Sylhet,,,
bheramara410,Gas,NWPGCL,1*278+1*132,410,410,100,,Gas shortage,,Khulna,,,
barapukuria1,Coal,PDB,1*125,125,85,11,,Coal Shortage.,,Rangpur,,,
ashuganj450north,Gas,APSCL,1*360,360,360,110,,Gas shortage,,Cumilla,,,
gopalganj100peaking,HFO,PDB,16*6.98,109,109,,39,,,Khulna,,,
kanchanpurbachalpowergeneration,HFO,IPP,55,0,0,,,On test,,Dhaka,,,
shajibazar330,Gas,PDB,3*110,330,330,,200,Under maint.,,Sylhet,,,
ghorasal12,Gas,PDB,2*55,110,85,,,Under maint.,,Dhaka,,,
ghorashal785max,Gas,QRPP,2*40,78,78,28,,Gas shortage,,Dhaka,,,
keraniganj100powerpac,HFO,QRPP,8*13.45,100,100,,70,Engine problem,,Dhaka,,,
shajibazar330,Gas,PDB,3*110,330,330,,60,Machine problem,,Sylhet,,,
sylhet225,Gas,PDB,1*142+1*89,231,231,,11,Machine problem,,Sylhet,,,
ghorashal108regent,Gas,IPP,34*3.35,108,108,26,,Gas shortage,,Dhaka,,,
chattogram108ecpv,HFO,IPP,16*7,108,108,100,,Fuel shortage,,Chattogram,,,
sirajgonj2252,Gas/HSD,NWPGCL,1*150+1*75,220,220,,205,Machine problem,,Rajshahi,,,
chapainawabganj100peaking,HFO,PDB,12*8.924,104,104,46,,Fuel shortage,,Rajshahi,,,
karnaphulihydro12345,Hydro,PDB,2*40+3*50,230,230,165,,Low Water Level ,,Chattogram,,,
ashuganj225,Gas,APSCL,1*142+1*75,221,221,,51,Gas shortage,,Cumilla,,,
bibiyanaiii400,Gas,PDB,285*1+134*1,400,400,,160,Machine problem,,Sylhet,,,
khulna115kpcl2,HFO,NENP,7*17,115,115,,17,,,Khulna,,,
rampal1320bifpcl,Coal,NTPC&BPDB,660*2,617,617,297,,Coal Shortage.,,Khulna,,,
haripur412,Gas,EGCB,1*273+1*139,412,412,142,,Gas shortage,,Dhaka,,,
mirsharai150,HFO,BPDB-RPCL,18.5*9,163,163,1,,,,Chattogram,,,
sylhet225,Gas,PDB,1*142+1*89,231,231,,93,,,Sylhet,,,
bibiyanasouth400,Gas,PDB,400 MW,383,383,,,ST processing,,Sylhet,,,
ghorasalrepowered4,Gas,PDB,1*210,210,180,,-60,Under maint,,Dhaka,,,
chandpur150,Gas,PDB,1*106+1*57,163,163,,73,Under maint.,,Cumilla,,,
haripur360hpl,Gas,IPP,1*235+1*125,360,360,51,,Gas shortage,,Dhaka,,,
sylhet225,Gas,PDB,1*142+1*89,231,231,104,,Gas shortage,,Sylhet,,,
sirajgonj4004,Gas/HSD,SNWPGCL,1*282+1*132,414,414,174,,Gas shortage,,Rajshahi,,,
ghorasalst7,Gas,PDB,1*243+1*122,365,365,,,Under maint,,Dhaka,,,
siddhirganj335,Gas,EGCB,1*217,217,217,,2,,,Dhaka,,,
ashuganj195modular,Gas,IPP,20*9.73+1*16,195,195,95,,Gas Shortage,,Cumilla,,,
chandpur,Gas,PDB,1*106+1*57,163,163,,63, Under maint.,2019-09-04 00:00:00,Cumilla,,,
baghabarigt71,Gas,PDB,1*71,71,71,71,,,,Rajshahi,,,
baghabarigt100,Gas,PDB,1*100,100,100,100,,,,Rajshahi,,,
barapukuria2,Coal,PDB,1*125,125,85,,,under maint.,,Rangpur,,,
juldah2acorn,HFO,IPP,8*13.6,100,100,,10,,,Chattogram,,,
sylhet225,Gas,PDB,1*142+1*89,231,231,,110,Machine problem,,Sylhet,,,
bhola95aggreko,Gas,QRPP,96*1.10,95,95,63,,Gas shortage,,Barisal,,,
sikalbahapeakinggt,Gas/HSD,PDB,1*150 ,150,150,30,,Gas shortage,,Chattogram,,,
gagnagar102digitalpower,HFO,IPP,12*8.924,102,102,36,,Fuel shortage,,Dhaka,,,
siddhirganj100dutchbangla,HFO,NENP,12*8.9,100,100,85,,Fuel shortage,,Dhaka,,,
gagnagar102digitalpower,HFO,IPP,12*8.924,102,102,,54,Engine problem,,Dhaka,,,
hathazari100peaking,HFO,PDB,11*8.9,98,98,30,,Fuel shortage,,Chattogram,,,
sspoweri,Coal,SS Power ,2*612,1224,1224,769,,Coal Shortage.,,Chattogram,,,
sylhet225,Gas,PDB,1*142+1*89,231,231,,41,machine problem,,Sylhet,,,
sirajgonj2253,Gas/HSD,NWPGCL,1*141,220,220,47,,Gas shortage,,Rajshahi,,,
haripur412,Gas,EGCB,1*273+1*139,412,412,27,,Gas shortage,,Dhaka,,,
siddhirgonj2120g,Gas,EGCB, 2*105,210,210,,150,GT-2 Under maint,,Dhaka,,,
gagnagar102digitalpower,HFO,IPP,12*8.924,102,102,77,,Fuel shortage,,Dhaka,,,
ashuganj195apscled,Gas,IPP,20*9.73+1*16,195,195,127,,,,Cumilla,,,
payra1320,Coal,BCPCL,2*622,1244,1244,994,,Coal Shortage.,,Barisal,,,
anlimaenergy,HFO,IPP,6*21.2,116,116,,29,Engine problem,,Chattogram,,,
chowmuhani113,HFO,IPP,12*9.78+2*3.1,113,113,7,,Fuel shortage,,Cumilla,,,
sirajgonj2252,Gas/HSD,NWPGCL,1*150+1*75,220,220,,30,Machine problem,,Rajshahi,,,
bagura113confidence2,HFO,IPP,6*18.55+7.2,113,113,,43,Engine problem,,Rajshahi,,,
rangpur113confidence,HFO,IPP,9*6.984+7*7.015+3.15*2,113,113,,79,Engine problem,,Rangpur,,,
bheramara410,Gas,NWPGCL,1*278+1*132,410,410,,230,ST Under maint.,,Khulna,,,
bhola225,Gas,PDB,2*63+1*68,194,194,,94,Machine problem,,Barisal,,,
ghorasal5,Gas,PDB,1*210,210,190,75,,,,Dhaka,,,
sikalbahapeakinggt,Gas/HSD,PDB,1*150 ,150,150,150,,,,Chattogram,,,
ghorasalrepowered4,Gas,PDB,1*210,210,180,,60,Gas shortage,,Dhaka,,,
payra1320,Coal,BCPCL,1*622,622,622,,622,Under maint.,,Barisal,,,
ashuganj225,Gas,APSCL,1*142+1*75,221,221,,71,ST Sync Process,,Cumilla,,,
siddhirgonj2120g,Gas,EGCB, 2*105,210,210,24,,Gas shortage,,Dhaka,,,
siddhirganj100dutchbangla,HFO,NENP,12*8.9,100,100,,38,Engine problem,,Dhaka,,,
mirsharai150,Gas/HFO,BPDB-RPCL,18.5*9,163,163,22,,,,Chattogram,,,
ghorashal108regent,Gas,IPP,34*3.35,108,108,,76,Engine problem,,Dhaka,,,
sirajgonj2252,Gas/HSD,NWPGCL,1*150+1*75,220,220,,220,Under maint.,,Rajshahi,,,
ashuganj450south,Gas,APSCL,1*360,360,360,35,,Gas shortage,,Cumilla,,,
chandpur150,Gas,PDB,1*106+1*57,163,163,,79,Machine problem.,,Cumilla,,,
haripur412,Gas,EGCB,1*273+1*139,412,400,60,,Gas shortage,,Dhaka,,,
cumilla25summit,Gas,"SIPP, REB",3*3.67+2*6.97,25,25,,12,Engine problem,,Cumilla,,,
kushiara163kp,Gas,IPP,1*109+1*54,163,163,,54,ST Under maint.,,Sylhet,,,
bibiyanasouth400,Gas,PDB,400 MW,383,383,,,ST Startup,,Sylhet,,,
rampal1320bifpcl,Coal,NTPC&BPDB,660*2,617,617,237,,Coal Shortage.,,Khulna,,,
barisal307,Coal,IPP,307*1,307,307,,,Coal Shortage.,,Barisal,,,
katakhali50northern,HFO,QRPP,6*8.9,50,50,,34,Engine problem,,Rajshahi,,,
ashuganj4,Gas,APSCL,1*150,150,129,0,,,,Cumilla,,,
rpcl210,Gas,IPP,4*35+1*70,210,202,49,,Gas shortage,,Mymensingh,,,
sirajgonj2251,Gas/HSD,NWPGCL,1*150+1*75,210,210,130,,Gas shortage,,Rajshahi,,,
sikalbaha225,Gas/HSD,PDB,1*150+1*75,225,225,,,ST Under maint.,,Chattogram,,,
rampal1320bifpcl,Coal,NTPC&BPDB,617*2,1234,1234,609,,Unit-2 S/D due to Coal shortage,,Khulna,,,
rpcl210,Gas,IPP,4*35+1*70,210,202,,52,Machine problem.,,Mymensingh,,,
mymensingh200ed,HFO,IPP,200,200,200,,30,Enginee problem,,Mymensingh,,,
santahar50peaking,HFO,PDB,6*8.7,50,50,,29,Engine problem,,Rajshahi,,,
gazipurrpcl,HFO,IPP,6*8.9,52,52,,10,Engine problem,,Dhaka,,,
sikalbaha225,Gas/HSD,PDB,1*150+1*175,225,225,,74, ST Under S/D,,Chattogram,,,
juldahacorn,HFO,QRPP,8*13.45,100,100,,40,Engine problem,,Chattogram,,,
ashuganj195modular,Gas,IPP,20*9.73+1*16,195,195,86,,Gas Shortage,,Cumilla,,,
mymensinghrpcl210,Gas,IPP,4*35+1*70,210,202,13,,Gas shortage ,,Mymensingh,,,
shajibazar330,Gas,PDB,3*110,330,330,,330,"GT-1,2 & ST Under maint.",,Sylhet,,,
bholaventure33,Gas,RPP,1*34.50,33,33,,18,Engine problem,,Barisal,,,
siddhirgonjgt12,Gas,EGCB, 2*105,210,210,175,,Gas shortage,,Dhaka,,,
fenchugonjphase2,Gas,PDB,2*35+1*35,104,90,,48,Under maintenance,,Sylhet,,,
khulna115kpcl2,HFO,NENP,7*17,115,115,,12,Engine problem,,Khulna,,,
sylhet50epl,Gas,RPP ,27*2,50,50,35,,Gas shortage,,Sylhet,,,
gopalganj100peaking,HFO,PDB,16*6.98,109,109,,46,Engine problem,,Khulna,,,
bhola225,Gas,PDB,2*63+1*68,194,194,127,,Gas shortage & GT-1 S/D,,Barisal,,,
ashuganj50,Gas,APSCL,14*3.968,53,45,,20,Engine problem,,Cumilla,,,
karnaphulihydro12345,Hydro,PDB,2*40+3*50,230,230,138,,Low water level,,Chattogram,,,
haripur412,Gas,EGCB,1*273+1*139,412,412,212,,,,Dhaka,,,
haripur412,Gas,EGCB,1*273+1*139,412,400,100,,Gas shortage,,Dhaka,,,
meghnaghat100iel,HFO,NENP,12*8.9,100,100,26,,Fuel shortage.,,Dhaka,,,
bibianaii341summit,Gas,IPP,1*222+1*119,341,341,341,,Gas shortage,,Sylhet,,,
madanganj102summit,HFO,NENP,6*17,102,102,38,,Fuel shortage,,Dhaka,,,
haripur360hpl,Gas,IPP,1*235+1*125,360,360,20,,,,Dhaka,,,
karnaphulihydro12345,Hydro,PDB,2*40+3*50,230,230,104,,Low water level & Unit-2 S/D,,Chattogram,,,
kodda150,HFO,BPDB-RPCL,9*17.06,149,149,,,DCT,,Dhaka,,,
sikalbaha225,Gas/HSD,PDB,1*150+1*75,225,225,,5,Machine problem,,Chattogram,,,
rampal1320bifpcl,Coal,NTPC&BPDB,660*2,617,617,,330,Unit-2 under S/D.,,Khulna,,,
ghorasal5,Gas,PDB,1*210,210,190,,80,Machine problem.,,Dhaka,,,
madanganj102summit,HFO,QRPP ,6*17,102,100,,36,Engine problem,,Dhaka,,,
gagnagar102digitalpower,HFO,IPP,12*8.924,102,102,,36,Engine problem,,Dhaka,,,
shajibazar330,Gas,PDB,3*110,330,330,,110,Gas Shortage,,Sylhet,,,
juldah2acorn,HFO,IPP,8*13.6,100,100,37,,Fuel shortage,,Chattogram,,,
khulna115kpcl2,HFO,NENP,7*17,115,115,33,,Fuel shortage,,Khulna,,,
natore52rajlanka,HFO,IPP,6*8.92,52,52,0,,,,Rajshahi,,,
confidencepowerbogura1113,HFO,IPP,6*18.55,113,113,0,,,,Rajshahi,,,
rangpur113confidence,HFO,IPP,9*6.984+7*7.015+3.15*2,113,113,0,,,,Rangpur,,,
gazipurrpcl,HFO,IPP,6*8.9,52,52,,3,,,Dhaka,,,
fenchugonjphase2,Gas,PDB,2*35+1*35,104,90,,70,Under maint.,,Sylhet,,,
bibiyanasouth400,Gas,PDB,400 MW,383,383,,333,Under maint.,,Sylhet,,,
haripur360hpl,Gas,IPP,1*235+1*125,360,360,360,,Dirty fuel(Gas),,Dhaka,,,
amnura50sinha,HFO,QRPP,7*7.79,50,50,,6,Engine problem,,Rajshahi,,,
siddhirganj100dutchbangla,HFO,NENP,12*8.9,100,100,,50,Engine problem,,Dhaka,,,
juldah1001acorn,HFO,NENP,8*13.45,100,100,30,,Engine problem,,Chattogram,,,
anlimaenergy,HFO,IPP,6*21.2,116,116,,9,Fuel shortage,,Chattogram,,,
ashuganj195apscled,Gas,IPP,20*9.73+1*16,195,195,107,,Gas shortage,,Cumilla,,,
chowmuhani113,HFO,IPP,12*9.78+2*3.1,113,113,9,,Fuel shortage,,Cumilla,,,
mymensingh200ed,HFO,IPP,9.78*21,200,200,,,Fuel shortage,,Mymensingh,,,
ghorashalregent,Gas,IPP,34*3.35,108,108,4,,,,Dhaka,,,
kodda1491summit,HFO,IPP,8*18.45+8.97,149,149,94,,Fuel shortage,,Dhaka,,,
anwara300ed,HFO,IPP,17*17+24,300,300,125,,Fuel shortage,,Chattogram,,,
chowmuhani113,HFO,IPP,12*9.78+2*3.1,113,113,75,,Fuel shortage,,Cumilla,,,
haripur412,Gas,EGCB,1*273+1*139,412,412,19,,,,Dhaka,,,
madanganj102summit,HFO,NENP,6*17,102,102,52,,Fuel shortage,,Dhaka,,,
keranigonj300apr,HSD,IPP,256*1.4,300,300,200,,,,Dhaka,,,
kodda1491summit,HFO,IPP,8*18.45+8.97,149,149,33,,Fuel shortage,,Dhaka,,,
chattogram108ecpv,HFO,IPP,16*7,108,108,71,,Fuel shortage,,Chattogram,,,
sylhet225,Gas,PDB,1*142+1*89,231,231,,101,ST Under maint,,Sylhet,,,
ghorasal5,Gas,PDB,1*210,210,190,,15,Machine problem,,Dhaka,,,
karnaphulihydro12345,Hydro,PDB,2*40+3*50,230,230,74,,Low Water Level ,,Chattogram,,,
chandpur115doreen,HFO,IPP,4*18.5+2*22.5,115,115,,0,Engine problem,,Cumilla,,,
sirajgonj4004,Gas/HSD,SNWPGCL,1*282+1*132,414,414,124,,Gas shortage,,Rajshahi,,,
energypacpowerventurethakurgaon,HFO,IPP,115,115,115,3,,,,Rangpur,,,
siddhirganj335,Gas,EGCB,1*217+118,335,335,,195,ST under maint.,,Dhaka,,,
mymensingh200ed,HFO,IPP,9.78*21,200,200,30,,Fuel shortage,,Mymensingh,,,
jamalpur115ed,HFO,IPP,9.78*12,115,115,6,,Fuel shortage,,Mymensingh,,,
sspoweri,Coal,SS Power ,2*612,1224,1224,,374,Madunaghat Transformer Limitation,,Chattogram,,,
ashuganj150midland,HFO,IPP,23*7.015,150,150,138,,Fuel shortage,,Cumilla,,,
bhairob545,HFO,IPP,3*18.2,54,54,18,,Fuel shortage,,Cumilla,,,
fenchugonjphase2,Gas,PDB,2*35+1*35,104,90,,42,Machine problem,,Sylhet,,,
sirajgonj1225,Gas/HSD,NWPGCL,1*150+1*75,210,210,,,Gas shortage,,Rajshahi,,,
ghorasalrepowered4,Gas,PDB,1*210,210,180,,,Under shut down,,Dhaka,,,
sirajgonj4004,Gas/HSD,SNWPGCL,1*282+1*132,414,414,,,Under maint,,Rajshahi,,,
chandpur200deshenergy,HFO,IPP,0,200,200,,5,Engine problem,,Cumilla,,,
ghorashal108regent,Gas,IPP,34*3.35,108,108,,67,Engine problem,,Dhaka,,,
karnaphulihydro12345,Hydro,PDB,2*40+3*50,230,230,135,,Low water level,,Chattogram,,,
haripur412,Gas,EGCB,1*273+1*139,412,412,,,Gas shortagr,,Dhaka,,,
chattogram108ecpv,HFO,IPP,16*7,108,108,,96,Fuel shortage,,Chattogram,,,
juldah2acorn,HFO,IPP,8*13.6,100,100,,90,Fuel shortage,,Chattogram,,,
ashuganj50,Gas,APSCL,14*3.968,53,45,,35,Engine problem,,Cumilla,,,
ashuganj150midland,HFO,IPP,23*7.015,150,150,,,Engine problem,,Cumilla,,,
rpcl210,Gas,IPP,4*35+1*70,210,202,94,,Gas shortage,,Mymensingh,,,
bhola225,Gas,PDB,2*63+1*68,194,194,128,,Gas shortage ,,Barisal,,,
baghabari50peaking,HFO,PDB,6*8.9,52,52,,36,Engine problem,,Rajshahi,,,
katakhali50peaking,HFO,PDB,6*8.7,50,50,,34,Engine problem,,Rajshahi,,,
sirajgonj2253,Gas/HSD,NWPGCL,1*141,220,220,56,,Gas shortage,,Rajshahi,,,
bibiyanaiii400,Gas,PDB,400 MW,400,400,,,ST Sync. Process,,Sylhet,,,
siddhirganj335,Gas,EGCB,1*217+118,335,335,,35,DP High,,Dhaka,,,
chowmuhani113,HFO,IPP,12*9.78+2*3.1,113,113,,85,Fuel shortag,,Cumilla,,,
kushiara163kp,Gas,IPP,1*109+1*54,163,163,,51,ST under maint,,Sylhet,,,
haripur412,Gas,EGCB,1*273+1*139,412,412,,296,GBC problem,,Dhaka,,,
gazipur100,HFO,RPCL,100 MW,105,105,,18,Engine problem,,Dhaka,,,
mymensinghrpcl210,Gas,IPP,4*35+1*70,210,202,42,,Gas shortage,,Mymensingh,,,
kodda150,HFO,BPDB-RPCL,9*17.06,149,149,,17,Fuel shortage,,Dhaka,,,
chattogram108ecpv,HFO,IPP,16*7,108,108,,13,Fuel shortage,,Chattogram,,,
karnaphulipower,HFO,IPP,18.415*6+6.5,110,110,0,,Fuel shortage,,Chattogram,,,
kushiara163kp,Gas,IPP,1*109+1*54,163,163,,163,Gas shortage,,Sylhet,,,
baghabari200paramount,HSD,IPP,135*1.6,200,200,25,,Engine problem,,Rajshahi,,,
chandpur150,Gas,PDB,1*106+1*57,163,163,,163,machine problem.,,Cumilla,,,
ghorasal12,Gas,PDB,2*55,110,85,,48,Unit-2 Under maint,,Dhaka,,,
fenchugonjphase2,Gas,PDB,2*35+1*35,104,90,,,Machine problem.,,Sylhet,,,
bhola225,Gas,PDB,2*63+1*68,194,194,,104, GT-2 under maint.,,Barisal,,,
bhola95aggreko,Gas,QRPP,96*1.10,95,95,,95,,,Barisal,,,
meghnaghatsummit,Gas,IPP,2*110+1*110,335,335,195,,GT-1 under S/D due to Gas shortage,,Dhaka,,,
patenga50baraka,HFO,IPP,8*6.98,50,50,33,,Fuel shortage,,Chattogram,,,
sspoweri,Coal,SS Power ,1*612,612,612,,,under maint.,,Chattogram,,,
meghnaghat450mpl,Gas,IPP,2*150+1*150,450,450,200,,Dirty Gas,,Dhaka,,,
nababganj55southernpower,HFO,IPP,3*19.3,55,55,20,,fuel shortage,,Dhaka,,,
karnaphulihydro12345,Hydro,PDB,2*40+3*50,230,230,120,,Low water lavel,,Chattogram,,,
madanganj102summit,HFO,NENP,6*17,102,102,12,,Fuel shortage,,Dhaka,,,
keranigonj300apr,HSD,IPP,256*1.4,300,300,200,,Fuel shortage,,Dhaka,,,
hobiganj11cofidencee,Gas,"SIPP, REB",4*2.90,11,11,,11,Engine problem,,Sylhet,,,
bheramarahvdc,0,Imported power,2*500,1000,1000,,,Pole-1 U/M,,Khulna,,,
noapara100banglatrac,HSD,IPP,70*1.4,100,100,10,,Fuel conservation,,Khulna,,,
anwara300ed,HFO,IPP,17*17+24,300,300,232,,Fuel shortage,,Chattogram,,,
juldah2acorn,HFO,IPP,8*13.6,100,100,85,,Fuel shortage,,Chattogram,,,
mirsharai150,HFO,BPDB-RPCL,18.5*9,163,163,,,Fuel shortage,,Chattogram,,,
ashuganj50,Gas,APSCL,14*3.968,53,45,12,,Gas shortage,,Cumilla,,,
shahjibazar86shahjibazar,Gas,RPP ,32*2.90,86,0,0,,Gas shortage,,Sylhet,,,
sirajgonj2251,Gas/HSD,NWPGCL,1*150+1*75,210,210,5,,,,Rajshahi,,,
siddhirganj335,Gas,EGCB,1*217,217,217,,217,,,Dhaka,,,
mymensinghrpcl210,Gas,IPP,4*35+1*70,210,202,37,,Gas shortage ,,Mymensingh,,,
fenchugonj1,Gas,PDB,2*32+1*33,97,70,,,GT-1 under maint.,,Sylhet,,,
gopalganjpeaking,HFO,PDB,16*6.98,109,109,,,under maint.,,Khulna,,,
ashuganj5,Gas,APSCL,1*150,150,134,4,,,,Cumilla,,,
rpcl210,Gas,IPP,4*35+1*70,210,202,38,,Gas shortage,,Mymensingh,,,
baghabari71g,Gas,PDB,1*71,71,71,,,Under maint.,,Rajshahi,,,
chandpur150,Gas,PDB,1*106+1*57,163,163,,71,ST under shut down,,Cumilla,,,
rupsha105orionrupsha,HFO,IPP,6*18.445,105,105,,35,Engine problem.,,Khulna,,,
ashuganj450south,Gas,APSCL,1*360,360,360,20,,FGMO,,Cumilla,,,
bibiyanaiii400,Gas,PDB,400 MW,400,400,,,ST under maintenance.,,Sylhet,,,
sspoweri,Coal,SS Power ,2*612,1224,1224,,734,Madanaghat Transformer Limitation,,Chattogram,,,
mymensingh200ed,HFO,IPP,9.78*21,200,200,97,,Fuel shortage,,Mymensingh,,,
bholanutanbiddutbd,Gas,IPP,220,220,220,,,GT-1 shut down,,Barisal,,,
ghorasalrepowered4,Gas,PDB,1*210,210,180,60,,,,Dhaka,,,
haripur412,Gas,EGCB,1*273+1*139,412,412,162,,ST Under maint,,Dhaka,,,
karnaphulipower,HFO,IPP,18.415*6+6.5,110,110,37,,Fuel shortage,,Chattogram,,,
bhola33venture,Gas,NENP,1*34.50,40,40,,24,Engine problem,,Barisal,,,
barapukuria2753,Coal,PDB,1*275,274,274,24,,Coal Shortage.,,Rangpur,,,
juldah1003,HFO,IPP,0,100,100,,8,Engine problem,,Chattogram,,,
ashuganj195modular,Gas,IPP,20*9.73+1*16,195,195,127,,Gas Shortage,,Cumilla,,,
haripur412,Gas,EGCB,1*273+1*139,412,412,0,,,2024-02-12 00:00:00,Dhaka,,,
meghnaghat100iel,HFO,NENP,12*8.9,100,100,0,,,,Dhaka,,,
sylhet225,Gas,PDB,1*142+1*89,231,231,,111,machine problem,,Sylhet,,,
bibiyanaiii400,Gas,PDB,285*1+134*1,400,400,,100,ST under maint,,Sylhet,,,
bhola225,Gas,PDB,2*63+1*68,194,194,,129,ST Under maint.,,Barisal,,,
edpayrapower,HFO,IPP,8*18.5+1*9.5,150,150,87,,Fuel shortage,,Barisal,,,
chattogram108ecpv,HFO,IPP,16*7,108,108,90,,Fuel shortage,,Chattogram,,,
bibiyanaiii400,Gas,PDB,285*1+134*1,400,400,,100,Machine problem,,Sylhet,,,
meghnaghat450mpl,Gas,IPP,2*150+1*150,450,450,,225,GT-1 under maintenance,,Dhaka,,,
mymensingh200ed,HFO,IPP,200,200,200,,49,Machine problem,,Mymensingh,,,
chattogramst1raozan,Gas,PDB,1*210,210,180,90,,Gas Shortage,,Chattogram,,,
mymensinghrpcl210,Gas,IPP,4*35+1*70,210,202,58,,Gas shortage,,Mymensingh,,,
ghorashal108regent,Gas,IPP,34*3.35,108,108,,5,Engine problem,,Dhaka,,,
ghorasal3657,Gas,PDB,1*243+1*122,365,365,,125,ST under maint,,Dhaka,,,
keraniganj100powerpac,HFO,QRPP,8*13.45,100,100,,100,Contract Expired,,Dhaka,,,
siddhirganj335,Gas,EGCB,1*217+118,335,335,,120,ST under maint,,Dhaka,,,
ghorasal3657,Gas,PDB,1*243+1*122,365,365,,,Machine problem,,Dhaka,,,
karnaphulipower,HFO,IPP,18.415*6+6.5,110,110,59,,engine problem.,,Chattogram,,,
katakhali50peaking,HFO,PDB,6*8.7,50,50,13,,Fuel shortage,,Rajshahi,,,
ghorashal108regent,Gas,IPP,34*3.35,108,108,42,,Gas shortage,,Dhaka,,,
mehnaghat104opcl,HFO,IPP,18.5*6,0,0,,,,,Dhaka,,,
sylhet225,Gas,PDB,1*142+1*89,231,231,,98,ST Under S/D,,Sylhet,,,
bhola225,Gas,PDB,2*63+1*68,194,194,,5,,,Barisal,,,
barapukuria2753,Coal,PDB,1*275,274,274,,0,Under maint,,Rangpur,,,
ghorasal5,Gas,PDB,1*210,210,190,,,Under S/D,,Dhaka,,,
sspoweri,Coal,SS Power ,2*612,1224,1224,700,,Coal Shortage.,,Chattogram,,,
bibianaii341summit,Gas,IPP,1*222+1*119,341,341,,341,under maint,,Sylhet,,,
meghnaghat100iel,HFO,NENP,12*8.9,100,100,,66,Engine problem,,Dhaka,,,
karnaphulihydro12345,Hydro,PDB,2*40+3*50,230,230,90,,Low water lavel,,Chattogram,,,
sikalbaha105barakasikalbaha,HFO,IPP,6*17.5,105,105,18,,Fuel Shortage,,Chattogram,,,
chowmuhani113,HFO,IPP,12*9.78+2*3.1,113,113,12,,Fuel shortage,,Cumilla,,,
rpcl210,Gas,IPP,4*35+1*70,210,202,178,,Gas shortage,,Mymensingh,,,
shahjahanulla25,Gas,"SIPP, REB",3*9.34,25,25,,14,Engine problem,,Sylhet,,,
noapara40khanjahanali,HFO,NENP,5*8.5,40,40,,16,Engine problem,,Khulna,,,
mirsharai150,Gas,BPDB-RPCL,18.5*9,163,163,,,,,Chattogram,,,
kodda1491summit,HFO,IPP,8*18.45+8.97,149,149,97,,Fuel shortage,,Dhaka,,,
gopalganj100peaking,HFO,PDB,16*6.98,109,109,,23,Engine problem,,Khulna,,,
bholanutanbiddutbd,Gas,IPP,220,220,220,,,Line S/D,,Barisal,,,
ghorashal785max,Gas,QRPP,2*40,78,78,48,,,,Dhaka,,,
sylhet150,Gas,PDB,1*142,142,142,,142,,,Sylhet,,,
ghorasal3657,Gas,PDB,1*243+1*122,365,365,75,,Gas shortage,,Dhaka,,,
ghorashal108regent,Gas,IPP,34*3.35,108,108,52,,Gas Shortage.,,Dhaka,,,
gazipur52,HFO,RPCL,6*8.9,52,52,,19,Engine problem,,Dhaka,,,
chandpur200deshenergy,HFO,IPP,12*18.4,200,200,10,,Fuel shortage,,Cumilla,,,
fenchuganj44energyprima,Gas,NENP,12*3.3+5*2,50,50,,50,Engine problem,,Sylhet,,,
shahjahanulla25,Gas,"SIPP, REB",3*9.34,25,25,25,,,,Sylhet,,,
juldah1001acorn,HFO,QRPP,8*13.45,100,100,,90,Engine problem,,Chattogram,,,
chowmuhani113,HFO,IPP,12*9.78+2*3.1,113,113,,, ,,Cumilla,,,
fenchuganj44energyprima,Gas,RPP,12*3.3+5*2,50,50,40,,Gas shortage,,Sylhet,,,
sirajgonj2253,Gas/HSD,NWPGCL,1*141,220,220,38,,Gas shortage,,Rajshahi,,,
ghorasalrepowered3,Gas,PDB,1*210,210,170,,170,Machine problem,,Dhaka,,,
haripur412,Gas,EGCB,1*273+1*139,412,400,,400,,,Dhaka,,,
meghnaghat100iel,HFO,NENP,12*8.9,100,100,,84,Fuel shortage.,,Dhaka,,,
summitpowermadhabdiashulia,Gas,"SIPP,REB",3*3.67+4*8.73,80,80,,51,Engine problem,,Dhaka,,,
patenga50baraka,HFO,IPP,8*6.98,50,50,6,,fuel shortage,,Chattogram,,,
karnaphulihydro12345,Hydro,PDB,2*40+3*50,230,230,58,,Low water lavel,,Chattogram,,,
cumilla25summit,Gas,"SIPP, REB",3*3.67+2*6.97,25,25,,9,Engine problem,,Cumilla,,,
chowmuhani113,HFO,IPP,12*9.78+2*3.1,113,113,,31,Engine problem,,Cumilla,,,
fenchugonjphase2,Gas,PDB,2*35+1*35,104,90,,20,Machine problem,,Sylhet,,,
meghnaghatsummit,Gas,IPP,2*110+1*110,305,305,,155,GT-1 Under maint.,,Dhaka,,,
sikalbaha105barakasikalbaha,HFO,IPP,105 MW,105,105,,20,Engine problem,,Chattogram,,,
jamalpur95powerpac,HFO,IPP,12*8.924,95,95,,29,Engine problem,,Mymensingh,,,
bhola225,Gas,PDB,2*63+1*68,194,194,,134,GT-2 under maint,,Barisal,,,
bheramara410,Gas,NWPGCL,1*278+1*132,410,410,,335,ST Under maint.,,Khulna,,,
karnaphulihydro12345,Hydro,PDB,2*40+3*50,230,230,105,,Low water level,,Chattogram,,,
chandpur150,Gas,PDB,1*106+1*57,163,163,,68,ST under maint. And gas shortage,,Cumilla,,,
haripur412,Gas,EGCB,1*273+1*139,412,412,,,,2021-07-02 00:00:00,Dhaka,,,
ashuganj450north,Gas,APSCL,1*360,360,360,100,,Gas shortage,,Cumilla,,,
chandpur150,Gas,PDB,1*106+1*57,163,163,,88, ST under maint.,,Cumilla,,,
rupsha105orionrupsha,HFO,IPP,6*18.445,105,105,,,Engine problem,,Khulna,,,
shajibazar330,Gas,PDB,3*110,330,330,,90,,,Sylhet,,,
shahjibazarg89,Gas,PDB,2*35,70,66,,33,,,Sylhet,,,
ghorashal78max,Gas,QRPP,2*40,78,78,,,Low demand,,Dhaka,,,
ghorashalregent,Gas,IPP,34*3.35,108,108,,,Low demand,,Dhaka,,,
hobiganj11,Gas,"SIPP, REB",4*2.90,11,11,,3,Engine problem,,Sylhet,,,
ashuganj225,Gas,APSCL,1*142+1*75,221,221,86,,Gas shortage,,Cumilla,,,
bibiyanaiii400,Gas,PDB,400 MW,400,400,100,,Gas shortage,,Sylhet,,,
bhairob545,HFO,IPP,3*18.2,54,54,,36,Engine problem,,Cumilla,,,
sylhet225,Gas,PDB,1*142+1*89,231,231,,111,Gas shortage,,Sylhet,,,
ashuganj3,Gas,APSCL,1*150,150,135,10,,Gas shortage,,Cumilla,,,
narshingdi22doreen,Gas,"SIPP, REB",8*2.90,22,22,,9,Engine problem,,Dhaka,,,
gagnagar102digitalpower,HFO,IPP,12*8.924,102,102,69,,Fuel shortage,,Dhaka,,,
anwara300ed,HFO,IPP,17*17+24,300,300,,25,Engine problem,,Chattogram,,,
karnaphulipower,HFO,IPP,18.415*6+6.5,110,110,,42,Engine problem,,Chattogram,,,
fenchugonj51barakatullah,Gas,RPP ,19*2.90,51,51,21,,,,Sylhet,,,
sylhet225,Gas,PDB,1*142+1*89,231,231,,91,Engine problem,,Sylhet,,,
bhola225,Gas,PDB,2*63+1*68,194,194,,,machine problem,,Barisal,,,
payra1320,Coal,BCPCL,2*622,1244,1244,,724,Unit-2 U/M &Rampal Test,,Barisal,,,
chapainawabganj100peaking,HFO,PDB,12*8.924,104,104,53,,Fuel shortage,,Rajshahi,,,
ghorasal3657,Gas,PDB,1*243+1*122,365,365,25,,Gas shortage,,Dhaka,,,
sylhet225,Gas,PDB,1*142+1*89,231,231,,121,Under maint,,Sylhet,,,
ghorashal108regent,Gas,IPP,34*3.35,108,108,,27,Engine problem,,Dhaka,,,
gazipur52,HFO,RPCL,6*8.9,52,52,,,Engine problem,,Dhaka,,,
aurahati100aggreko,HSD,IPP,0.85*23+0.95*91,100,100,10,,Fuel shortage,,Dhaka,,,
ashuganj450north,Gas,APSCL,1*360,360,360,80,,FGMO,,Cumilla,,,
tangail22doreen,Gas,"SIPP, PDB",8*2.90,22,22,,9,Gas shortage,,Mymensingh,,,
gopalganj100peaking,HFO,PDB,16*6.98,109,109,78,,Fuel shortage,,Khulna,,,
katakhali50northern,HFO,QRPP,6*8.9,50,50,26,,Fuel shortage,,Rajshahi,,,
energypacpowerventurethakurgaon,HFO,IPP,115,115,115,20,,Fuel shortage,,Rangpur,,,
ashuganj450south,Gas,APSCL,1*360,360,360,,360,FGMO,,Cumilla,,,
ashuganj195apscled,Gas,IPP,20*9.73+1*16,195,195,37,,Gas shortage,,Cumilla,,,
meghnaghatsummit,Gas,IPP,2*110+1*110,335,335,25,,Gas shortage,,Dhaka,,,
rpcl210,Gas,IPP,4*35+1*70,210,202,70,,Gas shortage,,Mymensingh,,,
hathazari100peaking,HFO,PDB,11*8.9,98,98,,42,Engine problem,,Chattogram,,,
chowmuhani113,HFO,IPP,12*9.78+2*3.1,113,113,15,,Fuel shortage,,Cumilla,,,
sylhet225,Gas,PDB,1*142+1*89,231,231,,101,ST under maint.,,Sylhet,,,
ashuganj225,Gas,APSCL,1*142+1*75,221,221,,221,Under S/D,,Cumilla,,,
shahjibazar86shahjibazar,Gas,RPP ,32*2.90,86,86,,26,Engine problem,,Sylhet,,,
rupganj33summit,Gas,"SIPP,REB",4*8.73,33,33,3,,Gas shortage,,Dhaka,,,
jangalia52lakdanavi,HFO,IPP,6*8.92,52,52,,1,Engine problem,,Cumilla,,,
madanganj102summit,HFO,QRPP ,6*17,102,100,,0,Engine problem,,Dhaka,,,
keraniganj100powerpac,HFO,NENP,8*13.45,100,75,63,,Fuel shortage,,Dhaka,,,
hathazari100peaking,HFO,PDB,11*8.9,98,98,,19,Engine problem,,Chattogram,,,
chandpur200deshenergy,HFO,IPP,12*18.4,200,200,-121,,Fuel shortage,,Cumilla,,,
rpcl210,Gas,IPP,4*35+1*70,210,202,197,,Gas shortage,,Mymensingh,,,
sylhet20g,Gas,PDB,1*20,20,20,10,,Gas shortage,,Sylhet,,,
haripur360hpl,Gas,IPP,1*235+1*125,360,360,74,,Gas shortage,,Dhaka,,,
bramhangoan100aggreko,HSD,IPP,114*0.959,100,100,20,,Fuel conservation,,Dhaka,,,
chandpur150,Gas,PDB,1*106+1*57,163,163,97,,Gas shortage.,,Cumilla,,,
tangail22doreen,Gas,"SIPP, PDB",8*2.90,22,22,12,,Gas shortage,,Mymensingh,,,
sylhet225,Gas,PDB,1*142+1*89,231,231,53,,Gas shortage,,Sylhet,,,
chattogramst1raozan,Gas,PDB,1*210,210,180,,70,Machine problem.,,Chattogram,,,
haripur360hpl,Gas,IPP,1*235+1*125,360,360,,360,Under maint.,,Dhaka,,,
haripur360hpl,Gas,IPP,1*235+1*125,360,360,,360,Under maint,,Dhaka,,,
karnaphulihydro12345,Hydro,PDB,2*40+3*50,230,230,125,,Low water level,,Chattogram,,,
sylhet225,Gas,PDB,1*142+1*89,231,231,,231,Engine problem,,Sylhet,,,
ashuganj420east,Gas,APSCL,284*1+116*1,400,400,140,,Gas shortage,,Cumilla,,,
ashuganj55precision,Gas,QRPP,0,55,55,23,,,,Cumilla,,,
energypacpowerventurethakurgaon,HFO,IPP,115,115,115,22,,Fuel shortage,,Rangpur,,,
bosila108clc,HFO,IPP,12*8.775+1*3.5,108,108,,8,Engine problem,,Dhaka,,,
karnaphulihydro12345,Hydro,PDB,2*40+3*50,230,230,,193,Low water lavel,,Chattogram,,,
sikalbaha51engine,HFO,RPP ,4*12.5+2*11.9+1*3+1*1.5,51,51,,26,Engine problem,,Chattogram,,,
jamalpur95,HFO,IPP,12*8.924,95,95,,0,,,Mymensingh,,,
shajibazar330,Gas,PDB,3*110,330,330,,110,GT-1 Under maint,,Sylhet,,,
khulna225,HSD,NWPGCL,1*150+1*75,230,230,,75,ST Under maint,,Khulna,,,
juldah1001acorn,HFO,NENP,8*13.45,100,100,35,,Fuel shortage,,Chattogram,,,
chattogram108ecpv,HFO,IPP,16*7,108,108,96,,DCT & Fuel shortage,,Chattogram,,,
chowmuhani113,HFO,IPP,12*9.78+2*3.1,113,113,13,,,,Cumilla,,,
sirajgonj2253,Gas/HSD,NWPGCL,1*141,220,220,,16,Gas shortage,,Rajshahi,,,
sspoweri,Coal,SS Power ,2*612,1224,1224,,774,Unit-1 under maint.,,Chattogram,,,
matarbari2600cpgcl,Coal,CPGCL,0,575,575,,,Unit-1 under maint.,,Chattogram,,,
rampal1320bifpcl,Coal,NTPC&BPDB,617*2,1234,1234,654,,Unit-2 S/D due to Coal shortage,,Khulna,,,
shahjibazar86shahjibazar,Gas,RPP ,32*2.90,86,86,,3,,,Sylhet,,,
fenchugonj51barakatullah,Gas,RPP ,19*2.90,51,51,-2,,Gas shortage,,Sylhet,,,
karnaphulihydro12345,Hydro,PDB,2*40+3*50,230,230,53,,Low water level,,Chattogram,,,
ashuganj195apscled,Gas,IPP,20*9.73+1*16,195,195,114,,Gas shortage,,Cumilla,,,
ghorasal3657,Gas,PDB,1*243+1*122,365,365,95,,Machine problem,,Dhaka,,,
haripur360hpl,Gas,IPP,1*235+1*125,360,360,148,,Gas shortage,,Dhaka,,,
meghnaghat450mpl,Gas,IPP,2*150+1*150,450,450,275,,Dirty fuel,,Dhaka,,,
kodda150,HFO,BPDB-RPCL,9*17.06,149,149,44,,Fuel shortage,,Dhaka,,,
anwara300ed,HFO,IPP,17*17+24,300,300,,20,Engine prolem,,Chattogram,,,
ashuganj225,Gas,APSCL,1*142+1*75,221,221,40,,Gas shortage,,Cumilla,,,
chandpur200deshenergy,HFO,IPP,12*18.4,200,200,140,,Fuel shortage,,Cumilla,,,
natore52rajlanka,HFO,IPP,6*8.92,52,52,12,,Fuel shortage,,Rajshahi,,,
bagura113confidence2,HFO,IPP,6*18.55+7.2,113,113,,27,Engine problem,,Rajshahi,,,
chowmuhani113,HFO,IPP,12*9.78+2*3.1,113,113,66,,Fuel shortage,,Cumilla,,,
rangpur113confidence,HFO,IPP,9*6.984+7*7.015+3.15*2,113,113,43,,,,Rangpur,,,
haripurg,Gas,"SBU, PDB",2*32,64,40,,40,.,,Dhaka,,,
haripur360hpl,Gas,IPP,1*235+1*125,360,360,,,Under maint,2020-12-02 00:00:00,Dhaka,,,
meghnaghatsummit,Gas,IPP,2*110+1*110,305,305,155,,GT-1 Under S/D,,Dhaka,,,
ashuganj450north,Gas,APSCL,1*360,360,360,,,Under maint.,2020-04-02 00:00:00,Cumilla,,,
chandpur150,Gas,PDB,1*106+1*57,163,163,,73,ST Under maint,,Cumilla,,,
bhola225,Gas,PDB,2*63+1*68,194,194,,44,ST under shut down,,Barisal,,,
shajibazar330,Gas,PDB,3*110,330,330,,175,GT-1 under maint.,,Sylhet,,,
bibiyanaiii400,Gas,PDB,400 MW,400,400,170,,Gas shortage,,Sylhet,,,
gopalganj100peaking,HFO,PDB,16*6.98,109,109,,,Engine problem,,Khulna,,,
kodda150,HFO,BPDB-RPCL,9*17.06,149,149,99,,Fuel shortage,,Dhaka,,,
fenilankapower,HFO,IPP,7*18.415+1*9.78,114,114,1,,,,Cumilla,,,
sylhet225,Gas,PDB,1*142+1*89,231,231,,61,Under maint.,2023-03-06 00:00:00,Sylhet,,,
bheramara410,Gas,NWPGCL,1*278+1*132,410,410,240,,Gas shortage.,,Khulna,,,
shahjibazarg89,Gas,PDB,2*35,70,66,,26,GT-8 Under maint.,,Sylhet,,,
karnaphulihydro12345,Hydro,PDB,2*40+3*50,230,230,111,,"Unit 1,2,3 Under S/D ",,Chattogram,,,
shajibazar330,Gas,PDB,3*110,330,330,55,,Gas shortage,,Sylhet,,,
bhola225,Gas,PDB,2*63+1*68,194,194,,128, Under maint,,Barisal,,,
meghnaghat100iel,HFO,NENP,12*8.9,100,100,18,,Fuel shortage.,,Dhaka,,,
bibianaii341summit,Gas,IPP,1*222+1*119,341,341,41,,Gas shortage,,Sylhet,,,
jamalpur95powerpac,HFO,IPP,12*8.924,95,95,,62,Engine problem,,Mymensingh,,,
fenchugonjphase2,Gas,PDB,2*35+1*35,104,90,,90,Unit-4 under shut down,,Sylhet,,,
sirajgonj2251,Gas/HSD,NWPGCL,1*150+1*75,210,210,,75,Gas shortage & ST Under maint,,Rajshahi,,,
barapukuria2,Coal,PDB,1*125,125,85,21,,Coal Shortage.,,Rangpur,,,
ghorashal108regent,Gas,IPP,34*3.35,108,108,,17,Engine problem,,Dhaka,,,
juldah2acorn,HFO,IPP,8*13.6,100,100,,36,Engine problem,,Chattogram,,,
anlimaenergy,HFO,IPP,6*21.2,116,116,,44,Engine problem,,Chattogram,,,
shahjibazarg89,Gas,PDB,2*35,70,66,,33,Unit-8 Under maint.,,Sylhet,,,
khulna330,HSD,BPDB,330,0,0,,,On test.,,Khulna,,,
ghorashal785max,Gas,QRPP,2*40,78,78,,14,Engine problem,,Dhaka,,,
shajibazar330,Gas,PDB,3*110,330,330,,110,ST under shut down,,Sylhet,,,
kodda149,HFO,BPDB-RPCL,9*17.06,149,149,,,Reserve,,Dhaka,,,
kaptaihydro12345,Hydro,PDB,2*40+3*50,230,230,,143,Low water lavel,,Chattogram,,,
mymensinghrpcl210,Gas,IPP,4*35+1*70,210,202,29,,Gas shortage,,Mymensingh,,,
bheramara360,Gas,NWPGCL,1*278+1*132,410,410,140,,Gas shortage,,Khulna,,,
hathazari100peaking,HFO,PDB,11*8.9,98,98,90,,Fuel shortage,,Chattogram,,,
sikalbaha225,Gas/HSD,PDB,1*150+1*75,225,225,,62,DP High,,Chattogram,,,
fenchugonjphase1,Gas,PDB,2*32+1*33,97,70,,45,Gas shortage,,Sylhet,,,
rampal1320bifpcl,Coal,NTPC&BPDB,617*2,1234,1234,134,,Coal shortage,,Khulna,,,
karnaphulihydro12345,Hydro,PDB,2*40+3*50,230,230,71,,Low water level & Unit-2 S/D,,Chattogram,,,
chowmuhani113,HFO,IPP,12*9.78+2*3.1,113,113,,26,Engine problem,,Cumilla,,,
amnura50sinha,HFO,QRPP,7*7.79,50,50,22,,Fuel shortage,,Rajshahi,,,
jamalpur95,HFO,IPP,12*8.924,95,95,,10,,,Mymensingh,,,
gagnagar102digitalpower,HFO,IPP,12*8.924,102,102,,102,Fuel Shortage.,,Dhaka,,,
karnaphulihydro12345,Hydro,PDB,2*40+3*50,230,230,87,,Low water level & Unit-4 under maint.,,Chattogram,,,
sylhet225,Gas,PDB,1*142+1*89,231,231,,,Under maint.,,Sylhet,,,
karnaphulihydro12345,Hydro,PDB,2*40+3*50,230,230,99,,Low Water Level ,,Chattogram,,,
katakhali50northern,HFO,QRPP,6*8.9,50,50,50,8,Fuel shortage,,Rajshahi,,,
haripur412,Gas,EGCB,1*273+1*139,412,412,,,Unique power RRT,,Dhaka,,,
meghnaghat450mpl,Gas,IPP,2*150+1*150,450,450,,,Unique power RRT,,Dhaka,,,
ashuganj51midland,Gas,IPP,6*9.34,51,51,16,,Gas shortage,,Cumilla,,,
bibiyanasouth400,Gas,PDB,400 MW,383,383,,83,ST Under S/D,,Sylhet,,,
bhola225,Gas,PDB,2*63+1*68,194,194,,129,Gt-2 & ST Under maint.,,Barisal,,,
chattogram108ecpv,HFO,IPP,16*7,108,108,,96,Engine problem,,Chattogram,,,
sylhet225,Gas,PDB,1*142+1*89,231,231,,67,Machine problem,,Sylhet,,,
chittgongst2raozan,Gas,PDB,1*210,210,180,50,,Gas shortage,,Chattogram,,,
ghorashal108regent,Gas,IPP,34*3.35,108,108,,44,Engine problem,,Dhaka,,,
juldah1001acorn,HFO,NENP,8*13.45,100,100,24,,Engine problem,,Chattogram,,,
anwara300ed,HFO,IPP,17*17+24,300,300,6,,Fuel shortage,,Chattogram,,,
ashuganj195apscled,Gas,IPP,20*9.73+1*16,195,195,28,,Gas shortage,,Cumilla,,,
kodda1491summit,HFO,IPP,8*18.45+8.97,149,149,,24,Engine problem,,Dhaka,,,
manikgonj162mpgl,HFO,IPP,9*18,162,162,14,,Fuel shortage,,Dhaka,,,
jamalpur115ed,HFO,IPP,9.78*12,115,115,,32,Engine problem,,Mymensingh,,,
shajibazar330,Gas,PDB,3*110,330,330,,110,GT-2 S/D & ST Under maint.,,Sylhet,,,
rangpur113confidence,HFO,IPP,113 MW,113,113,,8,Engine problem,,Rangpur,,,
patenga50baraka,HFO,IPP,8*6.98,50,50,31,,fuel shortage,,Chattogram,,,
ashuganj150midland,HFO,IPP,23*7.015,150,150,5,,,,Cumilla,,,
rangpur113confidence,HFO,IPP,9*6.984+7*7.015+3.15*2,113,113,,0,Engine problem,,Rangpur,,,
sikalbaha225,Gas/HSD,PDB,1*150+1*175,225,225,,85,ST Under maint.,,Chattogram,,,
meghnaghat450mpl,Gas,IPP,2*150+1*150,450,450,190,,,,Dhaka,,,
meghnaghatsummit,Gas,IPP,2*110+1*110,305,305,25,,,,Dhaka,,,
chandpur150,Gas,PDB,1*106+1*57,163,163,,113,ST Under S/D.,,Cumilla,,,
natore52rajlanka,HFO,IPP,52,52,52,,0,Engine problem,,Rajshahi,,,
mymensinghrpcl210,Gas,IPP,4*35+1*70,210,202,2,,Gas shortage,,Mymensingh,,,
bograepl,Gas,RPP ,5*3.3+5*2,20,10,,-4,,,Rajshahi,,,
meghnaghatsummit,Gas,IPP,2*110+1*110,335,335,25,,FGMO,,Dhaka,,,
bhola225,Gas,PDB,2*63+1*68,194,194,,94, GT-2 under maint.,,Barisal,,,
chandpur200deshenergy,HFO,IPP,12*18.4,200,200,80,,,,Cumilla,,,
ghorasal3657,Gas,PDB,1*243+1*122,365,365,,65,Engine problem,,Dhaka,,,
karnaphulihydro12345,Hydro,PDB,2*40+3*50,230,230,,129,Low Water Level ,,Chattogram,,,
chattogram108ecpv,HFO,IPP,16*7,108,108,,23,Fuel shortage,,Chattogram,,,
chandpur150,Gas,PDB,1*106+1*57,163,163,,27,"Engine problem, Gas shortage",,Cumilla,,,
sylhet50epl,Gas,NENP,27*2,50,50,33,,Gas shortage,,Sylhet,,,
bhola33venture,Gas,NENP,1*34.50,40,40,,17,Engine problem,,Barisal,,,
baghabari200paramount,HSD,IPP,135*1.6,200,200,25,,Fuel shortage,,Rajshahi,,,
karnaphulihydro12345,Hydro,PDB,2*40+3*50,230,230,,68,Engine problem,,Chattogram,,,
fenilankapower,HFO,IPP,7*18.415+1*9.78,114,114,80,17,Fuel shortage & Engine problem,,Cumilla,,,
meghnaghat450mpl,Gas,IPP,2*150+1*150,450,450,450,,Gas line problem,,Dhaka,,,
sikalbaha105barakasikalbaha,HFO,IPP,105 MW,105,105,,0,Engine problem,,Chattogram,,,
anlimaenergy,HFO,IPP,6*21.2,116,116,,24,,,Chattogram,,,
fenchuganj44energyprima,Gas,NENP,12*3.3+5*2,50,50,18,,Gas shortage,,Sylhet,,,
barapukuria2753,Coal,PDB,1*275,274,274,,64,,,Rangpur,,,
meghnaghat450mpl,Gas,IPP,2*150+1*150,450,450,,225,GT-2 under shut down,,Dhaka,,,
ashuganj450south,Gas,APSCL,1*360,360,360,,360,Under maintenance,,Cumilla,,,
bibiyanaiii400,Gas,PDB,400 MW,400,400,,,Testing for combined cycle,,Sylhet,,,
meghnaghat100iel,HFO,NENP,12*8.9,100,100,,20,Fuel shortage,,Dhaka,,,
meghnaghat104opcl,HFO,IPP,18.5*6,104,104,15,,Fuel shortage,,Dhaka,,,
patenga50baraka,HFO,IPP,8*6.98,50,50,,14,Engine problem,,Chattogram,,,
chattogram108ecpv,HFO,IPP,16*7,108,108,27,,Fuel shortage,,Chattogram,,,
ashuganj225,Gas,APSCL,1*142+1*75,221,221,17,,Gas shortage ,,Cumilla,,,
ashuganj450north,Gas,APSCL,1*360,360,360,30,,Gas shortage ,,Cumilla,,,
khulna115kpcl2,HFO,NENP,7*17,115,115,35,,Fuel shortage,,Khulna,,,
energypacpowerventurethakurgaon,HFO,IPP,115,115,115,,25,Engine problem,,Rangpur,,,
keraniganj100powerpac,HFO,QRPP,8*13.45,100,100,,88,Unit transformer problem,,Dhaka,,,
mymensingh200ed,HFO,IPP,200,200,200,,25,Enginee problem,,Mymensingh,,,
meghnaghatsummit,Gas,IPP,2*110+1*110,305,305,,35,Gas shortage,,Dhaka,,,
karnaphulihydro12345,Hydro,PDB,2*40+3*50,230,230,124,,Low water lavel,,Chattogram,,,
jamalpur95powerpac,HFO,IPP,12*8.924,95,95,,63,Engine problem,,Mymensingh,,,
fenchugonjphase2,Gas,PDB,2*35+1*35,104,90,,47,Under maint.,,Sylhet,,,
shahjibazarg89,Gas,PDB,2*35,70,66,,32,Under maint.,,Sylhet,,,
meghnaghatuniquepower,Gas,IPP,586,584,584,,584,Gas shortage,,Dhaka,,,
karnaphulihydro12345,Hydro,PDB,2*40+3*50,230,230,135,,Low water lavel,,Chattogram,,,
baghabari50peaking,HFO,PDB,6*8.9,52,52,,22,Fuel shortage,,Rajshahi,,,
sirajgonj2251,Gas/HSD,NWPGCL,1*150+1*75,210,210,60,,,,Rajshahi,,,
chowmuhani113,HFO,IPP,12*9.78+2*3.1,113,113,-1,,Fuel shortage,,Cumilla,,,
bhola225,Gas,PDB,2*63+1*68,194,194,103,,Gas shortage & GT-1 S/D,,Barisal,,,
ashuganj195apscled,Gas,IPP,20*9.73+1*16,195,195,152,,Gas shortage,,Cumilla,,,
bibiyanaiii400,Gas,PDB,400 MW,400,400,,174,,,Sylhet,,,
baghabari71g,Gas,PDB,1*71,71,71,,71,,,Rajshahi,,,
bogura20energyprima,Gas,RPP ,5*3.3+5*2,20,10,,7,Engine problem,,Rajshahi,,,
mymensinghrpcl210,Gas,IPP,4*35+1*70,210,202,41,,Gas Shortage,,Mymensingh,,,
fenchugonjphase2,Gas,PDB,2*35+1*35,104,90,,57,Machine problem.,,Sylhet,,,
bhola225,Gas,PDB,2*63+1*68,194,194,,,ST-1 under shut down,,Barisal,,,
karnaphulihydro12345,Hydro,PDB,2*40+3*50,230,230,153,,Low water lavel,,Chattogram,,,
meghnaghat100iel,HFO,NENP,12*8.9,100,100,,40,Fuel shortage,,Dhaka,,,
siddhirganj100dutchbangla,HFO,NENP,12*8.9,100,100,,10,Fuel shortage,,Dhaka,,,
chandpur150,Gas,PDB,1*106+1*57,163,163,,24,Engine problem,,Cumilla,,,
siddhirganj335,Gas,EGCB,1*217+118,335,335,,35,ST under maint.,,Dhaka,,,
maona33summit,Gas,"SIPP,REB",4*8.73,33,33,,6,Engine problem,,Dhaka,,,
sikalbaha105barakasikalbaha,HFO,IPP,6*17.5,105,105,,15,Engine problem,,Chattogram,,,
ashuganj420east,Gas,APSCL,284*1+116*1,400,400,125,,Gas shortage,,Cumilla,,,
bheramara410,Gas,NWPGCL,1*278+1*132,410,410,216,,Gas shortage,,Khulna,,,
ashuganj450north,Gas,APSCL,1*360,360,360,95,,"ST under maint, Gas shortage",,Cumilla,,,
meghnaghatsummit,Gas,IPP,2*110+1*110,335,335,,185,GT-2 under maint.,,Dhaka,,,
sikalbaha225,Gas/HSD,PDB,1*150+1*175,225,225,,95, ST Under S/D,,Chattogram,,,
ashuganj450north,Gas,APSCL,1*360,360,360,20,,FGMO,,Cumilla,,,
rpcl210,Gas,IPP,4*35+1*70,210,202,134,,Gas shortage,,Mymensingh,,,
shajibazar330,Gas,PDB,3*110,330,330,,110,Engine problem,,Sylhet,,,
sirajgonj2252,Gas/HSD,NWPGCL,1*150+1*75,220,220,96,,Gas shortage,,Rajshahi,,,
sirajgonj2253,Gas/HSD,NWPGCL,1*141,220,220,94,,Gas shortage,,Rajshahi,,,
madanganj55summit,HFO,IPP,3*17.08+1*11.3,55,55,12,,Fuel shortage,,Dhaka,,,
hathazari100peaking,HFO,PDB,11*8.9,98,98,18,,,,Chattogram,,,
sylhet225,Gas,PDB,1*142+1*89,231,231,,81,machine problem,,Sylhet,,,
edpayrapower,HFO,IPP,8*18.5+1*9.5,150,150,100,,Fuel shortage.,,Barisal,,,
siddhirganj100dutchbangla,HFO,NENP,12*8.9,100,100,,22,Engine problem,,Dhaka,,,
karnaphulihydro12345,Hydro,PDB,2*40+3*50,230,230,190,,Low Water Level ,,Chattogram,,,
ashuganj150midland,HFO,IPP,23*7.015,150,150,63,,Fuel shortage,,Cumilla,,,
jangalia52lakdanavi,HFO,IPP,6*8.92,52,52,24,,Fuel shortage,,Cumilla,,,
sylhet225,Gas,PDB,1*142+1*89,231,231,121,,Gas shortage,,Sylhet,,,
chapainawabganj100peaking,HFO,PDB,12*8.924,104,104,,47,Engine problem,,Rajshahi,,,
ghorasal3657,Gas,PDB,1*243+1*122,365,365,,115,Machine problem.,,Dhaka,,,
mymensingh200ed,HFO,IPP,200,200,200,,10,,,Mymensingh,,,
fenchugonj51barakatullah,Gas,RPP ,19*2.90,51,51,,4,Engine problem,,Sylhet,,,
ghorashalregent,Gas,IPP,34*3.35,108,108,58,,Gas shortage,,Dhaka,,,
chandpurdesh200,HFO,IPP,0,200,200,183,,Fuel shortage,,Cumilla,,,
siddhirgonjgt12,Gas,EGCB, 2*105,210,210,30,,,,Dhaka,,,
bancoenergy54,HFO,IPP,3*18,54,54,,0,Engine problem,,Dhaka,,,
ashuganjed53,Gas,QRPP,14*4,53,53,53,,Gas Shortage,,Cumilla,,,
ashuganj195modular,Gas,IPP,20*9.73+1*16,195,195,122,,Gas shortage,,Cumilla,,,
baghabarigt71,Gas,PDB,1*71,71,71,,,Gas line maintenance.,,Rajshahi,,,
kodda150,HFO,BPDB-RPCL,9*17.06,149,149,4,,Fuel shortage,,Dhaka,,,
keranigonj300apr,HSD,IPP,256*1.4,300,300,,,Fuel shortage,,Dhaka,,,
raozan25,HFO,RPCL,3*8.9,25,25,9,,Fuel shortage,,Chattogram,,,
rampal1320bifpcl,Coal,NTPC&BPDB,660*2,617,617,,167,Machine problem,,Khulna,,,
bosila108clc,HFO,IPP,12*8.775+1*3.5,108,108,,39,Engine problem,,Dhaka,,,
ashuganj225,Gas,APSCL,1*142+1*75,221,221,,,Under shut down.,,Cumilla,,,
meghnaghat450mpl,Gas,IPP,2*150+1*150,450,450,450,,GT-2 S/D,,Dhaka,,,
210siddhirgonj,Gas,PDB, 1*210,210,115,,35,Gas shortage,,Dhaka,,,
chattogram1,Gas,PDB,1*210,210,180,60,,Machine problem,,Chattogram,,,
ghorashalregent,Gas,IPP,34*3.35,108,108,8,,,,Dhaka,,,
haripurgt12,Gas,"SBU, PDB",2*32,64,40,,,Gas shortage,,Dhaka,,,
summitgazipur2,HFO,IPP,18*17.076,300,300,,,Low Demand,,Dhaka,,,
aprenergykeranigonj,HSD,IPP,256*1.4,300,300,,,Low Demand,,Dhaka,,,
aggrekoaurahati100,HSD,IPP,0.85*23+0.95*91,100,100,,,Low Demand,,Dhaka,,,
gazipur100,HFO,RPCL,100 MW,0,0,,,Low Demand,,Dhaka,,,
chattogramst1raozan,Gas,PDB,1*210,210,180,80,,Machine Problem,,Chattogram,,,
ashuganjenginestsk,Gas,APSCL,14*3.968,53,45,12,,Gas Shortage,,Cumilla,,,
ashuganj195modular,Gas,IPP,20*9.73+1*16,195,195,115,,Gas shortage,,Cumilla,,,
midland150,HFO,IPP,23*7.015,150,150,,,Low Demand,,Cumilla,,,
daudkandipeaking52,HFO,PDB,6*8.92,52,52,,,Low Demand,,Cumilla,,,
chandpur,Gas,PDB,1*106+1*57,163,163,,,Under maint.,,Cumilla,,,
daudkandibanglatrak,HSD,IPP,154*1.4,200,200,,,Low Demand,,Cumilla,,,
shajibazar330,Gas,PDB,3*110,330,330,,," FGMO, GT-1 under maint.",2019-06-05 00:00:00,Sylhet,,,
gopalganjpeaking,HFO,PDB,16*6.98,109,109,,,Low Demand,,Khulna,,,
haripur412,Gas,EGCB,1*273+1*139,412,412,132,,ST under maint ,,Dhaka,,,
jangalia33summit,Gas,"SIPP, PDB",4*8.73,33,33,,0,,,Cumilla,,,
cumilla25summit,Gas,"SIPP, PDB",3*3.67+2*6.97,25,25,,9,Engine problem,,Cumilla,,,
meghnaghat104opcl,HFO,IPP,18.5*6,104,104,39,,Fuel shortage,,Dhaka,,,
payra1320,Coal,BCPCL,2*622,1244,1244,,994,Rampal Test,,Barisal,,,
sspoweri,Coal,SS Power ,2*612,1224,1224,919,,,,Chattogram,,,
rpcl210,Gas,IPP,4*35+1*70,210,202,114,,Gas shortage,,Mymensingh,,,
jamalpur115ed,HFO,IPP,9.78*12,115,115,48,,Fuel shortage,,Mymensingh,,,
bibiyanaiii400,Gas,PDB,285*1+134*1,400,400,,400,,,Sylhet,,,
barisal307,Coal,IPP,307*1,307,307,82,,Coal Shortage.,,Barisal,,,
rpcl210,Gas,IPP,4*35+1*70,210,202,174,,Gas shortage,,Mymensingh,,,
dohazarikalaish100peaking,HFO,PDB,6*17,102,102,102,,,,Chattogram,,,
sirajgonj2251,Gas/HSD,NWPGCL,1*150+1*75,210,210,,210,shut down due to gas shortage.,,Rajshahi,,,
haripur412,Gas,EGCB,1*273+1*139,412,412,47,,Gas shortage,,Dhaka,,,
sirajgonj4004,Gas/HSD,SNWPGCL,1*282+1*132,414,414,179,,Gas shortage,,Rajshahi,,,
sikalbaha225,Gas/HSD,PDB,1*150+1*75,225,225,,,Filter Change,,Chattogram,,,
mirsharai150,HFO,BPDB-RPCL,18.5*9,163,163,,3,Engine problem,,Chattogram,,,
meghnaghat100iel,HFO,NENP,12*8.9,100,100,,10,Fuel shortage.,,Dhaka,,,
hathazari100peaking,HFO,PDB,11*8.9,98,98,21,,Fuel shortage,,Chattogram,,,
juldah1003acorn,HFO,IPP,8*13.5,100,100,39,,Fuel shortage,,Chattogram,,,
chandpur150,Gas,PDB,1*106+1*57,163,163,121,,Gas shortage,,Cumilla,,,
chowmuhani113,HFO,IPP,12*9.78+2*3.1,113,113,,24,Engine problem,,Cumilla,,,
barisal307,Coal,IPP,307*1,307,307,107,,Coal shoratge,,Barisal,,,
meghnaghat450mpl,Gas,IPP,2*150+1*150,450,450,0,,GT-2 Under S/D,,Dhaka,,,
sikalbaha225,Gas/HSD,PDB,1*150+1*75,225,225,37,,Gas shortage,,Chattogram,,,
ashuganj195modular,Gas,IPP,20*9.73+1*16,195,195,122,,Gas Shortage,,Cumilla,,,
ashuganjmidland51,Gas,IPP,6*9.34,51,51,46,,Gas shortage,,Cumilla,,,
mymensinghrpcl210,Gas,IPP,4*35+1*70,210,202,45,,Gas shortage ,,Mymensingh,,,
bhola194,Gas,PDB,2*63+1*68,194,194,,89, ST under maint.,,Barisal,,,
ashuganj50,Gas,APSCL,14*3.968,53,45,18,,Gas shortage,,Cumilla,,,
chandpur150,Gas,PDB,1*106+1*57,163,163,,,Under maint.,,Cumilla,,,
sirajgonj2252,Gas/HSD,NWPGCL,1*150+1*75,220,220,,,Under shut down.,,Rajshahi,,,
siddhirganj335,Gas,EGCB,1*217+118,335,335,117,,ST shut down,,Dhaka,,,
chandpur150,Gas,PDB,1*106+1*57,163,163,,20,Machine problem,,Cumilla,,,
mymensingh200ed,HFO,IPP,9.78*21,200,200,,75,Engine problem,,Mymensingh,,,
ghorashal108regent,Gas,IPP,34*3.35,108,108,17,,Gas shortage,,Dhaka,,,
meghnaghatsummit,Gas,IPP,2*110+1*110,335,335,40,,FGMO,,Dhaka,,,
ashuganj225,Gas,APSCL,1*142+1*75,221,221,1,,FGMO,,Cumilla,,,
ashuganj55precision,Gas,QRPP,15*4,55,55,20,,,,Cumilla,,,
jamalpur115ed,HFO,IPP,9.78*12,115,115,2,,,,Mymensingh,,,
meghnaghat450mpl,Gas,IPP,2*150+1*150,450,450,170,,Dust in the gas line,,Dhaka,,,
fenchugonjphase1,Gas,PDB,2*32+1*33,97,70,,30,Engine problem,,Sylhet,,,
shahjibazarg89,Gas,PDB,2*35,70,66,,14,Engine problem,,Sylhet,,,
maona33summit,Gas,"SIPP,REB",4*8.73,33,33,,26,Engine problem,,Dhaka,,,
rampal1320bifpcl,Coal,NTPC&BPDB,617*2,1234,1234,,624,Unit-2 shut down,,Khulna,,,
siddhirgonj2120g,Gas,EGCB, 2*105,210,210,110,, Gas shortage,,Dhaka,,,
haripur412,Gas,EGCB,1*273+1*139,412,400,,70,,,Dhaka,,,
ashuganj50,Gas,APSCL,14*3.968,53,45,6,,Gas shortage,,Cumilla,,,
chandpur200deshenergy,HFO,IPP,12*18.4,200,200,95,,Fuel shortage,,Cumilla,,,
bagura113confidence2,HFO,IPP,6*18.55+7.2,113,113,25,,Fuel shortage,,Rajshahi,,,
karnaphulihydro12345,Hydro,PDB,2*40+3*50,230,230,75,,Low water level,,Chattogram,,,
katpotti51,HFO,IPP,7*7.9,51,51,,,Engine problem,,Dhaka,,,
kaptaihydro12345,Hydro,PDB,2*40+3*50,230,230,,126,Low water lavel,,Chattogram,,,
ashuganj195modular,Gas,IPP,20*9.73+1*16,195,195,117,,Gas Shortage,,Cumilla,,,
mymensinghrpcl210,Gas,IPP,4*35+1*70,210,202,32,,Gas shortage ,,Mymensingh,,,
ghorasalrepowered4,Gas,PDB,1*210,210,180,,-20,,,Dhaka,,,
siddhirganj335,Gas,EGCB,1*217+118,335,335,125,,Gas shortage,,Dhaka,,,
sikalbaha225,Gas/HSD,PDB,1*150+1*75,225,225,45,,Gas shortage,,Chattogram,,,
hathazari100peaking,HFO,PDB,11*8.9,98,98,,51,Engine problem,,Chattogram,,,
chandpur200deshenergy,HFO,IPP,12*18.4,200,200,,25,Engine problem,,Cumilla,,,
meghnaghatsummit,Gas,IPP,2*110+1*110,335,335,,,Gas shortage.,,Dhaka,,,
manikgonj162mpgl,HFO,IPP,9*18,162,162,111,,Fuel shortage,,Dhaka,,,
anwara300ed,HFO,IPP,17*17+24,300,300,231,,Fuel shortage,,Chattogram,,,
juldah2acorn,HFO,IPP,8*13.6,100,100,,14,Engine problem,,Chattogram,,,
sylhet225,Gas,PDB,1*142+1*89,231,231,,96,Partial Shutdown due to maintenance,,Sylhet,,,
edpayrapower,HFO,IPP,8*18.5+1*9.5,150,150,,,Machine problem,,Barisal,,,
barisal307,Coal,IPP,307*1,307,307,,157,,,Barisal,,,
barapukuria2753,Coal,PDB,1*275,274,274,,174,Machine problem,,Rangpur,,,
shajibazar330,Gas,PDB,3*110,330,330,,120,Machine problem,,Sylhet,,,
sikalbaha105barakasikalbaha,HFO,IPP,6*17.5,105,105,75,,Fuel shortage,,Chattogram,,,
ashuganj225,Gas,APSCL,1*142+1*75,221,221,,91,ST Under maint.,,Cumilla,,,
chandpur200deshenergy,HFO,IPP,12*18.4,200,200,108,,Fuel shortage,,Cumilla,,,
chandpur150,Gas,PDB,1*106+1*57,163,163,,63,,,Cumilla,,,
meghnaghat100iel,HFO,NENP,12*8.9,100,100,19,,Fuel shortage,,Dhaka,,,
siddhirganj335,Gas,EGCB,1*217+118,335,335,,130,ST under maint,,Dhaka,,,
ashuganj225,Gas,APSCL,1*142+1*75,221,221,14,,Gas shortage,,Cumilla,,,
jamalpur115ed,HFO,IPP,9.78*12,115,115,,6,Engine problem,,Mymensingh,,,
patenga50baraka,HFO,IPP,8*6.98,50,50,,50,Fuel shortage,,Chattogram,,,
payra1320,Coal,BCPCL,2*622,1244,1244,,944,Unit-2 U/M & Rampal Test,,Barisal,,,
ghorasalst5,Gas,PDB,1*210,210,190,,80,Gas shoetage,,Dhaka,,,
siddhirganj335,Gas,EGCB,1*217,217,217,37,,,,Dhaka,,,
kaptaihydro12345,Hydro,PDB,2*40+3*50,230,230,,196,Low water lavel,,Chattogram,,,
ashuganjprecision55,Gas,RPP ,15*4,55,55,50,,Gas Shortage,,Cumilla,,,
ashuganjed53,Gas,QRPP,14*4,53,53,0,,,,Cumilla,,,
shajibazar330,Gas,PDB,3*110,330,330,,171,,,Sylhet,,,
haripur412,Gas,EGCB,1*273+1*139,412,400,,120,DP High,,Dhaka,,,
gagnagar102digitalpower,HFO,IPP,12*8.924,102,102,93,,Fuel shortage,,Dhaka,,,
ashuganj55precision,Gas,NENP,0,55,55,25,,Gas shortage,,Cumilla,,,
bheramara410,Gas,NWPGCL,1*278+1*132,410,410,103,,Gas shortage,,Khulna,,,
bhola33venture,Gas,NENP,1*34.50,40,10,,5,Engine problem,,Barisal,,,
payra1320,Coal,BCPCL,2*622,1244,1244,,,Unit-2 under maint,,Barisal,,,
barapukuria1,Coal,PDB,1*125,125,85,,10,Machine problem,,Rangpur,,,
madanganj55summit,HFO,IPP,3*17.08+1*11.3,55,55,10,,Fuel shortage,,Dhaka,,,
siddhirganj100dutchbangla,HFO,NENP,12*8.9,100,100,52,,Fuel shortage,,Dhaka,,,
bramhangoan100aggreko,HSD,IPP,114*0.959,100,100,,,Contract Expired,,Dhaka,,,
sikalbaha225,Gas/HSD,PDB,1*150+1*75,225,225,,3,,,Chattogram,,,
juldah1001acorn,HFO,NENP,8*13.45,100,100,31,,Fuel shortage,,Chattogram,,,
sylhet225,Gas,PDB,1*142+1*89,231,231,231,,Gas line maint.,,Sylhet,,,
bagura113confidence2,HFO,IPP,6*18.55+7.2,113,113,0,,,,Rajshahi,,,
karnaphulihydro12345,Hydro,PDB,2*40+3*50,230,230,77,,Low water level,,Chattogram,,,
rpcl210,Gas,IPP,4*35+1*70,210,202,77,,Gas shortage,,Mymensingh,,,
siddhirganj335,Gas,EGCB,1*217,217,217,,-23,,,Dhaka,,,
chattogramst1raozan,Gas,PDB,1*210,210,180,80,,Machine problem.,,Chattogram,,,
meghnaghatsummit,Gas,IPP,2*110+1*110,305,305,,170,GT-2 under maint.,,Dhaka,,,
chandpur150,Gas,PDB,1*106+1*57,163,163,,38,Machine problem,,Cumilla,,,
jamalpur95powerpac,HFO,IPP,12*8.924,95,95,,22,Engine problem,,Mymensingh,,,
shajibazar330,Gas,PDB,3*110,330,330,,200,GT-2 under maint.,,Sylhet,,,
ghorashal108regent,Gas,IPP,34*3.35,108,108,,56,Engine problem,,Dhaka,,,
meghnaghat100iel,HFO,NENP,12*8.9,100,100,,9,Engine problem,,Dhaka,,,
siddhirganj100dutchbangla,HFO,NENP,12*8.9,100,100,,19,Engine problem,,Dhaka,,,
hathazari100peaking,HFO,PDB,11*8.9,98,98,69,,Fuel shortage,,Chattogram,,,
faridpur50peaking,HFO,PDB,8*6.89,54,54,32,,Fuel shortage,,Khulna,,,
sirajgonj4004,Gas/HSD,SNWPGCL,1*282+1*132,414,414,129,,Gas shortage,,Rajshahi,,,
chapainawabganj100peaking,HFO,PDB,12*8.924,104,104,,30,Engine problem,,Rajshahi,,,
baghabari200paramount,HSD,IPP,135*1.6,200,200,,100,Fuel conservation,,Rajshahi,,,
bibiyanaiii400,Gas,PDB,285*1+134*1,400,400,,0,,,Sylhet,,,
siddhirganj335,Gas,EGCB,1*217,217,217,,335,Under Maint,,Dhaka,,,
meghnaghat100iel,HFO,NENP,12*8.9,100,100,86,,Fuel shortage,,Dhaka,,,
meghnaghatsummit,Gas,IPP,2*110+1*110,335,335,335,,Gas shortage,,Dhaka,,,79560.0
ashuganj55precision,Gas,QRPP,0,55,55,-50,,Gas shortage,,Cumilla,,,
ashuganj5,Gas,APSCL,1*150,150,134,54,,Engine problem,,Cumilla,,,
siddhirgonj2120g,Gas,EGCB, 2*105,210,210,114,,Gas shortage,,Dhaka,,,
kodda150,HFO,BPDB-RPCL,9*17.06,149,149,20,,Fuel shortage,,Dhaka,,,
juldah2acorn,HFO,IPP,8*13.6,100,100,35,,Fuel shortage,,Chattogram,,,
titas50peaking,HFO,PDB,6*8.92,52,52,,16,Machine problem,,Cumilla,,,
chowmuhani113,HFO,IPP,12*9.78+2*3.1,113,113,16,,,,Cumilla,,,
bhola225,Gas,PDB,2*63+1*68,194,194,,58,Machine problem,,Barisal,,,
katakhali50peaking,HFO,PDB,6*8.7,50,50,,22,Engine problem,,Rajshahi,,,
barapukuria1,Coal,PDB,1*125,125,85,,15,Machine problem,,Rangpur,,,
payra1320,Coal,BCPCL,2*622,1244,1244,644,,Coal Shortage.,,Barisal,,,
ghorasal5,Gas,PDB,1*210,210,190,85,,Gas shortage,,Dhaka,,,
ghorasalst12,Gas,PDB,2*55,110,85,,50,Engine problem,,Dhaka,,,
ghorashalregent,Gas,IPP,34*3.35,108,108,54,,Gas shortage,,Dhaka,,,
siddhirgonjgt12,Gas,EGCB, 2*105,210,210,170,,Gas shortage,,Dhaka,,,
ashuganjed53,Gas,QRPP,14*4,53,53,47,,Gas Shortage,,Cumilla,,,
mymensinghrpcl210,Gas,IPP,4*35+1*70,210,202,102,,GT-1 Under maint.,,Mymensingh,,,
siddhirganj335,Gas,EGCB,1*217+118,335,335,,103,ST under S/D,,Dhaka,,,
chandpur150,Gas,PDB,1*106+1*57,163,163,,163,under maint,,Cumilla,,,
mymensingh200ed,HFO,IPP,200,200,200,,18,Machine problem,,Mymensingh,,,
meghnaghatsummit,Gas,IPP,2*110+1*110,335,335,95,,FGMO,,Dhaka,,,
haripur360hpl,Gas,IPP,1*235+1*125,360,360,23,,Gas shortage,,Dhaka,,,
chowmuhani113,HFO,IPP,12*9.78+2*3.1,113,113,26,,Fuel shortage,,Cumilla,,,
tangail22doreen,Gas,"SIPP, PDB",8*2.90,22,22,,7,Engine problem,,Mymensingh,,,
sylhet225,Gas,PDB,1*142+1*89,231,231,,47,Machine problem,,Sylhet,,,
gopalganj100peaking,HFO,PDB,16*6.98,109,109,64,,Fuel shortage,,Khulna,,,
bera70peaking,HFO,PDB,9*8.29,71,71,,69,Engine problem,,Rajshahi,,,
adanipowerjharkhanda,Coal,Imported power,748*2,1496,1496,961,,Coal shortage,,Rajshahi,,,
meghnaghat450mpl,Gas,IPP,2*150+1*150,450,450,160,,Gas shortage,,Dhaka,,,
karnaphulihydro12345,Hydro,PDB,2*40+3*50,230,230,107,,Low water lavel,,Chattogram,,,
chandpur150,Gas,PDB,1*106+1*57,163,163,,33,Machine problem,,Cumilla,,,
barapukuria1,Coal,PDB,1*125,125,85,,10,Coal Shortage,,Rangpur,,,
ashuganj225,Gas,APSCL,1*142+1*75,221,221,,,"FGMO,Under shut down",,Cumilla,,,
shajibazar330,Gas,PDB,3*110,330,330,,230,GT-2 & ST Under maint.,,Sylhet,,,
shahjibazargt89,Gas,PDB,2*35,70,66,,,"FGMO ,Under shut down",,Sylhet,,,
bhola194,Gas,PDB,2*63+1*68,194,194,,,under maint.,,Barisal,,,
sikalbaha225,Gas/HSD,PDB,1*150+1*75,225,225,,225,GBC Problem,,Chattogram,,,
karnaphulipower,HFO,IPP,18.415*6+6.5,110,110,,,Fuel shortage,,Chattogram,,,
kodda3002summit,HFO,IPP,18*17.076,300,300,15,,,,Dhaka,,,
sirajgonj4004,Gas/HSD,SNWPGCL,1*282+1*132,414,414,,414,,,Rajshahi,,,
shajibazar330,Gas,PDB,3*110,330,330,,330,Tripped at 10:22.,,Sylhet,,,
bramhangoan100aggreko,HSD,IPP,114*0.959,100,100,100,,Fuel Shortage,,Dhaka,,,
aurahati100aggreko,HSD,IPP,0.85*23+0.95*91,100,100,20,,Fuel Shortage,,Dhaka,,,
ashuganj50,Gas,APSCL,14*3.968,53,45,9,,Engine problem,,Cumilla,,,
fenchuganj44energyprima,Gas,NENP,12*3.3+5*2,50,50,,45,Gas shortage,,Sylhet,,,
sylhet225,Gas,PDB,1*142+1*89,231,231,,91,ST under maint,,Sylhet,,,
baghabari200paramount,HSD,IPP,135*1.6,200,200,30,,Engine problem,,Rajshahi,,,
ashuganj55precision,Gas,RPP ,15*4,55,55,5,,,,Cumilla,,,
haripur412,Gas,EGCB,1*273+1*139,412,412,48,,Gas shortage,,Dhaka,,,
meghnaghat450mpl,Gas,IPP,2*150+1*150,450,450,265,,Dirty fuel,,Dhaka,,,
keranigonj300apr,HSD,IPP,256*1.4,300,300,,100,Engine problem,,Dhaka,,,
mymensingh200ed,HFO,IPP,9.78*21,200,200,38,,Fuel shortage,,Mymensingh,,,
noapara100banglatrac,HSD,IPP,70*1.4,100,100,,3,Engine problem,,Khulna,,,
sirajgonj2253,Gas/HSD,NWPGCL,1*141,220,220,67,,Gas shortage,,Rajshahi,,,
baghabari200paramount,HSD,IPP,135*1.6,200,200,,85,Engine problem,,Rajshahi,,,
energypacpowerventurethakurgaon,HFO,IPP,115,115,115,,19,Fuel shortage,,Rangpur,,,
jamalpur115ed,HFO,IPP,115 MW,115,115,,19,Engine problem,,Mymensingh,,,
sympasolarpower,Solar,IPP,8 MW,0,0,,,,,Rangpur,,,
ghorashal108regent,Gas,IPP,34*3.35,108,108,52,,Gas shortage,,Dhaka,,,
meghnaghat100iel,HFO,NENP,12*8.9,100,100,,59,Engine problem,,Dhaka,,,
madanganj55summit,HFO,IPP,3*17.08+1*11.3,55,55,,40,Engine problem,,Dhaka,,,
payra1320,Coal,BCPCL,2*622,1244,1244,,864,Rampal Test,,Barisal,,,
baghabari71g,Gas,PDB,1*71,71,71,1,,Gas shortage,,Rajshahi,,,
karnaphulihydro12345,Hydro,PDB,2*40+3*50,230,230,,115,Unit 2 & 5  under maint.,,Chattogram,,,
bhola225,Gas,PDB,2*63+1*68,194,194,,124,machine problem,,Barisal,,,
barapukuria2753,Coal,PDB,1*275,274,274,,250,Under maint,,Rangpur,,,
madanganj102summit,HFO,NENP,6*17,102,102,5,,Fuel shortage,,Dhaka,,,
keraniganj100powerpac,HFO,QRPP,8*13.45,100,20,,52,Engine problem,,Dhaka,,,
sylhet225,Gas,PDB,1*142+1*89,231,231,,106,ST under maint.,,Sylhet,,,
shahjahanulla25,Gas,"SIPP, REB",3*9.34,25,25,3,,Gas shortage,,Sylhet,,,
khulna225,HSD,NWPGCL,1*150+1*75,230,230,22,,,,Khulna,,,
ghorasal3657,Gas,PDB,1*243+1*122,365,365,0,,,,Dhaka,,,
meghnaghat450mpl,Gas,IPP,2*150+1*150,450,450,,,GBC problem,,Dhaka,,,
bheramara410,Gas,NWPGCL,1*278+1*132,410,410,20,,Gas Shortage,,Khulna,,,
baghabari71g,Gas,PDB,1*71,71,71,,,Under  maint.,,Rajshahi,,,
ashuganj450north,Gas,APSCL,1*360,360,360,210,,"FGMO,ST S/D due to gas shortage.",,Cumilla,,,
chattogram2,Gas,PDB,1*210,210,180,,80,Machine problem.,,Chattogram,,,
sylhet225,Gas,PDB,1*142+1*89,231,231,,86,ST under shut down,,Sylhet,,,
faridpur50peaking,HFO,PDB,8*6.89,54,54,19,,Fuel shortage,,Khulna,,,
gopalganj100peaking,HFO,PDB,16*6.98,109,109,44,,Fuel shortage,,Khulna,,,
ghorashal108regent,Gas,IPP,34*3.35,108,108,,48,Engine problem,,Dhaka,,,
meghnaghat450mpl,Gas,IPP,2*150+1*150,450,450,450,,Gas valve problem,,Dhaka,,,
madanganj102summit,HFO,NENP,6*17,102,102,,4,Engine problem,,Dhaka,,,
meghnaghat104opcl,HFO,IPP,18.5*6,104,104,,50,Engine problem,,Dhaka,,,
titas50peaking,HFO,PDB,6*8.92,52,52,,13,Engine problem,,Cumilla,,,
mymensingh200ed,HFO,IPP,9.78*21,200,200,,50,Engine prolem,,Mymensingh,,,
jamalpur115ed,HFO,IPP,9.78*12,115,115,,15,Engine prolem,,Mymensingh,,,
ghorasalrepowered4,Gas,PDB,1*210,210,180,25,,Gas shortage,,Dhaka,,,
confidencepowerbogura1113,HFO,IPP,6*18.55,113,113,0,,Fuel shortage,,Rajshahi,,,
rangpur113confidence,HFO,IPP,9*6.984+7*7.015+3.15*2,113,113,14,,Fuel shortage,,Rangpur,,,
ashuganj150midland,HFO,IPP,23*7.015,150,150,,2,,,Cumilla,,,
chandpur150,Gas,PDB,1*106+1*57,163,163,,73,machine problem.,,Cumilla,,,
fenchugonj51barakatullah,Gas,RPP ,19*2.90,51,51,36,,Gas shortage,,Sylhet,,,
fenchuganj44energyprima,Gas,RPP,12*3.3+5*2,50,50,30,,Gas shortage,,Sylhet,,,
sylhet225,Gas,PDB,1*142+1*89,231,231,,51,DP high,,Sylhet,,,
siddhirganj335,Gas,EGCB,1*217+118,335,335,263,,Gas shortage,,Dhaka,,,
energypacpowerventurethakurgaon,HFO,IPP,115,115,115,,47,Fuel shortage,,Rangpur,,,
ghorasal3657,Gas,PDB,1*243+1*122,365,365,,55,,,Dhaka,,,
keraniganj100powerpac,HFO,QRPP,8*13.45,100,100,,50,Fuel shortage,,Dhaka,,,
karnaphulihydro12345,Hydro,PDB,2*40+3*50,230,230,62,,Low water level & Unit-3 S/D,,Chattogram,,,
juldah1003acorn,HFO,IPP,0,100,100,,0,,,Chattogram,,,
sirajgonj2252,Gas/HSD,NWPGCL,1*150+1*75,220,220,14,,Gas shortage,,Rajshahi,,,
ashuganj55precision,Gas,RPP ,15*4,55,55,55,,Engine problem,,Cumilla,,,
rangpur113confidence,HFO,IPP,9*6.984+7*7.015+3.15*2,113,113,,3,Engine problem,,Rangpur,,,
ghorasalrepowered3,Gas,PDB,1*210,210,170,,126,Gas shortage,,Dhaka,,,
chandpur150,Gas,PDB,1*106+1*57,163,163,,,Gas shortage & ST under maint.,,Cumilla,,,
bhola225,Gas,PDB,2*63+1*68,194,194,,194, under maint.,,Barisal,,,
fenilankapower,HFO,IPP,7*18.415+1*9.78,114,114,,8,engine p[roblem,,Cumilla,,,
adanipowerjharkhanda,Coal,Imported power,748*2,1496,1496,,748,Unit-1 under maint,,Rajshahi,,,
daudkandi200btrac,HSD,IPP,154*1.4,200,200,,,Fuel shortage,,Cumilla,,,
sylhet225,Gas,PDB,1*142+1*89,231,231,,6,Machine problem,,Sylhet,,,
karnaphulihydro12345,Hydro,PDB,2*40+3*50,230,230,179,,Low water lavel,,Chattogram,,,
ashuganj51midland,Gas,IPP,6*9.34,51,51,,,Ash. 230 kV GIS Bus S/D,,Cumilla,,,
ashuganj150midland,HFO,IPP,23*7.015,150,150,,,Ash. 230 kV GIS Bus S/D,,Cumilla,,,
mymensingh200ed,HFO,IPP,200,200,200,,8,Engine problem,,Mymensingh,,,
ashuganj450north,Gas,APSCL,1*360,360,360,0,,Gas shortage,,Cumilla,,,
mymensinghrpcl210,Gas,IPP,4*35+1*70,210,202,72,,Gas shortage,,Mymensingh,,,
shajibazar330,Gas,PDB,3*110,330,330,,160,GT-2 Under maint.,,Sylhet,,,
barapukuria1,Coal,PDB,1*125,125,85,25,,Under maint,,Rangpur,,,
haripur412,Gas,EGCB,1*273+1*139,412,412,,412,,,Dhaka,,,
chandpur150,Gas,PDB,1*106+1*57,163,163,,163,STG Under S/D,,Cumilla,,,
meghnaghatsummit,Gas,IPP,2*110+1*110,305,305,155,,GT-1 under maint.,,Dhaka,,,
sikalbaha225,Gas/HSD,PDB,1*150+1*175,225,225,,75,Triiped at 09:25 and ST under S/D,,Chattogram,,,
chandpur150,Gas,PDB,1*106+1*57,163,163,,73,Tripped at 08:32 and Engine problem,,Cumilla,,,
sylhet150,Gas,PDB,1*142,142,142,,72,Engine problem,,Sylhet,,,
khulna115kpcl2,HFO,QRPP,7*17,115,115,,20,Engine problem,,Khulna,,,
ghorasalrepowered4,Gas,PDB,1*210,210,180,,30,Machine problem,,Dhaka,,,
chattogram1,Gas,PDB,1*210,210,180,68,,Gas shortage,,Chattogram,,,
karnaphulipower,HFO,IPP,18.415*6+6.5,110,110,0,,,,Chattogram,,,
chandpur115doreen,HFO,IPP,4*18.5+2*22.5,115,115,,0,,,Cumilla,,,
anlimaenergy,HFO,IPP,6*21.2,116,116,,17,Engine problem,,Chattogram,,,
shahjibazarg89,Gas,PDB,2*35,70,66,,14,Gt-9 under maint.,,Sylhet,,,
ashuganj450south,Gas,APSCL,1*360,360,360,30,,FGMO,,Cumilla,,,
siddhirganj335,Gas,EGCB,1*217+118,335,335,,125,ST under maint,,Dhaka,,,
kodda150,HFO,BPDB-RPCL,9*17.06,149,149,14,,Fuel shortage,,Dhaka,,,
sirajgonj2252,Gas/HSD,NWPGCL,1*150+1*75,220,220,,40,Gas shortage,30-08-21,Rajshahi,,,
ghorashal108regent,Gas,IPP,34*3.35,108,108,,67,Gas shortage,,Dhaka,,,
gazipur100,HFO,RPCL,6*17.5,105,105,,0,,,Dhaka,,,
ashuganj225,Gas,APSCL,1*142+1*75,221,221,0,,Gas shortage,,Cumilla,,,
ashuganj55precision,Gas,QRPP,15*4,55,55,0,,Gas shortage,,Cumilla,,,
mymensingh200ed,HFO,IPP,9.78*21,200,200,,20,Fuel shortage,,Mymensingh,,,
sylhet50epl,Gas,NENP,27*2,50,50,45,,Gas shortage,,Sylhet,,,
bibianaii341summit,Gas,IPP,1*222+1*119,341,341,11,,FGMO,,Sylhet,,,
khulna225,HSD,NWPGCL,1*150+1*75,230,230,20,,Fuel shortage,,Khulna,,,
sirajgonj2251,Gas/HSD,NWPGCL,1*150+1*75,210,210,18,,Gas shortage,,Rajshahi,,,
ashuganj225,Gas,APSCL,1*142+1*75,221,221,,,Capacity Test,,Cumilla,,,
ashuganj420east,Gas,APSCL,284*1+116*1,400,400,65,,Gas shortage,,Cumilla,,,
ashuganj51midland,Gas,IPP,6*9.34,51,51,,21,Engine problem,,Cumilla,,,
bheramarahvdc,0,Imported power,2*500,1000,1000,,,Problem in India Side,,Khulna,,,
gagnagar102digitalpower,HFO,IPP,12*8.924,102,102,,,Fuel shortage,,Dhaka,,,
sspoweri,Coal,SS Power ,2*612,1224,1224,,754,Madunaghat Transformer Limitation,,Chattogram,,,
meghnaghat104opcl,HFO,IPP,18.5*6,104,104,80,,Fuel shortage,,Dhaka,,,
karnaphulihydro12345,Hydro,PDB,2*40+3*50,230,230,,69,Engine problem,,Chattogram,,,
sikalbaha105barakasikalbaha,HFO,IPP,6*17.5,105,105,70,,Fuel shortage,,Chattogram,,,
karnaphulipower,HFO,IPP,18.415*6+6.5,110,110,78,,Fuel shortage,,Chattogram,,,
ashuganj195apscled,Gas,IPP,20*9.73+1*16,195,195,150,,Gas shortae,,Cumilla,,,
fenchugonjphase2,Gas,PDB,2*35+1*35,104,90,,54,,,Sylhet,,,
meghnaghatsummit,Gas,IPP,2*110+1*110,335,335,135,,Gas shortage,,Dhaka,,,
maona33summit,Gas,"SIPP,REB",4*8.73,33,33,,1,,,Dhaka,,,
bibiyanaiii400,Gas,PDB,285*1+134*1,400,400,,400, under S/D.,,Sylhet,,,
matarbari2600cpgcl,Coal,CPGCL,0,575,575,,,Under maint.,,Chattogram,,,
sirajgonj4414,Gas,SNWPGCL,1*282,282,282,,,FGMO,,Rajshahi,,,
karnaphulihydro12345,Hydro,PDB,2*40+3*50,230,230,170,,Low water level,,Chattogram,,,
shajibazar330,Gas,PDB,3*110,330,330,,85,ST Under maint.,,Sylhet,,,
gagnagar102digitalpower,HFO,IPP,12*8.924,102,102,19,,Engine problem,,Dhaka,,,
rangpur113confidence,HFO,IPP,9*6.984+7*7.015+3.15*2,113,113,,64,Engine problem,,Rangpur,,,
manikgonj162mpgl,HFO,IPP,9*18,162,162,,2,,,Dhaka,,,
shajibazar330,Gas,PDB,3*110,330,330,,195,GT-2  under S/D due to gas,,Sylhet,,,
haripur412,Gas,EGCB,1*273+1*139,412,400,70,,Gas shortage,,Dhaka,,,
chattogram108ecpv,HFO,IPP,16*7,108,108,39,,Fuel shortage,,Chattogram,,,
chandpur115doreen,HFO,IPP,4*18.5+2*22.5,115,115,,39,Engine problem,,Cumilla,,,
sylhet225,Gas,PDB,1*142+1*89,231,231,,96,Machine problem,,Sylhet,,,
bhola225,Gas,PDB,2*63+1*68,194,194,,59, ST Under maint.,,Barisal,,,
shajibazar330,Gas,PDB,3*110,330,330,,150,GT-2 Under maint.,,Sylhet,,,
siddhirganj335,Gas,EGCB,1*217+118,335,335,,335, under maint.,,Dhaka,,,
jamalpur115ed,HFO,IPP,9.78*12,115,115,31,,Fuel shortage,,Mymensingh,,,
sirajgonj4004,Gas/HSD,SNWPGCL,1*282+1*132,414,414,44,,Gas shortage,,Rajshahi,,,
ashuganjenginestsk,Gas,APSCL,14*3.968,53,45,25,,Gas Shortage,,Cumilla,,,
rajlanka52,HFO,IPP,52,52,52,,7,Engine problem,,Rajshahi,,,
barapukuria2,Coal,PDB,1*125,125,85,,,Under maintenance,,Rangpur,,,
haripur412,Gas,EGCB,1*273+1*139,412,412,412,,Dirty Fuel,,Dhaka,,,
siddhirgonj2120g,Gas,EGCB, 2*105,210,210,75,,Gas shortage,,Dhaka,,,
ashuganj150midland,HFO,IPP,23*7.015,150,150,51,,Fuel shortage,,Cumilla,,,
tangail22doreen,Gas,"SIPP, PDB",8*2.90,22,22,,17,Gas shortage,,Mymensingh,,,
chapainawabganj100peaking,HFO,PDB,12*8.924,104,104,,34,Engine problem,,Rajshahi,,,
barapukuria1,Coal,PDB,1*125,125,85,84,,Coal shortage,,Rangpur,,,
madanganj102summit,HFO,QRPP ,6*17,102,100,,0,,,Dhaka,,,
ashuganj55precision,Gas,RPP ,15*4,55,55,20,,,,Cumilla,,,
bibiyanasouth400,Gas,PDB,400 MW,383,383,,123,,,Sylhet,,,
karnaphulipower,HFO,IPP,18.415*6+6.5,110,110,,15,Engine problem,,Chattogram,,,
ashuganj450south,Gas,APSCL,1*360,360,360,110,,FGMO,,Cumilla,,,
sylhet225,Gas,PDB,1*142+1*89,231,231,156,,Gas shortage,,Sylhet,,,
hathazari100peaking,HFO,PDB,11*8.9,98,98,,13,Under maint,,Chattogram,,,
siddhirganj335,Gas,EGCB,1*217,217,217,,,On test.,,Dhaka,,,
patenga50,HFO,IPP,8*6.98,50,50,,15,Engine problem,,Chattogram,,,
baghabarigt100,Gas,PDB,1*100,100,100,30,,Gas shortage,,Rajshahi,,,
chattogram2,Gas,PDB,1*210,210,180,30,,,,Chattogram,,,
ashuganj5,Gas,APSCL,1*150,150,134,18,,Gas shortage,,Cumilla,,,
ashuganj450south,Gas,APSCL,1*360,360,360,,0,,,Cumilla,,,
ashuganj50,Gas,APSCL,14*3.968,53,45,,28,Engine problem,,Cumilla,,,
jamalpur95powerpac,HFO,IPP,12*8.924,95,8,,8,under maint.,,Mymensingh,,,
meghnaghatsummit,Gas,IPP,2*110+1*110,335,335,,175,GT-2 under maint,,Dhaka,,,
siddhirganj335,Gas,EGCB,1*217+118,335,335,,165,ST under S/D,,Dhaka,,,
ashuganj195apscled,Gas,IPP,20*9.73+1*16,195,195,15,,,,Cumilla,,,
shajibazar330,Gas,PDB,3*110,330,330,,150,ST under maint.,,Sylhet,,,
haripur360hpl,Gas,IPP,1*235+1*125,360,360,30,,Under maint.,,Dhaka,,,
summitpowermadhabdiashulia,Gas,"SIPP,REB",3*3.67+4*8.73,80,80,,21,Engine problem,,Dhaka,,,
tangailpallipowergen22,HFO,IPP,4*6.7,22,22,,16,Fuel shortage,,Mymensingh,,,
faridpur50peaking,HFO,PDB,8*6.89,54,54,29,,Fuel shortage,,Khulna,,,
gopalganj100peaking,HFO,PDB,16*6.98,109,109,62,,Fuel shortage,,Khulna,,,
bagura113confidence2,HFO,IPP,6*18.55+7.2,113,113,,78,High voltage,,Rajshahi,,,
sikalbaha225,Gas/HSD,PDB,1*150+1*175,225,225,25,,,,Chattogram,,,
ashuganj450north,Gas,APSCL,1*360,360,360,30,,FGMO,,Cumilla,,,
sylhet225,Gas,PDB,1*142+1*89,231,231,131,,Gas shortage,,Sylhet,,,
haripur360hpl,Gas,IPP,1*235+1*125,360,360,205,,Gas shortage,,Dhaka,,,
fenchugonjphase2,Gas,PDB,2*35+1*35,104,90,,80,Under maintenance,,Sylhet,,,
shajibazar330,Gas,PDB,3*110,330,330,,220,Under maint.,,Sylhet,,,
bibiyanasouth400,Gas,PDB,400 MW,383,383,,123,Machhine problem,,Sylhet,,,
ashuganj450south,Gas,APSCL,1*360,360,360,,0,FGMO,,Cumilla,,,
gagnagar102digitalpower,HFO,IPP,12*8.924,102,102,102,,Fuel shortage,,Dhaka,,,
juldah1003acorn,HFO,IPP,8*13.5,100,100,0,,Fuel shortage,,Chattogram,,,
ghorashal108regent,Gas,IPP,34*3.35,108,108,46,,Gas shortage,,Dhaka,,,
chandpur150,Gas,PDB,1*106+1*57,163,163,,67,Machine problem,,Cumilla,,,
meghnaghat100iel,HFO,NENP,12*8.9,100,100,,26,Engine problem,,Dhaka,,,
meghnaghatsummit,Gas,IPP,2*110+1*110,335,335,60,,FGMO,,Dhaka,,,
raozan25,HFO,RPCL,3*8.9,25,25,,0,Engine problem,,Chattogram,,,
karnaphulihydro12345,Hydro,PDB,2*40+3*50,230,230,149,,Low Water Level ,,Chattogram,,,
anwara300ed,HFO,IPP,17*17+24,300,300,,10,,,Chattogram,,,
ashuganj450south,Gas,APSCL,1*360,360,360,55,,,,Cumilla,,,
sylhet225,Gas,PDB,1*142+1*89,231,231,,93,Under maint,,Sylhet,,,
confidencepowerbogura1113,HFO,IPP,6*18.55,113,113,,8,Engine problem,,Rajshahi,,,
bbariaaggreko85,Gas,QRPP ,86*1.10,0,0,,,Contract expired,,Cumilla,,,
sirajgonj4414,Gas,SNWPGCL,1*282,414,414,,,FGMO,,Rajshahi,,,
sirajgonj4004,Gas/HSD,SNWPGCL,1*282+1*132,414,414,89,,Gas shortage,,Rajshahi,,,
haripur412,Gas,EGCB,1*273+1*139,412,412,,,ST under maint,,Dhaka,,,
gagnagar102digitalpower,HFO,IPP,12*8.924,102,102,9,,Fuel shortage,,Dhaka,,,
sikalbaha225,Gas/HSD,PDB,1*150+1*175,225,225,21,,,,Chattogram,,,
rangpur113confidence,HFO,IPP,113 MW,113,113,,,Engine problem,,Rangpur,,,
ashuganj150midland,HFO,IPP,23*7.015,150,150,139,,Fuel shortage,,Cumilla,,,
fenilankapower,HFO,IPP,7*18.415+1*9.78,114,114,,114,Engine problem,,Cumilla,,,
tongi80g,Gas,PDB,1* 105,105,105,45,,Gas shortage,,Dhaka,,,
mymensingh200ed,HFO,IPP,9.78*21,200,200,116,,Fuel shortage,,Mymensingh,,,
ghorashal108regent,Gas,IPP,34*3.35,108,108,,68,Gas shortage,,Dhaka,,,
kodda150,HFO,BPDB-RPCL,9*17.06,149,149,59,,Fuel shortage,,Dhaka,,,
karnaphulihydro12345,Hydro,PDB,2*40+3*50,230,230,,113,Low Water Level ,,Chattogram,,,
juldah1001acorn,HFO,NENP,8*13.45,100,100,,67,Fuel shortage,,Chattogram,,,
juldah1003acorn,HFO,IPP,8*13.5,100,100,,67,Fuel shortage,,Chattogram,,,
mymensingh200ed,HFO,IPP,9.78*21,200,200,,30,Fuel shortage,,Mymensingh,,,
natore52rajlanka,HFO,IPP,6*8.92,52,52,28,,Fuel shortage,,Rajshahi,,,
meghnaghat104opcl,HFO,IPP,18.5*6,104,104,87,,Fuel Shortage,,Dhaka,,,
khulna225,HSD,NWPGCL,1*150+1*75,230,230,,230,Under maint.,,Khulna,,,
kodda1491summit,HFO,IPP,8*18.45+8.97,149,149,,51,Engine problem,,Dhaka,,,
anlimaenergy,HFO,IPP,6*21.2,116,116,16,,Fuel shortage,,Chattogram,,,
fenchugonj51barakatullah,Gas,RPP ,19*2.90,51,51,6,,Gas shortage,,Sylhet,,,
haripur412,Gas,EGCB,1*273+1*139,412,412,41,,Gas shortage,,Dhaka,,,
meghnaghatsummit,Gas,IPP,2*110+1*110,335,335,165,,Gas shortage,,Dhaka,,,
fenchuganj44energyprima,Gas,NENP,12*3.3+5*2,50,50,15,,,,Sylhet,,,
ashuganj225,Gas,APSCL,1*142+1*75,221,221,,,ST tripped at 07:03 & FGMO,,Cumilla,,,
bheramara410,Gas,NWPGCL,1*278+1*132,410,410,,,Under S/D,,Khulna,,,
ghorasalrepowered4,Gas,PDB,1*210,210,180,,,Gas Shortage,,Dhaka,,,
rpcl210,Gas,IPP,4*35+1*70,210,202,33,,Gas shortage,,Mymensingh,,,
madanganj102summit,HFO,QRPP ,6*17,102,102,,102,Engine problem,,Dhaka,,,
sirajgonj2251,Gas/HSD,NWPGCL,1*150+1*75,210,210,-5,,Gas shortage,,Rajshahi,,,
kodda1491summit,HFO,IPP,8*18.45+8.97,149,149,,55,Engine problem,,Dhaka,,,
barapukuria2753,Coal,PDB,1*275,274,274,,101,Machine problem,,Rangpur,,,
meghnaghatsummit,Gas,IPP,2*110+1*110,305,305,5,,,,Dhaka,,,
ghorasalrepowered3,Gas,PDB,1*210,210,170,,126,Machine problem,,Dhaka,,,
ashuganj50,Gas,APSCL,14*3.968,53,45,22,,Gas shortage,,Cumilla,,,
fenilankapower,HFO,IPP,7*18.415+1*9.78,114,114,,6,Engine problem,,Cumilla,,,
bhola225,Gas,PDB,2*63+1*68,194,194,,104,GT-1 under maint.,,Barisal,,,
kodda1491summit,HFO,IPP,8*18.45+8.97,149,149,58,,Fuel shortage,,Dhaka,,,
ashuganj420east,Gas,APSCL,284*1+116*1,400,400,90,,Gas shortage,,Cumilla,,,
hobiganj11cofidencee,Gas,"SIPP, REB",4*2.90,11,11,,8,Engine problem,,Sylhet,,,
sylhet225,Gas,PDB,1*142+1*89,231,231,,28,Machine problem,,Sylhet,,,
khulna115kpcl2,HFO,NENP,7*17,115,115,32,,,,Khulna,,,
ullapara11summit,Gas,"SIPP, REB",4*2.90,11,11,,3,,,Rajshahi,,,
baghabari100g,Gas,PDB,1*100,100,100,60,,Gas shortage,,Rajshahi,,,
karnaphulihydro12345,Hydro,PDB,2*40+3*50,230,230,,100,Engine problem,,Chattogram,,,
chandpur150,Gas,PDB,1*106+1*57,163,163,,13,machine problem.,,Cumilla,,,
sirajgonj2251,Gas/HSD,NWPGCL,1*150+1*75,210,210,0,,,,Rajshahi,,,
barapukuria1,Coal,PDB,1*125,125,85,,-9,,,Rangpur,,,
ghorasal3657,Gas,PDB,1*243+1*122,365,365,,65,ST under maint,,Dhaka,,,
juldah1003acorn,HFO,IPP,0,100,100,,0,Engine problem,,Chattogram,,,
ashuganj150midland,HFO,IPP,23*7.015,150,150,,12,Engine problem,2021-08-31 00:00:00,Cumilla,,,
rpcl210,Gas,IPP,4*35+1*70,210,202,50,,Gas shortage,2021-09-01 00:00:00,Mymensingh,,,
haripur412,Gas,EGCB,1*273+1*139,412,400,,20,machine problem,,Dhaka,,,
bhola33venture,Gas,NENP,1*34.50,40,10,,0,Engine problem,,Barisal,,,
barapukuria1,Coal,PDB,1*125,125,85,16,,Under maint,,Rangpur,,,
meghnaghat450mpl,Gas,IPP,2*150+1*150,450,450,0,,GT-1 under S/D due to Gas shortage,,Dhaka,,,
patenga50baraka,HFO,IPP,8*6.98,50,50,25,,Fuel shortage,,Chattogram,,,
dohazarikalaish100peaking,HFO,PDB,6*17,102,102,19,,Fuel shortage,,Chattogram,,,
ashuganj225,Gas,APSCL,1*142+1*75,221,221,121,,ST Under S/D,,Cumilla,,,
ashuganj50,Gas,APSCL,14*3.968,53,45,,,gas shortage,,Cumilla,,,
ashuganj55precision,Gas,QRPP,15*4,55,55,45,,,,Cumilla,,,
kushiara163kp,Gas,IPP,1*109+1*54,163,163,,53, ST Under maint,,Sylhet,,,
sirajgonj2253,Gas/HSD,NWPGCL,1*141,220,220,,40,Gas shortage,,Rajshahi,,,
nababganj55southernpower,HFO,IPP,3*19.3,55,55,,38,Engine problem,,Dhaka,,,
anwara300ed,HFO,IPP,17*17+24,300,300,0,,Engine problem,,Chattogram,,,
ashuganj55precision,Gas,QRPP,15*4,55,55,30,,Gas shortage,,Cumilla,,,
confidencepowerbogura1113,HFO,IPP,6*18.55,113,113,37,,Fuel shortage,,Rajshahi,,,
ashuganj55precision,Gas,RPP ,15*4,55,55,45,,,,Cumilla,,,
chandpur115doreen,HFO,IPP,4*18.5+2*22.5,115,115,,45,Engine problem,,Cumilla,,,
shahjibazarg89,Gas,PDB,2*35,70,66,,2,,,Sylhet,,,
noapara40khanjahanali,HFO,NENP,5*8.5,40,40,0,,Fuel shortage,,Khulna,,,
shajibazar330,Gas,PDB,3*110,330,330,,68,,,Sylhet,,,
sirajgonj4004,Gas/HSD,SNWPGCL,1*282+1*132,414,414,,414,Under shut down.,,Rajshahi,,,
siddhirganj335,Gas,EGCB,1*217+118,335,335,,185,ST under S/D,,Dhaka,,,
juldah1003acorn,HFO,IPP,8*13.5,100,100,,26,Engine problem,,Chattogram,,,
bibiyanasouth400,Gas,PDB,400 MW,383,383,,335,Machine Problem,,Sylhet,,,
sylhet225,Gas,PDB,1*142+1*89,231,231,,41,Gas shortage,,Sylhet,,,
keraniganj100powerpac,HFO,QRPP,8*13.45,100,20,,41,Engine problem,,Dhaka,,,
bibiyanaiii400,Gas,PDB,285*1+134*1,400,400,,,Machine triped at 10:41,,Sylhet,,,
meghnaghat100iel,HFO,NENP,12*8.9,100,100,,69,Engine problem,,Dhaka,,,
kodda1491summit,HFO,IPP,8*18.45+8.97,149,149,,18,Engine problem,,Dhaka,,,
rupsha105orionrupsha,HFO,IPP,6*18.445,105,105,,31,Engine problem,,Khulna,,,
haripur360hpl,Gas,IPP,1*235+1*125,360,360,122,,Gas shortage,,Dhaka,,,
meghnaghat450mpl,Gas,IPP,2*150+1*150,450,450,260,,Dirty fuel,,Dhaka,,,
noapara100banglatrac,HSD,IPP,70*1.4,100,100,,3,,,Khulna,,,
ghorashal108regent,Gas,IPP,34*3.35,108,108,29,,Gas shortage,,Dhaka,,,
meghnaghat100iel,HFO,NENP,12*8.9,100,100,9,,,,Dhaka,,,
meghnaghatsummit,Gas,IPP,2*110+1*110,335,335,45,,,,Dhaka,,,
siddhirganj335,Gas,EGCB,1*217+118,335,335,,5,,,Dhaka,,,
anwara300ed,HFO,IPP,17*17+24,300,300,,45,Engine problem,,Chattogram,,,
titas50peaking,HFO,PDB,6*8.92,52,52,,30,Machine problem,,Cumilla,,,
jangalia52lakdanavi,HFO,IPP,6*8.92,52,52,,5,Engine problem,,Cumilla,,,
barisal307,Coal,IPP,307*1,307,307,47,,Coal shortage,,Barisal,,,
kaptaihydro12345,Hydro,PDB,2*40+3*50,230,230,,123,Low water lavel,,Chattogram,,,
ashuganjst5,Gas,APSCL,1*150,150,134,,,Under Maint.,,Cumilla,,,
barapukuria1,Coal,PDB,1*125,125,85,,11,Coal Shortage,,Rangpur,,,
chandpur150,Gas,PDB,1*106+1*57,163,163,,72,Machine problem,,Cumilla,,,
shajibazar330,Gas,PDB,3*110,330,330,50,,Gas shortage,,Sylhet,,,
sylhet50epl,Gas,RPP ,27*2,50,50,23,,Gas shortage,,Sylhet,,,
siddhirganj100dutchbangla,HFO,NENP,12*8.9,100,100,90,,Fuel shortage,,Dhaka,,,
meghnaghatuniquepower,Gas,IPP,586,584,584,,314,Machine problem,,Dhaka,,,
siddhirganj335,Gas,EGCB,1*217+118,335,335,65,,Gas shortage,,Dhaka,,,
bhola33venture,Gas,NENP,1*34.50,40,40,,7,,,Barisal,,,
ghorashal108regent,Gas,IPP,34*3.35,108,108,,18,Machine problem.,,Dhaka,,,
karnaphulihydro12345,Hydro,PDB,2*40+3*50,230,230,65,,Low water level  & #2 under maint.,,Chattogram,,,
rpcl210,Gas,IPP,4*35+1*70,210,202,42,,,,Mymensingh,,,
amnura50sinha,HFO,QRPP,7*7.79,50,50,8,,Engine problem,,Rajshahi,,,
ghorasalst7,Gas,PDB,1*243+1*122,365,365,,165,ST  under maint.,,Dhaka,,,
chandpur150,Gas,PDB,1*106+1*57,163,163,,163,Under shut down,,Cumilla,,,
bhola225,Gas,PDB,2*63+1*68,194,194,,68,ST  Under maint.,,Barisal,,,
chandpur150,Gas,PDB,1*106+1*57,163,163,,123,Engine problem.,,Cumilla,,,
shajibazar330,Gas,PDB,3*110,330,330,100,,Gas shortage,,Sylhet,,,
shajibazar330,Gas,PDB,3*110,330,330,,210,GT-2 under maint.,,Sylhet,,,
meghnaghat450mpl,Gas,IPP,2*150+1*150,450,450,280,,Dirty fuel,,Dhaka,,,
ashuganj450south,Gas,APSCL,1*360,360,360,210,,Gas shortage,,Cumilla,,,
fenchugonjphase2,Gas,PDB,2*35+1*35,104,90,,49,,,Sylhet,,,
bibianaii341summit,Gas,IPP,1*222+1*119,341,341,51,,FGMO,,Sylhet,,,
bhola33venture,Gas,NENP,1*34.50,40,10,,3,Engine problem,,Barisal,,,
sirajgonj2252,Gas/HSD,NWPGCL,1*150+1*75,220,220,60,,,,Rajshahi,,,
madanganj102summit,HFO,NENP,6*17,102,102,2,,Fuel shortage,,Dhaka,,,
payra1320,Coal,BCPCL,2*622,1244,1244,884,,Unit-1 under S/D ,,Barisal,,,
chattogramst1raozan,Gas,PDB,1*210,210,180,65,,Machine problem.,,Chattogram,,,
chittgongst2raozan,Gas,PDB,1*210,210,180,0,,,,Chattogram,,,
karnaphulipower,HFO,IPP,18.415*6+6.5,110,110,15,,Fuel shortage,,Chattogram,,,
gazipur52,HFO,RPCL,6*8.9,52,52,,,Substation work,,Dhaka,,,
fenchugonjphase2,Gas,PDB,2*35+1*35,104,90,,68,GT-4 under maint.,,Sylhet,,,
ghorashal108regent,Gas,IPP,34*3.35,108,108,73,,Gas shortage,,Dhaka,,,
anwara300ed,HFO,IPP,17*17+24,300,300,160,,Fuel shortage,,Chattogram,,,
khulna115kpcl2,HFO,NENP,7*17,115,115,93,,Fuel shortage,,Khulna,,,
gopalganj100peaking,HFO,PDB,16*6.98,109,109,61,,Fuel shortage,,Khulna,,,
sirajgonj2252,Gas/HSD,NWPGCL,1*150+1*75,220,220,,220,Machine problem,,Rajshahi,,,
shajibazar330,Gas,PDB,3*110,330,330,,175,GT-2 Under maint.,,Sylhet,,,
dohazarikalaish100peaking,HFO,PDB,6*17,102,102,,23,Engine problem,,Chattogram,,,
ashuganj55precision,Gas,QRPP,15*4,55,55,4,,,,Cumilla,,,
jamalpur95powerpac,HFO,IPP,12*8.924,95,95,,78,Fuel shortage,,Mymensingh,,,
ashuganj55precision,Gas,QRPP,0,55,55,20,,Gas shortage,,Cumilla,,,
barapukuria1,Coal,PDB,1*125,125,85,45,,Under maint,,Rangpur,,,
haripur412,Gas,EGCB,1*273+1*139,412,400,10,,Gas shortage,,Dhaka,,,
juldah1001acorn,HFO,NENP,8*13.45,100,100,54,,Engine problem,,Chattogram,,,
matarbari2600cpgcl,Coal,CPGCL,0,575,575,,5,Unit-1 Under maint,,Chattogram,,,
chandpur150,Gas,PDB,1*106+1*57,163,163,,88,Machine problem,,Cumilla,,,
jangalia52lakdanavi,HFO,IPP,6*8.92,52,52,,10,Machine problem,,Cumilla,,,
rpcl210,Gas,IPP,4*35+1*70,210,202,202,,,,Mymensingh,,,
sylhet20g,Gas,PDB,1*20,20,20,6,,Gas shortage,,Sylhet,,,
shahjahanulla25,Gas,"SIPP, REB",3*9.34,25,25,,1,Engine problem,,Sylhet,,,
rampal1320bifpcl,Coal,NTPC&BPDB,617*2,1234,1234,,615,Unit-2 shut down,,Khulna,,,
shajibazar330,Gas,PDB,3*110,330,330,,330,GT-2 Under maint,,Sylhet,,,
sirajgonj3225,Gas/HSD,NWPGCL,1*141,141,141,,,Under maint.,,Rajshahi,,,
meghnaghat450mpl,Gas,IPP,2*150+1*150,450,450,,,GT-2 under Maint,,Dhaka,,,
matarbari2600cpgcl,Coal,CPGCL,2*575,1150,1150,350,,Coal shortage,,Chattogram,,,
shahjibazarg89,Gas,PDB,2*35,70,66,4,,,,Sylhet,,,
meghnaghat450mpl,Gas,IPP,2*150+1*150,450,450,105,,GT-2 Under S/D,,Dhaka,,,
sikalbaha225,Gas/HSD,PDB,1*150+1*75,225,225,63,,Gas shortage,,Chattogram,,,
ashuganj450north,Gas,APSCL,1*360,360,360,,,DCT preparation,,Cumilla,,,
sirajgonj2251,Gas/HSD,NWPGCL,1*150+1*75,210,210,,210,,,Rajshahi,,,
siddhirgonj2120g,Gas,EGCB, 2*105,210,210,160,,Gas shortage,,Dhaka,,,
bosila108clc,HFO,IPP,12*8.775+1*3.5,108,108,,48,Engine problem,,Dhaka,,,
kodda3002summit,HFO,IPP,18*17.076,300,300,,38,Engine problem,,Dhaka,,,
chattogramecpv108,HFO,IPP,16*7,108,108,,2,,,Chattogram,,,
jamalpur95,HFO,IPP,12*8.924,95,95,,,Enjgine problem,,Mymensingh,,,
bhola194,Gas,PDB,2*63+1*68,194,194,,74, ST under maint.,,Barisal,,,
katakhalipeaking,HFO,PDB,6*8.7,50,50,,10,,,Rajshahi,,,
ghorasal3657,Gas,PDB,1*243+1*122,365,365,,215,GBC problem,,Dhaka,,,
ashuganj450north,Gas,APSCL,1*360,360,360,,20,Gas shortage,,Cumilla,,,
bibiyanasouth400,Gas,PDB,400 MW,383,383,,,Machine problem,,Sylhet,,,
ashuganj195modular,Gas,IPP,20*9.73+1*16,195,195,139,,Gas shortage,,Cumilla,,,
shajibazar330,Gas,PDB,3*110,330,330,,170,GT-1 under S/D for Gas shortage,,Sylhet,,,
karnaphulihydro12345,Hydro,PDB,2*40+3*50,230,230,26,,Low Water Level ,,Chattogram,,,
sikalbaha225,Gas/HSD,PDB,1*150+1*175,225,225,,225,Under maintenance,,Chattogram,,,
ghorasal3657,Gas,PDB,1*243+1*122,365,365,,185,ST under maint,,Dhaka,,,
haripur360hpl,Gas,IPP,1*235+1*125,360,360,53,,Gas shortage,,Dhaka,,,
tangail22doreen,Gas,"SIPP, PDB",8*2.90,22,22,13,,Gas shortage,,Mymensingh,,,
sylhet225,Gas,PDB,1*142+1*89,231,231,151,,Gas shortage,,Sylhet,,,
ashuganj195modular,Gas,IPP,20*9.73+1*16,195,195,95,,Gas shortage,,Cumilla,,,
baghabarigt71,Gas,PDB,1*71,71,71,21,,Gas shortage,,Rajshahi,,,
baghabarigt100,Gas,PDB,1*100,100,100,50,,Gas shortage,,Rajshahi,,,
siddhirganj335,Gas,EGCB,1*217+118,335,335,95,,Gas shortage,,Dhaka,,,
chattogram1,Gas,PDB,1*210,210,180,65,,Machine problem,,Chattogram,,,
matarbari2600cpgcl,Coal,CPGCL,2*575,1150,1150,,677,Unit-1 Under maint,,Chattogram,,,
ashuganj450north,Gas,APSCL,1*360,360,360,,,S/D 24 hours.,,Cumilla,,,
shahjibazarg89,Gas,PDB,2*35,70,66,6,,Gas shortage,,Sylhet,,,
bhola225,Gas,PDB,2*63+1*68,194,194,,40,ST-1 under shut down,,Barisal,,,
karnaphulihydro12345,Hydro,PDB,2*40+3*50,230,230,,165,Low Water Level ,,Chattogram,,,
juldah1001acorn,HFO,QRPP,8*13.45,100,100,,,Engine problem,,Chattogram,,,
bibiyanaiii400,Gas,PDB,400 MW,400,400,,174,Machine Problem,,Sylhet,,,
ghorasal3657,Gas,PDB,1*243+1*122,365,365,,165,ST under S/D.,,Dhaka,,,
chandpur150,Gas,PDB,1*106+1*57,163,163,,35,Engine problem,,Cumilla,,,
gopalganj100peaking,HFO,PDB,16*6.98,109,109,,61,Engine problem,,Khulna,,,
anlimaenergy,HFO,IPP,6*21.2,116,116,,20,Engine problem,,Chattogram,,,
mymensinghrpcl210,Gas,IPP,4*35+1*70,210,202,97,,Gas Shortage,,Mymensingh,,,
siddhirganj335,Gas,EGCB,1*217+118,335,335,,120,ST under maint.,,Dhaka,,,
matarbari2600cpgcl,Coal,CPGCL,0,575,575,,,Meghnaghat Bus section Limitation,,Chattogram,,,
ghorashal108regent,Gas,IPP,34*3.35,108,108,,,Gas Shortage,,Dhaka,,,
ashuganj5,Gas,APSCL,1*150,150,134,,34,Engine problem,,Cumilla,,,
kodda1491summit,HFO,IPP,8*18.45+8.97,149,149,,32,Engine problem,,Dhaka,,,
mymensingh200ed,HFO,IPP,9.78*21,200,200,,11,Engine problem,,Mymensingh,,,
sylhet50epl,Gas,NENP,27*2,50,50,16,,Gas shortage,,Sylhet,,,
siddhirganj335,Gas,EGCB,1*217+118,335,335,,118,ST under maint,,Dhaka,,,
chandpur200deshenergy,HFO,IPP,0,200,200,,132,Engine problem,,Cumilla,,,
fenchugonjphase1,Gas,PDB,2*32+1*33,97,70,,28,Engine problem,,Sylhet,,,
fenchugonjphase2,Gas,PDB,2*35+1*35,104,90,,60,Under maint.,,Sylhet,,,
keraniganj100powerpac,HFO,NENP,8*13.45,100,75,55,,Fuel shortage,,Dhaka,,,
karnaphulipower,HFO,IPP,18.415*6+6.5,110,110,,18,Fuel Shortage,,Chattogram,,,
chandpur150,Gas,PDB,1*106+1*57,163,163,,111,Machine problem,,Cumilla,,,
chowmuhani113,HFO,IPP,12*9.78+2*3.1,113,113,,35,Engine problem,,Cumilla,,,
ashuganjprecision55,Gas,RPP ,15*4,55,55,,,Gas shortage,,Cumilla,,,
mymensinghrpcl210,Gas,IPP,4*35+1*70,210,202,2,,,,Mymensingh,,,
chandpur150,Gas,PDB,1*106+1*57,163,163,,57,under maintenance,,Cumilla,,,
meghnaghat100iel,HFO,NENP,12*8.9,100,100,52,,Fuel shortage,,Dhaka,,,
chattogram108ecpv,HFO,IPP,16*7,108,108,,14,Fuel shortage,,Chattogram,,,
titas50peaking,HFO,PDB,6*8.92,52,52,,4,Engine problem,,Cumilla,,,
chandpur150,Gas,PDB,1*106+1*57,163,163,,133,"Engine problem, Gas shortage",,Cumilla,,,
chowmuhani113,HFO,IPP,12*9.78+2*3.1,113,113,,56,Engine problem,,Cumilla,,,
baghabari200paramount,HSD,IPP,135*1.6,200,200,23,,Fuel shortage,,Rajshahi,,,
meghnaghat450mpl,Gas,IPP,2*150+1*150,450,450,140,,Gas shortage,,Dhaka,,,
karnaphulihydro12345,Hydro,PDB,2*40+3*50,230,230,201,,Low water lavel,,Chattogram,,,
jodiacpower,HFO,IPP,3*18.55+1*3.6,54,54,0,,Fuel shortage,,Chattogram,,,
chandpur200deshenergy,HFO,IPP,12*18.4,200,200,20,,,,Cumilla,,,
fenilankapower,HFO,IPP,7*18.415+1*9.78,114,114,97,17,Fuel shortage & Engine problem,,Cumilla,,,
rampal1320bifpcl,Coal,NTPC&BPDB,660*2,617,617,267,,Coal shortage,,Khulna,,,
mymensinghrpcl210,Gas,IPP,4*35+1*70,210,202,0,,Gas shortage ,,Mymensingh,,,
fenchugonj1,Gas,PDB,2*32+1*33,97,70,,30,GT-1 under maint.,,Sylhet,,,
sylhetgt150,Gas,PDB,1*142,142,142,,142,Under maint,,Sylhet,,,
chowmuhani113,HFO,IPP,12*9.78+2*3.1,113,113,,29,Fuel shortag,,Cumilla,,,
ghorasalrepowered4,Gas,PDB,1*210,210,180,10,,Gas shortage,,Dhaka,,,
ashuganj5,Gas,APSCL,1*150,150,134,,134,Engine problem,,Cumilla,,,
ghorasal3657,Gas,PDB,1*243+1*122,365,365,,165,Under maint.,,Dhaka,,,
fenchuganj44energyprima,Gas,NENP,12*3.3+5*2,50,50,30,,Gas shortage,,Sylhet,,,
bhairob545,HFO,IPP,3*18.2,54,54,19,,Fuel shortage,,Cumilla,,,
ghorasal3657,Gas,PDB,1*243+1*122,365,365,,175,ST under S/D,,Dhaka,,,
baghabari100g,Gas,PDB,1*100,100,100,25,,Gas shortage,,Rajshahi,,,
haripur360hpl,Gas,IPP,1*235+1*125,360,360,80,,Dust in the gas line,,Dhaka,,,
meghnaghat450mpl,Gas,IPP,2*150+1*150,450,450,190,,Dust in the gas line,,Dhaka,,,
meghnaghatsummit,Gas,IPP,2*110+1*110,305,305,70,,Dust in the gas line,,Dhaka,,,
meghnaghat450mpl,Gas,IPP,2*150+1*150,450,450,,225,GT-1 shut down,,Dhaka,,,
kaptaihydro12345,Hydro,PDB,2*40+3*50,230,230,,191,Low water lavel,,Chattogram,,,
ashuganjnorth,Gas,APSCL,1*360,360,360,,110,ST under maint,,Cumilla,,,
edjamalpurl,HFO,IPP,115 MW,115,115,,16,Engine problem,,Mymensingh,,,
sylhet225,Gas,PDB,1*142+1*89,231,231,,151,Machine Problem,,Sylhet,,,
siddhirganj335,Gas,EGCB,1*217+118,335,335,,165,ST under maint,,Dhaka,,,
meghnaghat104opcl,HFO,IPP,18.5*6,104,104,20,,Fuel shortage,,Dhaka,,,
hathazari100peaking,HFO,PDB,11*8.9,98,98,62,,Fuel shortage,,Chattogram,,,
ashuganj55precision,Gas,QRPP,15*4,55,55,8,,Gas shortage,,Cumilla,,,
ashuganj150midland,HFO,IPP,23*7.015,150,150,77,,Fuel shortage,,Cumilla,,,
faridpur50peaking,HFO,PDB,8*6.89,54,54,24,,Fuel shortage,,Khulna,,,
bhola225,Gas,PDB,2*63+1*68,194,194,,128,Machine problem,,Barisal,,,
sirajgonj2253,Gas/HSD,NWPGCL,1*141,220,220,77,,Gas shortage,,Rajshahi,,,
sirajgonj4004,Gas/HSD,SNWPGCL,1*282+1*132,414,414,40,,Gas shortage,,Rajshahi,,,
ghorasal12,Gas,PDB,2*55,110,85,,,#1 Under maint.,,Dhaka,,,
meghnaghatuniquepower,Gas,IPP,586,0,0,,,machine tripped at 09:04,,Dhaka,,,
ashuganj420east,Gas,APSCL,284*1+116*1,400,400,,,Gas shortage,,Cumilla,,,
titas50peaking,HFO,PDB,6*8.92,52,52,19,,Fuel shortage,,Cumilla,,,
fenchuganj44energyprima,Gas,NENP,12*3.3+5*2,50,50,4,,Gas shortage,,Sylhet,,,
shahjibazar86shahjibazar,Gas,RPP ,32*2.90,86,86,2,,,,Sylhet,,,
bibiyanaiii400,Gas,PDB,285*1+134*1,400,400,,,Under maint.,,Sylhet,,,
bibiyanasouth400,Gas,PDB,400 MW,383,383,,303,ST Under S/D,,Sylhet,,,
keraniganj100powerpac,HFO,NENP,8*13.45,100,75,19,,Fuel shortage,,Dhaka,,,
karnaphulihydro12345,Hydro,PDB,2*40+3*50,230,230,125,,Low Water Level ,,Chattogram,,,
kushiara163kp,Gas,IPP,1*109+1*54,163,163,,51,Under maint.,,Sylhet,,,
bheramara410,Gas,NWPGCL,1*278+1*132,410,410,280,,Gas shortage,,Khulna,,,
sylhet225,Gas,PDB,1*142+1*89,231,231,,151,Partial Shutdown due to maintenance,,Sylhet,,,
ghorasal3657,Gas,PDB,1*243+1*122,365,365,,195,ST under Main. ,,Dhaka,,,
confidencepowerbogura1113,HFO,IPP,6*18.55,113,113,18,,Engine problem,,Rajshahi,,,
chandpur115doreen,HFO,IPP,4*18.5+2*22.5,115,115,38,,,,Cumilla,,,
ghorasalgt3,Gas,PDB,1*210,210,170,,,Trriped at 7:40 ,,Dhaka,,,
ghorashalregent,Gas,IPP,34*3.35,108,108,108,,Gas Shortage,,Dhaka,,,
gagnagar102digitalpower,HFO,IPP,12*8.924,102,102,,0,Engine problem,,Dhaka,,,
karnaphulihydro12345,Hydro,PDB,2*40+3*50,230,230,152,,Low water level,,Chattogram,,,
sikalbahapeakinggt,Gas/HSD,PDB,1*150 ,150,150,10,,Gas shortage,,Chattogram,,,
rpcl210,Gas,IPP,4*35+1*70,210,202,150,,Gas shortage,,Mymensingh,,,
bholanutanbiddutbd,Gas,IPP,220,220,220,,105,GT-2 Under maint,,Barisal,,,
bibiyanasouth400,Gas,PDB,400 MW,383,383,3,,Gas shortage,,Sylhet,,,
sirajgonj2251,Gas/HSD,NWPGCL,1*150+1*75,210,210,48,,Gas shortage,,Rajshahi,,,
sikalbaha225,Gas/HSD,PDB,1*150+1*175,225,225,,,ST Under shut down,,Chattogram,,,
fenilankapower,HFO,IPP,7*18.415+1*9.78,114,114,16,,,,Cumilla,,,
bibiyanasouth400,Gas,PDB,400 MW,383,383,,,ST under shut down,,Sylhet,,,
rupsha105orionrupsha,HFO,IPP,6*18.445,105,105,68,,Fuel shortage,,Khulna,,,
karnaphulihydro12345,Hydro,PDB,2*40+3*50,230,230,170,,"Unit 1,2,3 Under S/D ",,Chattogram,,,
ashuganj5,Gas,APSCL,1*150,150,134,,74,Gas shortage,,Cumilla,,,
haripur412,Gas,EGCB,1*273+1*139,412,400,0,,Gas shortage,,Dhaka,,,
ashuganj55precision,Gas,QRPP,0,55,55,23,,Gas shortage,,Cumilla,,,
energypacpowerventurethakurgaon,HFO,IPP,115,115,115,,0,Fuel shortage,,Rangpur,,,
shahjibazarg89,Gas,PDB,2*35,70,66,,26,,,Sylhet,,,
bibiyanaiii400,Gas,PDB,400 MW,400,400,,,under S/D due to gas line maint.,,Sylhet,,,
bibiyanasouth400,Gas,PDB,400 MW,383,383,,,under S/D due to gas line maint.,,Sylhet,,,
bheramara410,Gas,NWPGCL,1*278+1*132,410,410,20,,Gas shortage,,Khulna,,,
khulna115kpcl2,HFO,NENP,7*17,115,115,,55,Engine problem,,Khulna,,,
chandpur,Gas,PDB,1*106+1*57,163,163,,163, under maint.,,Cumilla,,,
mymensinghrpcl210,Gas,IPP,4*35+1*70,210,202,1,,Gas shortage,,Mymensingh,,,
shajibazar330,Gas,PDB,3*110,330,330,,260,GT-2 Under maint.,,Sylhet,,,
ashuganj225,Gas,APSCL,1*142+1*75,221,221,101,,ST Under S/D,,Cumilla,,,
bibiyanasouth400,Gas,PDB,400 MW,383,383,,163,GBC problem,,Sylhet,,,
chandpur150,Gas,PDB,1*106+1*57,163,163,,57,"Gas shortage,S T Under maint.",,Cumilla,,,
meghnaghat450mpl,Gas,IPP,2*150+1*150,450,450,270,,Dirty fuel,,Dhaka,,,
ashuganj150midland,HFO,IPP,23*7.015,150,150,,0,Engine problem,,Cumilla,,,
mymensingh200ed,HFO,IPP,9.78*21,200,200,46,,Fuel shortage,,Mymensingh,,,
sirajgonj2251,Gas/HSD,NWPGCL,1*150+1*75,210,210,12,,Gas shortage,,Rajshahi,,,
bagura113confidence2,HFO,IPP,6*18.55+7.2,113,113,,13,Engine problem,,Rajshahi,,,
karnaphulihydro12345,Hydro,PDB,2*40+3*50,230,230,110,,Unit 2  under maint.,,Chattogram,,,
barabkunda22regent,Gas,"SIPP, PDB",8*2.90,22,22,,1,Engine problem,,Chattogram,,,
ashuganj450north,Gas,APSCL,1*360,360,360,,165,GT Only,,Cumilla,,,
ashuganj450south,Gas,APSCL,1*360,360,360,,250,GT Only,,Cumilla,,,
bhola95aggreko,Gas,QRPP,96*1.10,95,95,5,,Gas shortage,,Barisal,,,
meghnaghat104opcl,HFO,IPP,18.5*6,104,104,0,,Fuel shortage,,Dhaka,,,
meghnaghat450mpl,Gas,IPP,2*150+1*150,450,450,50,,,,Dhaka,,,
ashuganj55precision,Gas,RPP ,15*4,55,55,3,,,,Cumilla,,,
dohazarikalaish100peaking,HFO,PDB,6*17,102,102,70,,Fuel shortage,,Chattogram,,,
juldah1003acorn,HFO,IPP,8*13.5,100,100,64,,Fuel shortage,,Chattogram,,,
karnaphulihydro12345,Hydro,PDB,2*40+3*50,230,230,,152,Low water lavel,,Chattogram,,,
sikalbaha51engine,HFO,RPP ,4*12.5+2*11.9+1*3+1*1.5,51,51,,27,Engine problem,,Chattogram,,,
jamalpur95,HFO,IPP,12*8.924,95,95,,7,Engine problem,,Mymensingh,,,
sylhet225,Gas,PDB,1*142+1*89,231,231,,11,ST under maint.,,Sylhet,,,
ghorasal3657,Gas,PDB,1*243+1*122,365,365,,-15,,,Dhaka,,,
matarbari2600cpgcl,Coal,CPGCL,2*575,1150,1150,680,,Coal shortage,,Chattogram,,,
fenilankapower,HFO,IPP,7*18.415+1*9.78,114,114,8,,Engine problem,,Cumilla,,,
ashuganj225,Gas,APSCL,1*142+1*75,221,221,,57,Under S/D,,Cumilla,,,
karnaphulihydro12345,Hydro,PDB,2*40+3*50,230,230,166,,Low water level,,Chattogram,,,
siddhirganj335,Gas,EGCB,1*217,217,217,,97,Machine problem,,Dhaka,,,
bosila108,HFO,IPP,12*8.775+1*3.5,108,108,,50,Engine problem,,Dhaka,,,
meghnaghat450mpl,Gas,IPP,2*150+1*150,450,450,,80,Machine problem,,Dhaka,,,
haripur360hpl,Gas,IPP,1*235+1*125,360,360,105,,Gas shortage,,Dhaka,,,
siddhirganj100dutchbangla,HFO,NENP,12*8.9,100,100,,16,Engine problem,,Dhaka,,,
gagnagar102digitalpower,HFO,IPP,12*8.924,102,102,,52,Engine problem,,Dhaka,,,
sylhet225,Gas,PDB,1*142+1*89,231,231,54,,Gas shortage,,Sylhet,,,
ashuganj55precision,Gas,QRPP,0,55,55,2,,,,Cumilla,,,
sylhet225,Gas,PDB,1*142+1*89,231,231,,81,Gas shortage,,Sylhet,,,
ghorashalregent,Gas,IPP,34*3.35,108,108,102,,Gas Shortage,,Dhaka,,,
kaptaihydro12345,Hydro,PDB,2*40+3*50,230,230,,200,Low water lavel,,Chattogram,,,
ashuganj450south,Gas,APSCL,1*360,360,360,,60,FGMO,,Cumilla,,,
haripur412,Gas,EGCB,1*273+1*139,412,412,68,,Gas shortage,,Dhaka,,,
siddhirganj335,Gas,EGCB,1*217+118,335,335,,200,ST under maint,,Dhaka,,,
chandpur150,Gas,PDB,1*106+1*57,163,163,87,,Gas shortage.,,Cumilla,,,
fenilankapower,HFO,IPP,7*18.415+1*9.78,114,114,,21,Engine problem,,Cumilla,,,
tangail22doreen,Gas,"SIPP, PDB",8*2.90,22,22,,7,Gas shortage,,Mymensingh,,,
khulna225,HSD,NWPGCL,1*150+1*75,230,230,4,,,,Khulna,,,
karnaphulihydro12345,Hydro,PDB,2*40+3*50,230,230,,65,Unit-3 Under maint,,Chattogram,,,
sikalbaha51energis,HFO,RPP ,4*12.5+2*11.9+1*3+1*1.5,51,51,,51,Oil shortage,,Chattogram,,,
bholanutanbiddutbd,Gas,IPP,220,220,220,,110,GT-2 Under maint,,Barisal,,,
anwara300ed,HFO,IPP,17*17+24,300,300,,25,,,Chattogram,,,
natore52rajlanka,HFO,IPP,6*8.92,52,52,44,44,Fuel shortage,,Rajshahi,,,
chapainawabganj100peaking,HFO,PDB,12*8.924,104,104,69,,Fuel shortage,,Rajshahi,,,
fenchugonjphase2,Gas,PDB,2*35+1*35,104,90,,70,Engine problem,,Sylhet,,,
matarbari2600cpgcl,Coal,CPGCL,2*575,1150,1150,850,,Coal shortage,,Chattogram,,,
rampal1320bifpcl,Coal,NTPC&BPDB,617*2,1234,1234,504,,Coal shortage,,Khulna,,,
sirajgonj2253,Gas/HSD,NWPGCL,1*141,220,220,68,,Gas shortage,,Rajshahi,,,
karnaphulihydro12345,Hydro,PDB,2*40+3*50,230,230,,85,"Low Water Level & Unit 2 & 4,5  U/M.",,Chattogram,,,
ghorasalst12,Gas,PDB,2*55,110,85,,,#01 under maint.,,Dhaka,,,
ashuganjst5,Gas,APSCL,1*150,150,134,34,,,,Cumilla,,,
chandpur,Gas,PDB,1*106+1*57,163,163,,163, Under maint.,,Cumilla,,,
meghnaghatsummit,Gas,IPP,2*110+1*110,335,335,30,,Gas shortage,,Dhaka,,,
chowmuhani113,HFO,IPP,12*9.78+2*3.1,113,113,,22,Engine problem,,Cumilla,,,
siddhirganj335,Gas,EGCB,1*217+118,335,220.13,,,,,Dhaka,,,
nababganj55southernpower,HFO,IPP,3*19.3,55,55,,55,33 kV feeder fault,,Dhaka,,,
shajibazar330,Gas,PDB,3*110,330,330,,60,GT-1 under maint.,,Sylhet,,,
ashuganj225,Gas,APSCL,1*142+1*75,221,221,31,,,,Cumilla,,,
shajibazar330,Gas,PDB,3*110,330,330,,170,GT-2 Under maint,,Sylhet,,,
ghorashal108regent,Gas,IPP,34*3.35,108,108,,41,Engine problem,,Dhaka,,,
meghnaghat450mpl,Gas,IPP,2*150+1*150,450,450,,,Gas shortage due to dirty fuel,,Dhaka,,,
meghnaghat104opcl,HFO,IPP,18.5*6,104,104,,,Engine problem,,Dhaka,,,
anlimaenergy,HFO,IPP,6*21.2,116,116,,10,Engine problem,,Chattogram,,,
jamalpur115ed,HFO,IPP,9.78*12,115,115,,22,Engine problem,,Mymensingh,,,
haripur412,Gas,EGCB,1*273+1*139,412,400,,80,Machine problem,,Dhaka,,,
siddhirgonj2120g,Gas,EGCB, 2*105,210,210,130,,,,Dhaka,,,
daudkandi200btrac,HSD,IPP,154*1.4,200,200,100,,For  2.5 Hour,,Cumilla,,,
ghorashal108regent,Gas,IPP,34*3.35,108,108,42,,Gas Shortage.,,Dhaka,,,
meghnaghat100iel,HFO,NENP,12*8.9,100,100,14,,Fuel shortage,,Dhaka,,,
siddhirganj100dutchbangla,HFO,NENP,12*8.9,100,100,10,,Engine problem,,Dhaka,,,
chattogram1,Gas,PDB,1*210,210,180,,70,Under maint.,,Chattogram,,,
chattogram108ecpv,HFO,IPP,16*7,108,108,22,,Fuel shortage,,Chattogram,,,
chandpur150,Gas,PDB,1*106+1*57,163,163,,83,ST under S/D,,Cumilla,,,
chandpur200deshenergy,HFO,IPP,12*18.4,200,200,20,,Fuel shortage,,Cumilla,,,
gopalganj100peaking,HFO,PDB,16*6.98,109,109,,52,Engine problem,,Khulna,,,
baghabari200paramount,HSD,IPP,135*1.6,200,200,,50,Engine problem,,Rajshahi,,,
ghorasalrepowered3,Gas,PDB,1*210,210,170,,70,Machine problem,,Dhaka,,,
ghorashal108regent,Gas,IPP,34*3.35,108,108,100,,Gas shortage,,Dhaka,,,
ashuganj450north,Gas,APSCL,1*360,360,360,75,,Gas shortage,,Cumilla,,,
ashuganj55precision,Gas,RPP ,15*4,55,55,50,,gas shortage,,Cumilla,,,
sylhet50epl,Gas,RPP ,27*2,50,50,2,,Gas shortage,,Sylhet,,,
rampal1320bifpcl,Coal,NTPC&BPDB,617*2,1234,1234,,617,Unit-1 under maint,,Khulna,,,
meghnaghat100iel,HFO,NENP,12*8.9,100,100,59,,Fuel shortage,,Dhaka,,,
kodda150,HFO,BPDB-RPCL,9*17.06,149,149,,23,Fuel shortage,,Dhaka,,,
chowmuhani113,HFO,IPP,12*9.78+2*3.1,113,113,3,,Fuel shortage,,Cumilla,,,
mymensingh200ed,HFO,IPP,9.78*21,200,200,,105,Engine problem,,Mymensingh,,,
sirajgonj2251,Gas/HSD,NWPGCL,1*150+1*75,210,210,-4,,Gas shortage,,Rajshahi,,,
madanganj102summit,HFO,QRPP ,6*17,102,0,,24,Engine problem,,Dhaka,,,
chandpur150,Gas,PDB,1*106+1*57,163,163,,83,"Mach. Prob, Gas shortage",,Cumilla,,,
gagnagar102digitalpower,HFO,IPP,12*8.924,102,102,,10,,,Dhaka,,,
meghnaghatuniquepower,Gas,IPP,586,584,584,184,,,,Dhaka,,,
rpcl210,Gas,IPP,4*35+1*70,210,202,52,,,,Mymensingh,,,
tangailpallipowergen22,HFO,IPP,4*6.7,22,22,-2,,,,Mymensingh,,,
rampal1320bifpcl,Coal,NTPC&BPDB,617*2,1234,1234,,684,Unit-2 shut down,,Khulna,,,
meghnaghat450mpl,Gas,IPP,2*150+1*150,450,450,170,,,,Dhaka,,,
meghnaghatsummit,Gas,IPP,2*110+1*110,305,305,0,,FGMO,,Dhaka,,,
rpcl210,Gas,IPP,4*35+1*70,210,202,58,,Gas shortage,,Mymensingh,,,
meghnaghat450mpl,Gas,IPP,2*150+1*150,450,450,255,,Dirty fuel,,Dhaka,,,
dohazarikalaish100peaking,HFO,PDB,6*17,102,102,57,,Fuel shortage,,Chattogram,,,
chattogram108ecpv,HFO,IPP,16*7,108,108,23,,Fuel shortage,,Chattogram,,,
fenchuganj44energyprima,Gas,NENP,12*3.3+5*2,50,50,,5,,,Sylhet,,,
sirajgonj2253,Gas/HSD,NWPGCL,1*141,220,220,15,,Gas shortage,,Rajshahi,,,
madanganj55summit,HFO,(IPP),3*17.08+1*11.3,55,55,,15,,,Dhaka,,,
siddhirganj100dutchbangla,HFO,QRPP ,12*8.9,100,100,,,Fuel shortage.,,Dhaka,,,
gagnagar102digitalpower,HFO,IPP,12*8.924,102,102,,,Fuel shortage.,,Dhaka,,,
ghorasalst5,Gas,PDB,1*210,210,190,,,Under Maint.,,Dhaka,,,
sikalbaha225,Gas/HSD,PDB,1*150+1*175,225,225,,75,,,Chattogram,,,
ashuganjmidland51,Gas,IPP,6*9.34,51,51,,,Engine problem,,Cumilla,,,
juldah2acorn,HFO,IPP,8*13.6,100,100,14,,Fuel shortage,,Chattogram,,,
jangalia52lakdanavi,HFO,IPP,6*8.92,52,52,38,,Fuel shortage,,Cumilla,,,
shahjibazarg89,Gas,PDB,2*35,70,66,,1,,,Sylhet,,,
juldah1003acorn,HFO,IPP,8*13.5,100,100,,20,Engine problem,,Chattogram,,,
mymensingh200ed,HFO,IPP,9.78*21,200,200,,50,Engine problem,,Mymensingh,,,
jamalpur115ed,HFO,IPP,9.78*12,115,115,,11,Engine problem,,Mymensingh,,,
rupsha105orionrupsha,HFO,IPP,6*18.445,105,105,,25,Engine problem,,Khulna,,,
sikalbaha225,Gas/HSD,PDB,1*150+1*75,225,225,50,,Gas shortage,,Chattogram,,,
sikalbaha105barakasikalbaha,HFO,IPP,6*17.5,105,105,0,,Fuel shortage,,Chattogram,,,
chattogram108ecpv,HFO,IPP,16*7,108,108,8,,DCT & Fuel shortage,,Chattogram,,,
kushiara163kp,Gas,IPP,1*109+1*54,163,163,,53,Under maint,,Sylhet,,,
fenchuganj44energyprima,Gas,NENP,12*3.3+5*2,50,50,10,,Gas shortage,,Sylhet,,,
bhola225,Gas,PDB,2*63+1*68,194,194,,64,GT-2 & ST Under maint.,,Barisal,,,
bagura113confidence2,HFO,IPP,6*18.55+7.2,113,113,13,,Fuel shortage,,Rajshahi,,,
summitmeghanghat2589,Gas,IPP,589,583,583,3,,,,Dhaka,,,
bheramara410,Gas,NWPGCL,1*278+1*132,410,410,160,,gas shortage,,Khulna,,,
ghorashal108regent,Gas,IPP,34*3.35,108,108,10,,Gas shortage,,Dhaka,,,
karnaphulihydro12345,Hydro,PDB,2*40+3*50,230,230,80,,Unit 2  under maint.,,Chattogram,,,
siddhirgonjgt12,Gas,EGCB, 2*105,210,210,115,,Gas shortage,,Dhaka,,,
mymensinghrpcl210,Gas,IPP,4*35+1*70,210,202,62,,Gas shortage,,Mymensingh,,,
karnaphulihydro12345,Hydro,PDB,2*40+3*50,230,230,74,,Low water level,,Chattogram,,,
meghnaghat450mpl,Gas,IPP,2*150+1*150,450,450,150,,GT-2 S/D due to Gas shortage,,Dhaka,,,
juldah1003acorn,HFO,IPP,0,100,100,,17,Engine problem,,Chattogram,,,
gagnagar102digitalpower,HFO,IPP,12*8.924,102,102,0,,,,Dhaka,,,
sylhet225,Gas,PDB,1*142+1*89,231,231,,96,ST Under maint,,Sylhet,,,
bibianaii341summit,Gas,IPP,1*222+1*119,341,341,,,Machine tripped at 09:02,,Sylhet,,,
khulna225,HSD,NWPGCL,1*150+1*75,230,230,,80,,,Khulna,,,
keranigonj300apr,HSD,IPP,256*1.4,300,300,,170,Fuel conservation,,Dhaka,,,
ashuganj450south,Gas,APSCL,1*360,360,360,95,,Gas shortage,,Cumilla,,,
chandpur115doreen,HFO,IPP,4*18.5+2*22.5,115,115,43,,,,Cumilla,,,
khulna225,HSD,NWPGCL,1*150+1*75,230,230,50,,,,Khulna,,,
ashuganj5,Gas,APSCL,1*150,150,134,134,,Contract Expired,,Cumilla,,,
ghorasal3657,Gas,PDB,1*243+1*122,365,365,,165,Line O/L.,,Dhaka,,,
bibiyanaiii400,Gas,PDB,285 MW,285,285,,,ST will S/D at 18:00,,Sylhet,,,
anwara300ed,HFO,IPP,17*17+24,300,300,15,,Fuel shortage,,Chattogram,,,
ashuganj50,Gas,APSCL,14*3.968,53,45,,13,Gas shortage,,Cumilla,,,
haripur360hpl,Gas,IPP,1*235+1*125,360,360,227,,Gas shortage,,Dhaka,,,
meghnaghat450mpl,Gas,IPP,2*150+1*150,450,450,330,,Dirty fuel,,Dhaka,,,
meghnaghatsummit,Gas,IPP,2*110+1*110,335,335,235,,Gas shortage,,Dhaka,,,
siddhirganj335,Gas,EGCB,1*217+118,335,335,160,,Gas shortage,,Dhaka,,,
chandpur150,Gas,PDB,1*106+1*57,163,163,94,,Gas shortage.,,Cumilla,,,
rpcl210,Gas,IPP,4*35+1*70,210,202,99,,Gas shortage,,Mymensingh,,,
jamalpur115ed,HFO,IPP,9.78*12,115,115,,29,Engine problem,,Mymensingh,,,
khulna225,HSD,NWPGCL,1*150+1*75,230,230,110,,,,Khulna,,,
gopalganj100peaking,HFO,PDB,16*6.98,109,109,56,,Fuel shortage,,Khulna,,,
bhola225,Gas,PDB,2*63+1*68,194,194,,181,Machine problem,,Barisal,,,
sspoweri,Coal,IPP,2*612,1224,1224,894,,Coal shortage,,Chattogram,,,
meghnaghat104opcl,HFO,IPP,18.5*6,104,104,104,,Fuel Shortage.,,Dhaka,,,
siddhirganj335,Gas,EGCB,1*217+118,335,335,105,,Gas shortage,,Dhaka,,,
kanchanpurbachalpowergeneration,HFO,IPP,18.4*3,55,55,31,,Fuel shortage,,Dhaka,,,
ashuganj420east,Gas,APSCL,284*1+116*1,400,400,170,,,,Cumilla,,,
rampal1320bifpcl,Coal,NTPC&BPDB,660*2,617,617,,247,Unit-2 Under maint,,Khulna,,,
barisal110summit,HFO,IPP,7*17.076,110,110,10,,,,Barisal,,,
haripur412,Gas,EGCB,1*273+1*139,412,412,,,ST synchronized process,,Dhaka,,,
chandpur150,Gas,PDB,1*106+1*57,163,163,,113,ST under maint ,,Cumilla,,,
chowmuhani113,HFO,IPP,12*9.78+2*3.1,113,113,113,,Fuel shortage.,,Cumilla,,,
bibianaii341summit,Gas,IPP,1*222+1*119,341,341,,341,Under maintenance,,Sylhet,,,
bagura113confidence2,HFO,IPP,113 MW,113,113,,20,Engine problem,,Rajshahi,,,
ashuganj195modular,Gas,IPP,20*9.73+1*16,195,195,140,,Gas shortage,,Cumilla,,,
ashuganj450south,Gas,APSCL,1*360,360,360,,,maintenance work.,,Cumilla,,,
kodda3002summit,HFO,IPP,18*17.076,300,300,,27,Engine problem,,Dhaka,,,
ashuganj55precision,Gas,QRPP,15*4,55,55,7,,Gas shortae,,Cumilla,,,
ashuganjprecision55,Gas,RPP ,15*4,55,55,2,,,,Cumilla,,,
banglatraknoapara,HSD,IPP,70*1.4,100,100,,,Engine problem,,Khulna,,,
meghnaghat100iel,HFO,NENP,12*8.9,100,100,,28,Engine problem,,Dhaka,,,
madanganj102summit,HFO,NENP,6*17,102,102,,9,Engine problem,,Dhaka,,,
karnaphulihydro12345,Hydro,PDB,2*40+3*50,230,230,,77,#01 under maint.,,Chattogram,,,
khulna115kpcl2,HFO,NENP,7*17,115,115,54,,Fuel shortage,,Khulna,,,
faridpur50peaking,HFO,PDB,8*6.89,54,54,,42,Engine problem,,Khulna,,,
ashuganj450north,Gas,APSCL,1*360,360,360,,185,ST under maint,,Cumilla,,,
ashuganj450south,Gas,APSCL,1*360,360,360,,360,Under shut down,,Cumilla,,,
ghorashal78max,Gas,QRPP,2*40,78,78,43,,gas shortage,,Dhaka,,,
sylhet225,Gas,PDB,1*142+1*89,231,231,,,Substation maintenance.,,Sylhet,,,
haripur360hpl,Gas,IPP,1*235+1*125,360,360,35,,,,Dhaka,,,
barapukuria2753,Coal,PDB,1*275,274,274,174,,Coal shortage,,Rangpur,,,
siddhirganj335,Gas,EGCB,1*217+118,335,335,75,,,,Dhaka,,,
shajibazar330,Gas,PDB,3*110,330,330,,,GT-1 under maint.,,Sylhet,,,
gazipur100,HFO,RPCL,6*17.5,105,105,,0,Engine problem,,Dhaka,,,
bhola225,Gas,PDB,2*63+1*68,194,194,,100,ST Under maint.,,Barisal,,,
mirsharai150,HFO,BPDB-RPCL,18.5*9,163,163,13,,,,Chattogram,,,
ashuganj420east,Gas,APSCL,284*1+116*1,400,400,120,,FGMO,,Cumilla,,,
fenilankapower,HFO,IPP,7*18.415+1*9.78,114,114,,,Fu,,Cumilla,,,
rpcl210,Gas,IPP,4*35+1*70,210,202,89,,Gas shortage,,Mymensingh,,,
sylhet225,Gas,PDB,1*142+1*89,231,231,,30,ST Under maint.,,Sylhet,,,
rampal1320bifpcl,Coal,NTPC&BPDB,660*2,617,617,230,,Coal Shortage.,,Khulna,,,
ghorasalrepowered3,Gas,PDB,1*210,210,170,,36,Gas shortage,,Dhaka,,,
meghnaghatsummit,Gas,IPP,2*110+1*110,305,305,,305,Gas shortage,,Dhaka,,,
shajibazar330,Gas,PDB,3*110,330,330,,178,GT-1 under maint.,,Sylhet,,,
sylhet225,Gas,PDB,1*142+1*89,231,231,,,Machine tripped,,Sylhet,,,
ghorashalregent,Gas,IPP,34*3.35,108,108,58,,Gas shortage ,,Dhaka,,,
ashuganj195modular,Gas,IPP,20*9.73+1*16,195,195,127,,Gas shortage,,Cumilla,,,
summitcumilla25,Gas,"SIPP, PDB",3*3.67+2*6.97,25,25,,5,Engine problem,,Cumilla,,,
haripur360hpl,Gas,IPP,1*235+1*125,360,360,5,,Gas shortage,,Dhaka,,,
kodda3002summit,HFO,IPP,18*17.076,300,300,,105,Engine problem,,Dhaka,,,
meghnaghat104opcl,HFO,IPP,18.5*6,104,104,46,,Fuel shortage,,Dhaka,,,
ashuganj450south,Gas,APSCL,1*360,360,360,35,,FGMO,,Cumilla,,,
rupsha105orionrupsha,HFO,IPP,6*18.445,105,105,,88,Engine problem,,Khulna,,,
kodda150,HFO,BPDB-RPCL,9*17.06,149,149,,39,Engine problem,,Dhaka,,,
sylhet225,Gas,PDB,1*142+1*89,231,231,,41,ST Under maint.,,Sylhet,,,
madanganj55summit,HFO,(IPP),3*17.08+1*11.3,55,55,,12,Engine problem,,Dhaka,,,
shajibazar330,Gas,PDB,3*110,330,330,,170,Engine problem,,Sylhet,,,
bholanutanbiddutbd,Gas,IPP,220,220,220,,,Gas shortage,,Barisal,,,
haripur412,Gas,EGCB,1*273+1*139,412,412,,,DCT,,Dhaka,,,
sylhet225,Gas,PDB,1*142+1*89,231,231,,131,Machine problem,,Sylhet,,,
bheramara410,Gas,NWPGCL,1*278+1*132,410,410,,,Under maint.,,Khulna,,,
ashuganj150midland,HFO,IPP,23*7.015,150,150,,130,Engine Problem,,Cumilla,,,
sylhet225,Gas,PDB,1*142+1*89,231,231,,131,under maint.,,Sylhet,,,
bagura113confidence2,HFO,IPP,113 MW,113,113,,,Under maint.,,Rajshahi,,,
ghorashal108regent,Gas,IPP,34*3.35,108,108,54,,Gas shortage,,Dhaka,,,
ashuganj195apscled,Gas,IPP,20*9.73+1*16,195,195,170,,Gas shortage,,Cumilla,,,
jamalpur115ed,HFO,IPP,9.78*12,115,115,,25,Engine problem,,Mymensingh,,,
fenchuganj44energyprima,Gas,NENP,12*3.3+5*2,50,50,44,,Gas shortage,,Sylhet,,,
keraniganj100powerpac,HFO,QRPP,8*13.45,100,20,,35,Engine problem,,Dhaka,,,
siddhirgonjgt12,Gas,EGCB, 2*105,210,210,15,,Gas shortage,,Dhaka,,,
siddhirgonj2120g,Gas,EGCB, 2*105,210,210,90,,,,Dhaka,,,
katpotti52sinha,HFO,IPP,7*7.9,51,51,,4,Engine problem,,Dhaka,,,
ashuganj450north,Gas,APSCL,1*360,360,360,210,,ST S/D due to gas shortage.,,Cumilla,,,
siddhirgonj2120g,Gas,EGCB, 2*105,210,210,,130,GT-1 Under maint,,Dhaka,,,
mymensingh200ed,HFO,IPP,9.78*21,200,200,,40,Engine prolem,,Mymensingh,,,
fenchugonjphase1,Gas,PDB,2*32+1*33,97,70,,41,Machine problem.,,Sylhet,,,
chowmuhani113,HFO,IPP,12*9.78+2*3.1,113,113,96,,Fuel shortage,,Cumilla,,,
kaptaihydro12345,Hydro,PDB,2*40+3*50,230,230,,115,Low water lavel,,Chattogram,,,
haripur412,Gas,EGCB,1*273+1*139,412,412,22,,Gas shortage,2021-09-02 00:00:00,Dhaka,,,
ashuganj55precision,Gas,RPP ,15*4,55,55,,15,Engine problem,,Cumilla,,,
bibiyanasouth400,Gas,PDB,400 MW,383,383,58,,Gas shortage,,Sylhet,,,
natore52rajlanka,HFO,IPP,52,52,52,44,,Fuel shortage,,Rajshahi,,,
meghnaghat450mpl,Gas,IPP,2*150+1*150,450,450,310,,Gas shortage,,Dhaka,,,
bhola225,Gas,PDB,2*63+1*68,194,194,,129, GT-1 under maint.,,Barisal,,,
ashuganj225,Gas,APSCL,1*142+1*75,221,221,,1,FGMO,,Cumilla,,,
payra1320,Coal,BCPCL,2*622,1244,1244,,,#01 under maint.,,Barisal,,,
keraniganj100powerpac,HFO,QRPP,8*13.45,100,100,26,,Fuel shortage,,Dhaka,,,
ghorasalrepowered3,Gas,PDB,1*210,210,170,,90,Gas shortage,,Dhaka,,,
meghnaghat100iel,HFO,QRPP,12*8.9,100,100,,4,Engine problem,,Dhaka,,,
gazipur52,HFO,RPCL,6*8.9,52,52,,1,,,Dhaka,,,
sylhet50epl,Gas,RPP ,27*2,50,50,10,,Gas shortage,,Sylhet,,,
karnaphulihydro12345,Hydro,PDB,2*40+3*50,230,230,64,,Low water level,,Chattogram,,,
ashuganj4,Gas,APSCL,1*150,150,129,39,,Gas shortage,,Cumilla,,,
confidencepowerbogura1113,HFO,IPP,6*18.55,113,113,,,,,Rangpur,,,
karnaphulipower,HFO,IPP,18.415*6+6.5,110,110,40,,Fuel shortage,,Chattogram,,,
gopalganj100peaking,HFO,PDB,16*6.98,109,109,,32,Engine problem,,Khulna,,,
rangpur113confidence,HFO,IPP,9*6.984+7*7.015+3.15*2,113,113,,9,engine problem,,Rangpur,,,
kamalaghat54bancoenergy,HFO,IPP,3*18,54,54,37,,,,Dhaka,,,
meghnaghatuniquepower,Gas,IPP,586,584,584,0,,,,Dhaka,,,
gazipur100,HFO,RPCL,100 MW,105,105,,0,Engine problem,,Dhaka,,,
sspoweri,Coal,SS Power ,1*612,612,612,,192,Machine problem,,Chattogram,,,
meghnaghatsummit,Gas,IPP,2*110+1*110,335,335,,185,GT-1 S/D due to gas shortage,,Dhaka,,,
karnaphulihydro12345,Hydro,PDB,2*40+3*50,230,230,,162,Low Water Level ,,Chattogram,,,
sylhet50epl,Gas,RPP ,27*2,50,50,,,Emgine problem,,Sylhet,,,
ghorasal3657,Gas,PDB,1*243+1*122,365,365,,60,,,Dhaka,,,
bramhangoan100aggreko,HSD,IPP,114*0.959,100,100,4,,Engine problem,,Dhaka,,,
chandpur115doreen,HFO,IPP,4*18.5+2*22.5,115,115,44,,Fuel shortage,,Cumilla,,,
sylhet50epl,Gas,NENP,27*2,50,50,19,,Gas shortage,,Sylhet,,,
khulna225,HSD,NWPGCL,1*150+1*75,230,230,5,,,,Khulna,,,
noapara100banglatrac,HSD,IPP,70*1.4,100,100,4,,Engine problem,,Khulna,,,
sirajgonj2252,Gas/HSD,NWPGCL,1*150+1*75,220,220,10,,,,Rajshahi,,,
baghabari200paramount,HSD,IPP,135*1.6,200,200,12,,,,Rajshahi,,,
rangpur113confidence,HFO,IPP,9*6.984+7*7.015+3.15*2,113,113,,21,Fuel shortage,,Rangpur,,,
haripur360hpl,Gas,IPP,1*235+1*125,360,360,140,,Dirty Gas,,Dhaka,,,
karnaphulihydro12345,Hydro,PDB,2*40+3*50,230,230,85,,Low water level & Unit-3 S/D,,Chattogram,,,
sirajgonj2252,Gas/HSD,NWPGCL,1*150+1*75,220,220,20,,Gas shortage,30-08-21,Rajshahi,,,
sirajgonj4004,Gas/HSD,SNWPGCL,1*282+1*132,414,414,,4,Under maint.,2021-06-09 00:00:00,Rajshahi,,,
ghorasalrepowered4,Gas,PDB,1*210,210,180,,40,Machine problem,,Dhaka,,,
ghorashal108regent,Gas,IPP,34*3.35,108,108,53,,Gas shortage,,Dhaka,,,
chowmuhani113,HFO,IPP,12*9.78+2*3.1,113,113,67,,Engine problem,,Cumilla,,,
fenchugonjphase2,Gas,PDB,2*35+1*35,104,90,,62,machine problem,,Sylhet,,,
ghorashal108regent,Gas,IPP,34*3.35,108,108,,3,,,Dhaka,,,
meghnaghatsummit,Gas,IPP,2*110+1*110,335,335,197,,Gas shortage,,Dhaka,,,
karnaphulihydro12345,Hydro,PDB,2*40+3*50,230,230,,78,Low Water Level ,,Chattogram,,,
juldah1003acorn,HFO,IPP,8*13.5,100,100,67,,Fuel shortage,,Chattogram,,,
mymensingh200ed,HFO,IPP,9.78*21,200,200,,15,Fuel shortage,,Mymensingh,,,
gagnagar102digitalpower,HFO,IPP,12*8.924,102,102,94,,Loop Oil problem,,Dhaka,,,
meghnaghat104opcl,HFO,IPP,18.5*6,104,104,87,,Loop Oil problem,,Dhaka,,,
chandpur200deshenergy,HFO,IPP,12*18.4,200,200,50,,,,Cumilla,,,
fenilankapower,HFO,IPP,7*18.415+1*9.78,114,114,62,,fuel shortage,,Cumilla,,,
ghorashal785max,Gas,QRPP,2*40,78,78,,11,Engine problem,,Dhaka,,,
ghorashal108regent,Gas,IPP,34*3.35,108,108,25,,Gas shortage,,Dhaka,,,
ashuganj50,Gas,APSCL,14*3.968,53,45,,25,Gas shortage,,Cumilla,,,
sirajgonj2251,Gas/HSD,NWPGCL,1*150+1*75,210,210,,75,ST Under maint.,,Rajshahi,,,
natore52rajlanka,HFO,IPP,52,52,52,,8,Engine problem,,Rajshahi,,,
manikgonj162mpgl,HFO,IPP,9*18,162,162,,2,Engine problem,,Dhaka,,,
karnaphulihydro12345,Hydro,PDB,2*40+3*50,230,230,125,,Low water lavel,,Chattogram,,,
sylhet225,Gas,PDB,1*142+1*89,231,231,,225,Under maint,,Sylhet,,,
ashuganj450south,Gas,APSCL,1*360,360,360,110,,,,Cumilla,,,
ashuganj450north,Gas,APSCL,1*360,360,360,130,,ST under maintenance,,Cumilla,,,
sylhet225,Gas,PDB,1*142+1*89,231,231,,171,Gas shortage+Machine problem,,Sylhet,,,
natore52rajlanka,HFO,IPP,52,52,52,9,,Engine problem,,Rajshahi,,,
siddhirgonjgt12,Gas,EGCB, 2*105,210,210,130,,Gas shortage,,Dhaka,,,
jamalpur95,HFO,IPP,12*8.924,95,95,,15,Engine problem,,Mymensingh,,,
rajlanka52,HFO,IPP,52,52,52,,17,Engine problem,,Rajshahi,,,
chandpur115doreen,HFO,IPP,4*18.5+2*22.5,115,115,0,,Fuel shortage,,Cumilla,,,
katakhali50northern,HFO,QRPP,6*8.9,50,50,,50,Engine problem,,Rajshahi,,,
barapukuria1,Coal,PDB,1*125,125,85,15,,Coal Shortage.,,Rangpur,,,
raozan25,HFO,RPCL,3*8.9,25,25,,15,Engine problem,,Chattogram,,,
sylhet50epl,Gas,NENP,27*2,50,50,21,,Gas shortage,,Sylhet,,,
bhola225,Gas,PDB,2*63+1*68,194,194,,119,Machine problem,,Barisal,,,
fenchugonjphase2,Gas,PDB,2*35+1*35,104,90,,90,GT-4 under  maint.,,Sylhet,,,
karnaphulihydro12345,Hydro,PDB,2*40+3*50,230,230,,184,Low Water Level & Unit 4 & 5  U/M.,,Chattogram,,,
anwara300ed,HFO,IPP,17*17+24,300,300,205,,Fuel shortage,,Chattogram,,,
chattogram108ecpv,HFO,IPP,16*7,108,108,86,,Fuel shortage,,Chattogram,,,
rampal1320bifpcl,Coal,NTPC&BPDB,660*2,617,617,,117,Machine problem,,Khulna,,,
sirajgonj2253,Gas/HSD,NWPGCL,1*141,220,220,58,,Gas shortage,,Rajshahi,,,
anlimaenergy,HFO,IPP,6*21.2,116,116,29,,Engine problem,,Chattogram,,,
payra1320,Coal,BCPCL,2*622,1244,1244,,494,Line O/L,,Barisal,,,
meghnaghat100iel,HFO,NENP,12*8.9,100,100,74,,Fuel shortage,,Dhaka,,,
haripur412,Gas,EGCB,1*273+1*139,412,400,,100,Machine problem,,Dhaka,,,
fenchugonjphase1,Gas,PDB,2*32+1*33,97,70,,40,Under maint.,,Sylhet,,,
meghnaghat100iel,HFO,QRPP,12*8.9,100,100,,25,Engine problem,,Dhaka,,,
sikalbaha225,Gas/HSD,PDB,1*150+1*175,225,225,,225,"S/D due to HGPI,24-05-22",2022-06-24 00:00:00,Chattogram,,,
chattogram108ecpv,HFO,IPP,16*7,108,108,,33,Engine problem,,Chattogram,,,
karnaphulihydro12345,Hydro,PDB,2*40+3*50,230,230,66,,Low water lavel,,Chattogram,,,
chowmuhani113,HFO,IPP,12*9.78+2*3.1,113,113,,38,Engine problem,,Cumilla,,,
energypacpowerventurethakurgaon,HFO,IPP,115,115,115,,21,Fuel Shortage,,Rangpur,,,
nababganj55southernpower,HFO,IPP,3*19.3,55,55,,-18,33 kV feeder fault,,Dhaka,,,
sylhet150,Gas,PDB,1*142,142,142,,142,Under shut down,,Sylhet,,,
bhola225,Gas,PDB,2*63+1*68,194,194,,,GT-1 under shut down,,Barisal,,,
karnaphulihydro12345,Hydro,PDB,2*40+3*50,230,230,111,,Low water level & Unit-2 S/D,,Chattogram,,,
sspoweri,Coal,SS Power ,2*612,1224,1224,934,,Coal Shortage.,,Chattogram,,,
rampal1320bifpcl,Coal,NTPC&BPDB,660*2,617,617,17,,Coal Shortage.,,Khulna,,,
ghorashal108regent,Gas,IPP,34*3.35,108,108,57,,Engine problem,,Dhaka,,,
meghnaghatsummit,Gas,IPP,2*110+1*110,305,305,,,GT-2 Under maint.,,Dhaka,,,
haripurgt12,Gas,"SBU, PDB",2*32,64,40,,,Under Maint.,,Dhaka,,,
shajibazar330,Gas,PDB,3*110,330,330,,160,GT-2 Under maint,,Sylhet,,,
ghorasal3657,Gas,PDB,1*243+1*122,365,365,,95,Machine problem,,Dhaka,,,
haripur360hpl,Gas,IPP,1*235+1*125,360,360,,110,"Gas shortage,Machine problem",,Dhaka,,,
siddhirganj100dutchbangla,HFO,NENP,12*8.9,100,100,,,Engine problem,,Dhaka,,,
bibiyanaiii400,Gas,PDB,400 MW,400,400,,,Engine problem,,Sylhet,,,
barapukuria1,Coal,PDB,1*125,125,85,,19,Machine problem,,Rangpur,,,
chowmuhani113,HFO,IPP,12*9.78+2*3.1,113,113,45,,,,Cumilla,,,
barisal110summit,HFO,IPP,7*17.076,110,110,12,,Fuel shortage,,Barisal,,,
karnaphulihydro12345,Hydro,PDB,2*40+3*50,230,230,72,,Low water level,,Chattogram,,,
chandpur,Gas,PDB,1*106+1*57,163,163,,63,ST Under maint.,,Cumilla,,,
ghorasal3657,Gas,PDB,1*243+1*122,365,365,245,,ST under Main. & Gas shortage,,Dhaka,,,
siddhirgonj2120g,Gas,EGCB, 2*105,210,210,146,,Gas shortage,,Dhaka,,,
aurahati100aggreko,HSD,IPP,0.85*23+0.95*91,100,100,25,,Fuel shortage,,Dhaka,,,
chattogram108ecpv,HFO,IPP,16*7,108,108,56,,DCT & Fuel shortage,,Chattogram,,,
ashuganj195apscled,Gas,IPP,20*9.73+1*16,195,195,40,,Gas shortage,,Cumilla,,,
baghabari50peaking,HFO,PDB,6*8.9,52,52,,25,Engine problem,,Rajshahi,,,
sirajgonj2252,Gas/HSD,NWPGCL,1*150+1*75,220,220,,30,Under maint,,Rajshahi,,,
sspoweri,Coal,SS Power ,2*612,1224,1224,784,,Coal Shortage.,,Chattogram,,,
ashuganj420east,Gas,APSCL,284*1+116*1,400,400,,,Under S/D,,Cumilla,,,
ashuganj55precision,Gas,QRPP,0,55,55,3,,,,Cumilla,,,
ghorasalrepowered4,Gas,PDB,1*210,210,180,180,,Under maint,,Dhaka,,,
shahjibazar100g,Gas,PDB,1*100,0,0,,,Under maint,,Sylhet,,,
ghorasal3657,Gas,PDB,1*243+1*122,365,365,,,Under shut down.,,Dhaka,,,
meghnaghatsummit,Gas,IPP,2*110+1*110,335,335,0,,,,Dhaka,,,
ghorasal3657,Gas,PDB,1*243+1*122,365,365,185,,Gas shortage,,Dhaka,,,
keranigonj300apr,HSD,IPP,256*1.4,300,300,100,,Fuel conservation,,Dhaka,,,
sikalbaha105barakasikalbaha,HFO,IPP,6*17.5,105,105,50,,Fuel shortage,,Chattogram,,,
karnaphulipower,HFO,IPP,18.415*6+6.5,110,110,,56,Engine problem,,Chattogram,,,
jamalpur115ed,HFO,IPP,9.78*12,115,115,77,,Fuel shortage,,Mymensingh,,,
fenchugonj51barakatullah,Gas,RPP ,19*2.90,51,51,23,,Gas Shortage,,Sylhet,,,
fenchuganj44energyprima,Gas,NENP,12*3.3+5*2,50,50,10,,Gas Shortage,,Sylhet,,,
bogra22gbb,Gas,RPP ,6*4,22,22,,5,Machine problem,,Rajshahi,,,
karnaphulihydro12345,Hydro,PDB,2*40+3*50,230,230,194,,Low water level,,Chattogram,,,
nababganj55southernpower,HFO,IPP,3*19.3,55,55,,0,,,Dhaka,,,
ashuganj450south,Gas,APSCL,1*360,360,360,80,,FGMO,,Cumilla,,,
ghorasal3657,Gas,PDB,1*243+1*122,365,365,,185,,,Dhaka,,,
barapukuria2753,Coal,PDB,1*275,274,274,105,,Coal shortage,,Rangpur,,,
madanganj102summit,HFO,NENP,6*17,102,102,,,Fuel shortage,,Dhaka,,,
siddhirgonj2120g,Gas,EGCB, 2*105,210,210,,90,Gas Shortage,,Dhaka,,,
chattogram1,Gas,PDB,1*210,210,180,110,,Gas shortage,,Chattogram,,,
chandpur115doreen,HFO,IPP,4*18.5+2*22.5,115,115,,43,Fuel shortage,,Cumilla,,,
chowmuhani113,HFO,IPP,12*9.78+2*3.1,113,113,,60,Engine problem,,Cumilla,,,
haripur360hpl,Gas,IPP,1*235+1*125,360,360,360,,DCT of Siddhirganj peaking,,Dhaka,,,
siddhirgonj2120g,Gas,EGCB, 2*105,210,210,,,DCT,,Dhaka,,,
ashuganj55precision,Gas,QRPP,15*4,55,55,30,,Gas shortae,,Cumilla,,,
tangail22doreen,Gas,"SIPP, PDB",8*2.90,22,22,14,,Gas shortage,,Mymensingh,,,
bogra22gbb,Gas,RPP ,6*4,22,22,,3,Engine problem,,Rajshahi,,,
sirajgonj1225,Gas/HSD,NWPGCL,1*150+1*75,210,210,,,Under maint.,,Rajshahi,,,
chattogramst1raozan,Gas,PDB,1*210,210,180,,70,Gas shortage,,Chattogram,,,
shahjibazarg89,Gas,PDB,2*35,70,66,,-4,GT-8 under maint.,,Sylhet,,,
keranigonj300apr,HSD,IPP,256*1.4,300,300,,200,Fuel conservation,,Dhaka,,,
karnaphulihydro12345,Hydro,PDB,2*40+3*50,230,230,79,,Low Water Level ,,Chattogram,,,
juldah1003acorn,HFO,IPP,8*13.5,100,100,80,,Fuel shortage,,Chattogram,,,
juldah2acorn,HFO,IPP,8*13.6,100,100,80,,Fuel shortage,,Chattogram,,,
fenchugonjphase2,Gas,PDB,2*35+1*35,104,90,,60,under maint,,Sylhet,,,
bhola225,Gas,PDB,2*63+1*68,194,194,,134,Machine problem,,Barisal,,,
tangailpallipowergen22,HFO,IPP,4*6.7,22,22,12,,Fuel shortage,,Mymensingh,,,
chandpur150,Gas,PDB,1*106+1*57,163,163,,70,ST under shut down,,Cumilla,,,
ghorasalrepowered3,Gas,PDB,1*210,210,170,,170,,,Dhaka,,,
haripur360hpl,Gas,IPP,1*235+1*125,360,360,,,Under maint,2020-10-02 00:00:00,Dhaka,,,
meghnaghat450mpl,Gas,IPP,2*150+1*150,450,450,,,GT-2 Under maint,,Dhaka,,,
siddhirganj335,Gas,EGCB,1*217+118,335,335,,,ST Under maint,,Dhaka,,,
kaptai7solar,Solar,PDB,7.4 MW,7,7,,,Engine problem,,Chattogram,,,
adanipowerjharkhanda,Coal,Imported power,748*2,1496,1496,,0,Unit-2 S/D.,,Rajshahi,,,
ghorasal3657,Gas,PDB,1*243+1*122,365,365,115,,Machine problem,,Dhaka,,,
gazipur52,HFO,RPCL,6*8.9,52,52,,2,Engine problem,,Dhaka,,,
gazipur100,HFO,RPCL,6*17.5,105,105,20,,Fuel shortage,,Dhaka,,,
ashuganj450north,Gas,APSCL,1*360,360,360,,,ST Sync process,,Cumilla,,,
juldah1001acorn,HFO,QRPP,8*13.45,100,100,90,,Engine problem,,Chattogram,,,
juldah1003acorn,HFO,IPP,8*13.5,100,100,50,,Engine problem,,Chattogram,,,
juldah2acorn,HFO,IPP,8*13.6,100,100,50,,,,Chattogram,,,
chandpur150,Gas,PDB,1*106+1*57,163,163,,11,,,Cumilla,,,
gagnagar102digitalpower,HFO,IPP,12*8.924,102,102,,85,Engine problem,,Dhaka,,,
chandpur150,Gas,PDB,1*106+1*57,163,163,112,,Gas shortage,,Cumilla,,,
rampal1320bifpcl,Coal,NTPC&BPDB,617*2,1234,1234,494,,Coal shortage,,Khulna,,,
katakhali50peaking,HFO,PDB,6*8.7,50,50,,6,Engine problem,,Rajshahi,,,
barisal307,Coal,IPP,307*1,307,307,0,,Coal Shortage.,,Barisal,,,
bagura113confidence2,HFO,IPP,6*18.55+7.2,113,113,72,,Fuel shortage,,Rajshahi,,,
rangpur113confidence,HFO,IPP,9*6.984+7*7.015+3.15*2,113,113,2,,,,Rangpur,,,
ghorasal12,Gas,PDB,2*55,110,85,21,,Gas shortage,,Dhaka,,,
sirajgonj2251,Gas/HSD,NWPGCL,1*150+1*75,210,210,,,Under Maint.,,Rajshahi,,,
ghorashal78max,Gas,QRPP,2*40,78,78,0,,Gas shortage,,Dhaka,,,
siddhirgonjgt12,Gas,EGCB, 2*105,210,210,55,,Gas shortage,,Dhaka,,,
ashuganjmidland51,Gas,IPP,6*9.34,51,51,,15,Engine problem,,Cumilla,,,
fenchugonj2,Gas,PDB,!F71,104,90,,90,,,Sylhet,,,
shajibazar330,Gas,PDB,3*110,330,330,,,GT-2 Under maint.,,Sylhet,,,
sylhetepl50,Gas,RPP ,27*2,50,50,,4,Engine problem,,Sylhet,,,
haripur360hpl,Gas,IPP,1*235+1*125,360,360,24,,Gas shortage,,Dhaka,,,
meghnaghat450mpl,Gas,IPP,2*150+1*150,450,450,450,,Under maint,,Dhaka,,,
meghnaghatsummit,Gas,IPP,2*110+1*110,335,335,43,,Gas shortage,,Dhaka,,,
bibiyanasouth400,Gas,PDB,400 MW,383,383,,123,ST Under maint,,Sylhet,,,
barisal110summit,HFO,IPP,7*17.076,110,110,43,,Fuel shortage,,Barisal,,,
meghnaghatsummit,Gas,IPP,2*110+1*110,335,335,,35,FGMO,,Dhaka,,,
karnaphulihydro12345,Hydro,PDB,2*40+3*50,230,230,,123,Low Water Level ,,Chattogram,,,
ashuganj420east,Gas,APSCL,284*1+136*1,0,0,,,,,Cumilla,,,
payra1320,Coal,BCPCL,2*622,1244,1244,,622,Line O/L & Unit-1 S/D,,Barisal,,,
katakhali50northern,HFO,QRPP,6*8.9,50,50,,16,Fuel shortage,,Rajshahi,,,
sirajgonj2252,Gas/HSD,NWPGCL,1*150+1*75,220,220,5,,,,Rajshahi,,,
karnaphulihydro12345,Hydro,PDB,2*40+3*50,230,230,,150,Low Water Level ,,Chattogram,,,
haripurgt12,Gas,"SBU, PDB",2*32,64,40,20,,,,Dhaka,,,
haripur360hpl,Gas,IPP,1*235+1*125,360,360,145,,Gas shortage,,Dhaka,,,
raozan25,HFO,IPP,3*8.9,25,25,,0,,,Chattogram,,,
karnaphulihydro12345,Hydro,PDB,2*40+3*50,230,230,73,,Low water level & Unit-2 S/D,,Chattogram,,,
ashuganj150midland,HFO,IPP,23*7.015,150,150,73,,Fuel shortage,,Cumilla,,,
jangalia52lakdanavi,HFO,IPP,6*8.92,52,52,19,,Fuel shortage,,Cumilla,,,
rupsha105orionrupsha,HFO,IPP,6*18.445,105,105,,29,Engine problem,,Khulna,,,
sirajgonj4004,Gas/HSD,SNWPGCL,1*282+1*132,414,414,112,,Gas shortage,,Rajshahi,,,
rpcl210,Gas,IPP,4*35+1*70,210,202,145,,Gas shortage,,Mymensingh,,,
bhola225,Gas,PDB,2*63+1*68,194,194,,124,GT-1 & ST Under maint.,,Barisal,,,
meghnaghatsummit,Gas,IPP,2*110+1*110,335,335,185,,GT-2 S/D,,Dhaka,,,
matarbari2600cpgcl,Coal,CPGCL,2*575,1150,1150,575,,Coal shortage,,Chattogram,,,
ghorashalregent,Gas,IPP,34*3.35,108,108,96,,Gas shortage ,,Dhaka,,,
siddhirgonj2120g,Gas,EGCB, 2*105,210,210,120,,Gas Shortage,,Dhaka,,,
ashuganj150midland,HFO,IPP,23*7.015,150,150,40,,Fuel shortage,,Cumilla,,,
rupsha105orionrupsha,HFO,IPP,6*18.445,105,105,,71,Engine problem,,Khulna,,,
payra1320,Coal,BCPCL,2*622,1244,1244,,764,Unit-1 U/M &Rampal Test,,Barisal,,,
meghnaghatsummit,Gas,IPP,2*110+1*110,335,335,191,,Gas shortage,,Dhaka,,,
summitmeghanghat2589,Gas,IPP,589,583,583,253,,Gas shortage,,Dhaka,,,
payra1320,Coal,BCPCL,2*622,1244,1244,,,Unit-2 S/D.,,Barisal,,,
bagura113confidence2,HFO,IPP,6*18.55+7.2,113,113,,3,Engine problem,,Rajshahi,,,
haripur360hpl,Gas,IPP,1*235+1*125,360,360,132,,Gas shortage,,Dhaka,,,
siddhirganj100dutchbangla,HFO,NENP,12*8.9,100,100,,11,Engine problem,,Dhaka,,,
siddhirganj335,Gas,EGCB,1*217+118,335,335,,181,ST under maint,,Dhaka,,,
ashuganj150midland,HFO,IPP,23*7.015,150,150,102,,Fuel shortage,,Cumilla,,,
ghorasal3657,Gas,PDB,1*243+1*122,365,365,,165,ST under Main. ,,Dhaka,,,
confidencepowerbogura1113,HFO,IPP,6*18.55,113,113,18,,,,Rajshahi,,,
chandpur150,Gas,PDB,1*106+1*57,163,163,,163,ST under maint.,,Cumilla,,,
amnura50sinha,HFO,QRPP,7*7.79,50,50,32,,Fuel shortage.,,Rajshahi,,,
sirajgonj2251,Gas/HSD,NWPGCL,1*150+1*75,210,210,56,,Gas shortage,,Rajshahi,,,
ghorashalregent,Gas,IPP,34*3.35,108,108,2,,Gas shortage,,Dhaka,,,
haripurgt12,Gas,"SBU, PDB",2*32,64,40,0,,,,Dhaka,,,
haripur412,Gas,EGCB,1*273+1*139,412,412,,142,ST under maint. & FGMO,,Dhaka,,,
siddhirganj335,Gas,EGCB,1*217,217,217,97,,Gas shortage,,Dhaka,,,
mymensinghrpcl210,Gas,IPP,4*35+1*70,210,202,22,,Gas shortage ,,Mymensingh,,,
bhola95aggreko,Gas,QRPP,96*1.10,95,95,,95,Under maint.,,Barisal,,,
ashuganj450south,Gas,APSCL,1*360,360,360,120,,FGMO,,Cumilla,,,
ashuganj51midland,Gas,IPP,6*9.34,51,51,41,,Gas shortage,,Cumilla,,,
keraniganj100powerpac,HFO,QRPP,8*13.45,100,100,,74,Unit transformer problem,,Dhaka,,,
chowmuhani113,HFO,IPP,12*9.78+2*3.1,113,113,,12,Engine problem,,Cumilla,,,
sirajgonj2251,Gas/HSD,NWPGCL,1*150+1*75,210,210,84,,Gas shortage,,Rajshahi,,,
sspoweri,Coal,SS Power ,2*612,1224,1224,,154,,,Chattogram,,,
bibiyanaiii400,Gas,PDB,285*1+134*1,400,400,,120,,,Sylhet,,,
bibiyanasouth400,Gas,PDB,400 MW,383,383,,153,,,Sylhet,,,
rangpur113confidence,HFO,IPP,9*6.984+7*7.015+3.15*2,113,113,,0,,,Rangpur,,,
ghorasalrepowered3,Gas,PDB,1*210,210,170,,,Under maint,,Dhaka,,,
sikalbaha225,Gas/HSD,PDB,1*150+1*175,225,225,74,,ST under S/D,,Chattogram,,,
chandpur150,Gas,PDB,1*106+1*57,163,163,163,,Under maint.,,Cumilla,,,
barapukuria1,Coal,PDB,1*125,125,85,15,,Under maint,,Rangpur,,,
karnaphulihydro12345,Hydro,PDB,2*40+3*50,230,230,,122,Low Water Level ,,Chattogram,,,
baghabari200paramount,HSD,IPP,135*1.6,200,200,100,,Fuel shortage,,Rajshahi,,,
karnaphulihydro12345,Hydro,PDB,2*40+3*50,230,230,203,,Low water lavel,,Chattogram,,,
anlimaenergy,HFO,IPP,6*21.2,116,116,,24,Engine problem,,Chattogram,,,
bhola194,Gas,PDB,2*63+1*68,194,194,,68,,,Barisal,,,
ashuganj195apscled,Gas,IPP,20*9.73+1*16,195,195,131,,Gas shortage,,Cumilla,,,
siddhirganj335,Gas,EGCB,1*217+118,335,335,60,,Gas shortage,,Dhaka,,,
kodda1491summit,HFO,IPP,8*18.45+8.97,149,149,44,,,,Dhaka,,,
tangailpallipowergen22,HFO,IPP,4*6.7,22,22,,12,Engine problem,,Mymensingh,,,
gopalganj100peaking,HFO,PDB,16*6.98,109,109,45,,Fuel shortage,,Khulna,,,
meghnaghat450mpl,Gas,IPP,2*150+1*150,450,450,,,GT-2 under shut down,,Dhaka,,,
bibiyanaiii400,Gas,PDB,400 MW,400,400,,320,Testing for combined cycle,,Sylhet,,,
sirajgonj2251,Gas/HSD,NWPGCL,1*150+1*75,210,210,,210,Shut down for gas shortage,,Rajshahi,,,
baghabari50peaking,HFO,PDB,6*8.9,52,52,,2,Engine problem,,Rajshahi,,,
karnaphulihydro12345,Hydro,PDB,2*40+3*50,230,230,150,,Low water lavel,,Chattogram,,,
hathazari100peaking,HFO,PDB,11*8.9,98,98,36,,Fuel shortage,,Chattogram,,,
karnaphulipower,HFO,IPP,18.415*6+6.5,110,110,,18,Engine Problem,,Chattogram,,,
baghabari50peaking,HFO,PDB,6*8.9,52,52,,18,Fuel shortage,,Rajshahi,,,
bagura113confidence2,HFO,IPP,6*18.55+7.2,113,113,18,,,,Rajshahi,,,
meghnaghat100iel,HFO,NENP,12*8.9,100,100,,14,Fuel shortage,,Dhaka,,,
siddhirganj100dutchbangla,HFO,NENP,12*8.9,100,100,,11,Fuel shortage,,Dhaka,,,
karnaphulihydro12345,Hydro,PDB,2*40+3*50,230,230,,117,Low Water Level ,,Chattogram,,,
rupsha105orionrupsha,HFO,IPP,6*18.445,105,105,85,,Fuel shortage,,Khulna,,,
ghorasal5,Gas,PDB,1*210,210,190,,80,Gas shortage,,Dhaka,,,
karnaphulihydro12345,Hydro,PDB,2*40+3*50,230,230,142,,Low water lavel,,Chattogram,,,
karnaphulihydro12345,Hydro,PDB,2*40+3*50,230,230,,30,,,Chattogram,,,
adanipowerjharkhanda,Coal,Imported power,748*2,1496,1496,996,,,,Rajshahi,,,
juldah1001acorn,HFO,NENP,8*13.45,100,100,60,,Fuel shortage,,Chattogram,,,
sspoweri,Coal,SS Power ,2*612,1224,1224,,1224,Under maint,,Chattogram,,,
chandpur200deshenergy,HFO,IPP,12*18.4,200,200,183,,,,Cumilla,,,
matarbari2600cpgcl,Coal,CPGCL,2*575,1150,1150,450,,Coal shortage,,Chattogram,,,
haripur412,Gas,EGCB,1*273+1*139,412,412,,112,ST Under maint.,,Dhaka,,,
bosila108,HFO,IPP,12*8.775+1*3.5,108,108,,35,Engine problem,,Dhaka,,,
siddhirgonj2120g,Gas,EGCB, 2*105,210,210,210,,GT-2 S/D Gas shortage,,Dhaka,,,
kodda1491summit,HFO,IPP,8*18.45+8.97,149,149,113,,,,Dhaka,,,
chattogram108ecpv,HFO,IPP,16*7,108,108,0,,Fuel shortage,,Chattogram,,,
sspoweri,Coal,SS Power ,2*612,1224,1224,674,,Coal Shortage.,,Chattogram,,,
chandpur115doreen,HFO,IPP,4*18.5+2*22.5,115,115,85,,Fuel shortage,,Cumilla,,,
mymensingh200ed,HFO,IPP,9.78*21,200,200,190,,Fuel shortage,,Mymensingh,,,
sirajgonj4004,Gas/HSD,SNWPGCL,1*282+1*132,414,414,9,,Gas shortage,,Rajshahi,,,
chandpur150,Gas,PDB,1*106+1*57,163,163,,90,ST under S/D,,Cumilla,,,
ashuganj195apscled,Gas,IPP,20*9.73+1*16,195,195,70,,Gas shortage,,Cumilla,,,
ashuganj225,Gas,APSCL,1*142+1*75,221,221,,,under maint,,Cumilla,,,
bibianaii341summit,Gas,IPP,1*222+1*119,341,341,341,,Gas problem,,Sylhet,,,
bibiyanaiii400,Gas,PDB,285*1+134*1,400,400,,40,machine problem,,Sylhet,,,
chattogram1,Gas,PDB,1*210,210,180,,65,Under maint,,Chattogram,,,
juldah1003acorn,HFO,IPP,8*13.5,100,100,32,,Fuel shortage,,Chattogram,,,
karnaphulipower,HFO,IPP,18.415*6+6.5,110,110,17,,Fuel shortage,,Chattogram,,,
chandpur115doreen,HFO,IPP,4*18.5+2*22.5,115,115,1,,,,Cumilla,,,
shajibazar330,Gas,PDB,3*110,330,330,,," FGMO, GT-1 under maint.",,Sylhet,,,
baghabarigt100,Gas,PDB,1*100,100,100,0,,,,Rajshahi,,,
karnaphulihydro12345,Hydro,PDB,2*40+3*50,230,230,121,,Low water level & Unit-2 under maint.,,Chattogram,,,
shahjibazarg89,Gas,PDB,2*35,70,66,,46,Engine problem,,Sylhet,,,
madanganj102summit,HFO,NENP,6*17,102,102,,68,Engine problem,,Dhaka,,,
siddhirgonj2120g,Gas,EGCB, 2*105,210,210,23,,Gas shortage,,Dhaka,,,
bholanutanbiddutbd,Gas,IPP,220,220,220,,220,ST Under maintenance,,Barisal,,,
rangpur20g,HSD,PDB,1*20,20,20,4,,Fuel conservation,,Rangpur,,,
karnaphulihydro12345,Hydro,PDB,2*40+3*50,230,230,58,,Low water level,,Chattogram,,,
chandpur200deshenergy,HFO,IPP,12*18.4,200,200,,30,Engine problem,,Cumilla,,,
sylhet225,Gas,PDB,1*142+1*89,231,231,,21,ST Under Maint.,,Sylhet,,,
sirajgonj2251,Gas/HSD,NWPGCL,1*150+1*75,210,210,,30,Air filter replacement,,Rajshahi,,,
bibiyanaiii400,Gas,PDB,285*1+134*1,400,400,,120,ST under maint,,Sylhet,,,
feni22doreen,Gas,"SIPP, PDB",8*2.90,22,22,,2,Engine problem,,Cumilla,,,
sylhet225,Gas,PDB,1*142+1*89,231,231,,36,,,Sylhet,,,
barisal307,Coal,BCPCL,307*1,307,307,57,,Coal Shortage.,,Barisal,,,
sirajgonj2251,Gas/HSD,NWPGCL,1*150+1*75,210,210,17,,Gas shortage,,Rajshahi,,,
sikalbaha225,Gas/HSD,PDB,1*150+1*75,225,225,25,,,,Chattogram,,,
bhola225,Gas,PDB,2*63+1*68,194,194,,74,GT-1 & ST Under maint.,,Barisal,,,
karnaphulipower,HFO,IPP,18.415*6+6.5,110,110,74,,Fuel shortage,,Chattogram,,,
barapukuria2753,Coal,PDB,1*275,274,274,,143,Machine problem,,Rangpur,,,
sikalbaha225,Gas/HSD,PDB,1*150+1*175,225,225,,95,ST Under S/D,,Chattogram,,,
shajibazar330,Gas,PDB,3*110,330,330,,50,Engine problem,,Sylhet,,,
bheramara410,Gas,NWPGCL,1*278+1*132,410,410,110,,Engine problem,,Khulna,,,
kodda1491summit,HFO,IPP,8*18.45+8.97,149,149,132,,,,Dhaka,,,
sspoweri,Coal,SS Power ,2*612,1224,1224,644,,Coal Shortage.,,Chattogram,,,
bhola95aggreko,Gas,QRPP,96*1.10,95,95,45,,Gas shortage,,Barisal,,,
ashuganj450south,Gas,APSCL,1*360,360,360,,110,ST synchronization process,,Cumilla,,,
meghnaghat100iel,HFO,NENP,12*8.9,100,100,42,,Fuel shortage,,Dhaka,,,
karnaphulipower,HFO,IPP,18.415*6+6.5,110,110,3,,Fuel shortage,,Chattogram,,,
chandpur200deshenergy,HFO,IPP,12*18.4,200,200,148,,Fuel shortage,,Cumilla,,,
sylhet150,Gas,PDB,1*142,142,142,,142,Under maint,,Sylhet,,,
karnaphulihydro12345,Hydro,PDB,2*40+3*50,230,230,147,,Low water level,,Chattogram,,,
siddhirganj100dutchbangla,HFO,NENP,12*8.9,100,100,,40,Fuel shortage,,Dhaka,,,
gagnagar102digitalpower,HFO,IPP,12*8.924,102,102,,44,Fuel shortage,,Dhaka,,,
patenga50baraka,HFO,IPP,8*6.98,50,50,,20,Engine problem,,Chattogram,,,
karnaphulipower,HFO,IPP,18.415*6+6.5,110,110,,55,Engine problem,,Chattogram,,,
jamalpur115ed,HFO,IPP,9.78*12,115,115,,40,Engine problem,,Mymensingh,,,
meghnaghatsummit,Gas,IPP,2*110+1*110,335,335,155,,Gas shortage,,Dhaka,,,
karnaphulipower,HFO,IPP,18.415*6+6.5,110,110,80,,Fuel shortage,,Chattogram,,,
ghorasal5,Gas,PDB,1*210,210,190,,180,Gas shortage,,Dhaka,,,
bibiyanaiii400,Gas,PDB,400 MW,400,400,,315,Testing for combined cycle,,Sylhet,,,
bhola95aggreko,Gas,QRPP,96*1.10,95,95,,5,Engine problem,,Barisal,,,
sylhet225,Gas,PDB,1*142+1*89,231,231,,81,Under maint.,,Sylhet,,,
karnaphulihydro12345,Hydro,PDB,2*40+3*50,230,230,159,,Low water lavel,,Chattogram,,,
sikalbahapeakinggt,Gas/HSD,PDB,1*150 ,150,150,,20,Machine problem,,Chattogram,,,
shahjibazarg89,Gas,PDB,2*35,70,66,,10,GT-1 Under maint.,,Sylhet,,,
karnaphulihydro12345,Hydro,PDB,2*40+3*50,230,230,204,,Low water lavel,,Chattogram,,,
keranigonj300apr,HSD,IPP,256*1.4,300,300,,,Under maint,,Dhaka,,,
keraniganj100powerpac,HFO,QRPP,8*13.45,100,100,,8,Engine problem,,Dhaka,,,
fenilankapower,HFO,IPP,7*18.415+1*9.78,114,114,,14,Engine problem & Fuel shortage,,Cumilla,,,
rpcl210,Gas,IPP,4*35+1*70,210,202,,92,Gas shortage,,Mymensingh,,,
sikalbaha225,Gas/HSD,PDB,1*150+1*175,225,225,,,ST Commissioning,,Chattogram,,,
haripur412,Gas,EGCB,1*273+1*139,412,412,,,ST under maint & FGMO,,Dhaka,,,
haripurpower360,Gas,IPP,1*235+1*125,360,360,,,Under Maint.,,Dhaka,,,
haripur412,Gas,EGCB,1*273+1*139,412,412,,,Under maint.,2021-09-02 00:00:00,Dhaka,,,
karnaphulipower,HFO,IPP,110,110,110,,16,Engine problem,,Chattogram,,,
rpcl210,Gas,IPP,4*35+1*70,210,202,,82,Gas shortage,2021-09-01 00:00:00,Mymensingh,,,
jamalpur115ed,HFO,IPP,115 MW,115,115,,77,Engine problem,2021-09-13 00:00:00,Mymensingh,,,
sirajgonj2252,Gas/HSD,NWPGCL,1*150+1*75,220,220,,220,Under maint.,30-08-21,Rajshahi,,,
bibiyanasouth400,Gas,PDB,400 MW,383,383,,153,ST under maint,,Sylhet,,,
edpayrapower,HFO,IPP,8*18.5+1*9.5,150,150,133,,fuel shortage.,,Barisal,,,
ashuganj225,Gas,APSCL,1*142+1*75,221,221,,121,ST under maint,,Cumilla,,,
keraniganj100powerpac,HFO,QRPP,8*13.45,100,100,,27,Engine problem,,Dhaka,,,
sikalbaha225,Gas/HSD,PDB,1*150+1*175,225,225,74,,Fuel shortage,,Chattogram,,,
khulna115kpcl2,HFO,QRPP,7*17,115,115,,32,Engine problem,,Khulna,,,
edjamalpurl,HFO,IPP,115 MW,115,115,,7,Engine problem,,Mymensingh,,,
siddhirganj100dutchbangla,HFO,QRPP ,12*8.9,100,100,100,,Fuel shortage,,Dhaka,,,
karnaphulihydro12345,Hydro,PDB,2*40+3*50,230,230,125,,Low water level & Unit-4&5 under maint.,,Chattogram,,,
siddhirganj335,Gas,EGCB,1*217+118,335,335,,135,ST under maint,,Dhaka,,,
madanganj102summit,HFO,NENP,6*17,102,102,44,,Fuel shortage,,Dhaka,,,
shahjibazarg89,Gas,PDB,2*35,70,66,4,,Gas Shortage,,Sylhet,,,
ghorasal3657,Gas,PDB,1*243+1*122,365,365,,215,ST under Main. & Gas shortage,,Dhaka,,,
siddhirganj100dutchbangla,HFO,NENP,12*8.9,100,100,28,,Fuel shortage,,Dhaka,,,
hathazari100peaking,HFO,PDB,11*8.9,98,98,14,,Fuel shortage,,Chattogram,,,
kushiara163kp,Gas,IPP,1*109+1*54,163,163,,163,ST Under maint.,,Sylhet,,,
khulna225,HSD,NWPGCL,1*150+1*75,230,230,50,,Fuel shortage,,Khulna,,,
khulna330,Gas/HSD,BPDB,1*220+1*110,220,220,220,,ST Under S/D,,Khulna,,,
rangpur113confidence,HFO,IPP,9*6.984+7*7.015+3.15*2,113,113,15,,Fuel shortage,,Rangpur,,,
chattogram108ecpv,HFO,IPP,16*7,108,108,,102,Fuel shortage,,Chattogram,,,
ashuganj450north,Gas,APSCL,1*360,360,360,140,,Gas shortage.,,Cumilla,,,
kodda150,HFO,BPDB-RPCL,9*17.06,149,149,,33,Engine problem,,Dhaka,,,
juldah1003acorn,HFO,IPP,8*13.5,100,100,,10,Fuel shortage,,Chattogram,,,
ashuganj225,Gas,APSCL,1*142+1*75,221,221,58,,Gas shortage,,Cumilla,,,
chowmuhani113,HFO,IPP,12*9.78+2*3.1,113,113,106,,Fuel shortage,,Cumilla,,,
jamalpur115ed,HFO,IPP,9.78*12,115,115,,26,Engine problem,,Mymensingh,,,
gopalganj100peaking,HFO,PDB,16*6.98,109,109,24,,Fuel shortage,,Khulna,,,
bibianaii341summit,Gas,IPP,1*222+1*119,341,341,,341,FGMO,,Sylhet,,,
meghnaghat450mpl,Gas,IPP,2*150+1*150,450,450,110,,Dirty Gas,,Dhaka,,,
siddhirganj335,Gas,EGCB,1*217+118,335,335,95,,DP high,,Dhaka,,,
ashuganj3,Gas,APSCL,1*150,150,135,0,,,,Cumilla,,,
shajibazar330,Gas,PDB,3*110,330,330,170,,GT-1 under maint,,Sylhet,,,
raozan25,HFO,IPP,3*8.9,25,25,,9,Engine problem,,Chattogram,,,
jamalpur95powerpac,HFO,IPP,12*8.924,95,8,,95,Engine problem,,Mymensingh,,,
meghnaghat450mpl,Gas,IPP,2*150+1*150,450,450,225,,GT-1 S/D due to Gas shortage,,Dhaka,,,
ashuganj150midland,HFO,IPP,23*7.015,150,150,,60,Engine problem,,Cumilla,,,
bibianaii341summit,Gas,IPP,1*222+1*119,341,341,56,,Gas shortage,,Sylhet,,,
haripur412,Gas,EGCB,1*273+1*139,412,412,,,ST Under maint.,,Dhaka,,,
payra660,Coal,NWPGCL,0,0,0,,,,,Khulna,,,
karnaphulihydro12345,Hydro,PDB,2*40+3*50,230,230,,130,Low Water Level ,,Chattogram,,,
ghorashal108regent,Gas,IPP,34*3.35,108,108,,96,Gas shortage,,Dhaka,,,
fenchugonjphase2,Gas,PDB,2*35+1*35,104,90,,68,Unit-4 under shut down,,Sylhet,,,
meghnaghatsummit,Gas,IPP,2*110+1*110,335,335,181,,Gas shortage,,Dhaka,,,
ashuganj5,Gas,APSCL,1*150,150,134,54,,,,Cumilla,,,
siddhirganj335,Gas,EGCB,1*217+118,335,335,,,Under maint,,Dhaka,,,
gazipur100,HFO,RPCL,6*17.5,105,105,3,,,,Dhaka,,,
juldah2acorn,HFO,IPP,8*13.6,100,100,,,Engine problem,,Chattogram,,,
ashuganj450south,Gas,APSCL,1*360,360,360,60,,,,Cumilla,,,
dohazarikalaish100peaking,HFO,PDB,6*17,102,102,0,,Engine problem,,Chattogram,,,
meghnaghatsummit,Gas,IPP,2*110+1*110,305,305,,,"FGMO, Machine problem",,Dhaka,,,
ashuganj450north,Gas,APSCL,1*360,360,360,,360,synchronizing process,,Cumilla,,,
ashuganj420east,Gas,APSCL,284*1+116*1,400,400,150,,ST Under S/D.,,Cumilla,,,
karnaphulihydro12345,Hydro,PDB,2*40+3*50,230,230,,153,Low water lavel,,Chattogram,,,
sirajgonj2253,Gas/HSD,NWPGCL,1*141,220,220,54,,Gas shortage,,Rajshahi,,,
ashuganj51midland,Gas,IPP,6*9.34,51,51,,,Under fround cable fault,,Cumilla,,,
ashuganj150midland,HFO,IPP,23*7.015,150,150,,,Under fround cable fault,,Cumilla,,,
siddhirgonj2120g,Gas,EGCB, 2*105,210,210,,110,Gas Shortage,,Dhaka,,,
ashuganj450south,Gas,APSCL,1*360,360,360,,60,,,Cumilla,,,
feni11doreen,Gas,"SIPP, REB",4*2.90,11,11,,1,Engine problem,,Cumilla,,,
ashuganj450north,Gas,APSCL,1*360,360,360,,30,ST Under maint.,,Cumilla,,,
sirajgonj4004,Gas/HSD,SNWPGCL,1*282+1*132,414,414,224,,Gas shortage,,Rajshahi,,,
chowmuhani113,HFO,IPP,12*9.78+2*3.1,113,113,,39,Engine problem,,Cumilla,,,
karnaphulihydro12345,Hydro,PDB,2*40+3*50,230,230,119,,Low water level,,Chattogram,,,
ashuganj50,Gas,APSCL,14*3.968,53,45,30,,Gas Shortage,,Cumilla,,,
shahjibazarg89,Gas,PDB,2*35,70,66,,,GT-8 under  maint.,,Sylhet,,,
ashuganj195modular,Gas,IPP,20*9.73+1*16,195,195,75,,Gas shortage,,Cumilla,,,
shahjibazarg89,Gas,PDB,2*35,70,66,,36,Machine problem,,Sylhet,,,
meghnaghat100iel,HFO,NENP,12*8.9,100,100,,3,Engine problem,,Dhaka,,,
rupganj33summit,Gas,"SIPP,REB",4*8.73,33,33,,2,,,Dhaka,,,
chattogram108ecpv,HFO,IPP,16*7,108,108,0,,DCT & Fuel shortage,,Chattogram,,,
madanganj102summit,HFO,NENP,6*17,102,102,70,,Fuel shortage,,Dhaka,,,
aurahati100aggreko,HSD,IPP,0.85*23+0.95*91,100,100,80,,Fuel shortage,,Dhaka,,,
fenilankapower,HFO,IPP,7*18.415+1*9.78,114,114,,19,Engine problem,,Cumilla,,,
shajibazar330,Gas,PDB,3*110,330,330,,330,GT-1 S/D & GT-2 tripped at 08:09 ,,Sylhet,,,
ghorashal108regent,Gas,IPP,34*3.35,108,108,6,,,,Dhaka,,,
karnaphulihydro12345,Hydro,PDB,2*40+3*50,230,230,,161,Low Water Level ,,Chattogram,,,
chapainawabganj100peaking,HFO,PDB,12*8.924,104,104,,53,Engine problem,,Rajshahi,,,
matarbari2600cpgcl,Coal,CPGCL,2*575,1150,1150,775,,Coal shortage,,Chattogram,,,
siddhirgonj2120g,Gas,EGCB, 2*105,210,210,,136,Gas shortage,,Dhaka,,,
madhumati100,HFO,NWPGCL,6*18,105,105,5,,Fuel shortage,,Khulna,,,
sylhet225,Gas,PDB,1*142+1*89,231,231,,231,Gas shortage,,Sylhet,,,
rupsha105orionrupsha,HFO,IPP,6*18.445,105,105,,10,,,Khulna,,,
chittgongst2raozan,Gas,PDB,1*210,210,180,55,,Gas shortage,,Chattogram,,,
siddhirganj335,Gas,EGCB,1*217+118,335,335,45,,Gas shortage,,Dhaka,,,
nababganj55southernpower,HFO,IPP,3*19.3,55,55,,0,33 kV feeder fault,,Dhaka,,,
ghorashal108regent,Gas,IPP,34*3.35,108,108,33,,Engine problem,,Dhaka,,,
keraniganj100powerpac,HFO,NENP,8*13.45,100,75,36,,Fuel shortage,,Dhaka,,,
hobiganj11cofidencee,Gas,"SIPP, REB",4*2.90,11,11,,0,Engine problem,,Sylhet,,,
meghnaghat450mpl,Gas,IPP,2*150+1*150,450,450,170,,Dirty fuel,,Dhaka,,,
sylhet50epl,Gas,NENP,27*2,50,50,31,,Gas shortage,,Sylhet,,,
rampal1320bifpcl,Coal,NTPC&BPDB,617*2,1234,1234,612,,,,Khulna,,,
adanipowerjharkhanda,Coal,Imported power,748*2,1496,1496,,726,Unit-2 shut down,,Rajshahi,,,
ghorasalrepowered4,Gas,PDB,1*210,210,180,,20,,,Dhaka,,,
sikalbaha225,Gas/HSD,PDB,1*150+1*175,225,225,,65,ST Sync. Process,,Chattogram,,,
payra1320,Coal,BCPCL,2*622,1244,1244,,444,Line O/L,,Barisal,,,
sirajgonj2253,Gas/HSD,NWPGCL,1*141,220,220,,170,Test.,,Rajshahi,,,
haripur412,Gas,EGCB,1*273+1*139,412,412,129,,,,Dhaka,,,
meghnaghat450mpl,Gas,IPP,2*150+1*150,450,450,150,,,,Dhaka,,,
barapukuria2753,Coal,PDB,1*275,274,274,49,,Coal Shortage,,Rangpur,,,
keraniganj100powerpac,HFO,QRPP,8*13.45,100,100,,,Fuel shortage,,Dhaka,,,
ashuganj225,Gas,APSCL,1*142+1*75,221,221,,,Under maint,,Cumilla,,,
shajibazar330,Gas,PDB,3*110,330,330,,180,GT-1 under maint.,,Sylhet,,,
jodiacpower,HFO,IPP,3*18.55+1*3.6,54,54,,,Engine prolem,,Chattogram,,,
ashuganj450north,Gas,APSCL,1*360,360,360,50,,,,Cumilla,,,
ashuganj450south,Gas,APSCL,1*360,360,360,80,,,,Cumilla,,,
bheramara410,Gas,NWPGCL,1*278+1*132,410,410,285,,Gas shortage,,Khulna,,,
ashuganj3,Gas,APSCL,1*150,0,0,0,,Gas shortage,,Cumilla,,,
ashuganj450north,Gas,APSCL,1*360,360,360,220,,Gas shortage.,,Cumilla,,,
sylhet225,Gas,PDB,1*142+1*89,231,231,,106,Gas shortage+Machine problem,,Sylhet,,,
karnaphulihydro12345,Hydro,PDB,2*40+3*50,230,230,165,,Low water level Unit-5 U/M,,Chattogram,,,
karnaphulihydro12345,Hydro,PDB,2*40+3*50,230,230,128,,Low Water Level ,,Chattogram,,,
sylhet225,Gas,PDB,1*142+1*89,231,231,,,Engine problem,,Sylhet,,,
chandpur150,Gas,PDB,1*106+1*57,163,163,,25,Machine problem.,,Cumilla,,,
bhola225,Gas,PDB,2*63+1*68,194,194,,104,Gas shortage,,Barisal,,,
ashuganj50,Gas,APSCL,14*3.968,53,45,,35,Gas shortage,,Cumilla,,,
ashuganj450north,Gas,APSCL,1*360,360,360,110,,ST under maint,,Cumilla,,,
siddhirganj100dutchbangla,HFO,NENP,12*8.9,100,100,74,,Fuel shortage,,Dhaka,,,
juldah2acorn,HFO,IPP,8*13.6,100,100,,24,Engine problem,,Chattogram,,,
bibiyanasouth400,Gas,PDB,400 MW,383,383,,133,Machine problem,,Sylhet,,,
madhumati100,HFO,NWPGCL,6*18,105,105,100,,Fuel shortage,,Khulna,,,
meghnaghatsummit,Gas,IPP,2*110+1*110,335,335,115,,FGMO,,Dhaka,,,
gagnagar102digitalpower,HFO,IPP,12*8.924,102,102,22,,Engine problem,,Dhaka,,,
sikalbaha225,Gas/HSD,PDB,1*150+1*175,225,225,,,ST under maint,,Chattogram,,,
gopalganj100peaking,HFO,PDB,16*6.98,109,109,,,Fuel shortage,,Khulna,,,
baghabari100g,Gas,PDB,1*100,100,100,10,,Gas shortage,,Rajshahi,,,
juldah1003acorn,HFO,IPP,8*13.5,100,100,78,,Fuel shortage,,Chattogram,,,
sylhet225,Gas,PDB,1*142+1*89,231,231,,86,ST Under S/D.,,Sylhet,,,
khulna115kpcl2,HFO,NENP,7*17,115,115,1,,,,Khulna,,,
juldah1001acorn,HFO,NENP,8*13.45,100,100,0,,Contract Expired,,Chattogram,,,
chandpur,Gas,PDB,1*106+1*57,163,163,,113,ST Under maint & DP high.,,Cumilla,,,
shajibazar330,Gas,PDB,3*110,330,330,,,"GT-2, FGMO",,Sylhet,,,
karnaphulihydro12345,Hydro,PDB,2*40+3*50,230,230,,192,Low Water Level ,,Chattogram,,,
bibiyanaiii400,Gas,PDB,400 MW,400,400,,,ST S/D.,,Sylhet,,,
ashuganj55precision,Gas,RPP ,15*4,55,55,,13,Engine problem,,Cumilla,,,
gagnagar102digitalpower,HFO,IPP,12*8.924,102,102,72,,Fuel shortage,,Dhaka,,,
keranigonj300apr,HSD,IPP,256*1.4,300,300,16,,,,Dhaka,,,
bramhangoan100aggreko,HSD,IPP,114*0.959,100,100,4,,,,Dhaka,,,
aurahati100aggreko,HSD,IPP,0.85*23+0.95*91,100,100,0,,,,Dhaka,,,
anwara300ed,HFO,IPP,17*17+24,300,300,86,,,,Chattogram,,,
daudkandi200btrac,HSD,IPP,154*1.4,200,200,5,,Fuel conservation,,Cumilla,,,
tangailpallipowergen22,HFO,IPP,4*6.7,22,22,,11,Engine problem,,Mymensingh,,,
khulna225,HSD,NWPGCL,1*150+1*75,230,230,5,,Fuel conservation,,Khulna,,,
noapara100banglatrac,HSD,IPP,70*1.4,100,100,4,,Fuel conservation,,Khulna,,,
baghabari200paramount,HSD,IPP,135*1.6,200,200,28,,,,Rajshahi,,,
barapukuria2753,Coal,PDB,1*275,274,274,24,,Coal Shortage,,Rangpur,,,
kodda3002summit,HFO,IPP,18*17.076,300,300,,17,Engine problem,,Dhaka,,,
karnaphulihydro12345,Hydro,PDB,2*40+3*50,230,230,125,,Low water level & Unit-3 S/D,,Chattogram,,,
sirajgonj2251,Gas/HSD,NWPGCL,1*150+1*75,210,210,66,,Gas shortage & ST Under maint.,,Rajshahi,,,
hathazari100peaking,HFO,PDB,11*8.9,98,98,50,,Fuel shortage,,Chattogram,,,
sirajgonj2251,Gas/HSD,NWPGCL,1*150+1*75,210,210,55,,Gas shortage,,Rajshahi,,,
chandpur200deshenergy,HFO,IPP,12*18.4,200,200,7,,Fuel shortage,,Cumilla,,,
narshingdi22doreen,Gas,"SIPP, REB",8*2.90,22,22,,10,Engine problem,,Dhaka,,,
ghorasalrepowered3gt,Gas,PDB,1*260,260,260,,70,Machine problem,                                          ,Dhaka,,,
kodda150,HFO,BPDB-RPCL,9*17.06,149,149,69,,Fuel shortage,,Dhaka,,,
manikganj55northern,HFO,IPP,3*19.3,55,55,21,,Fuel shortage,,Dhaka,,,
nababganj55southernpower,HFO,IPP,3*19.3,55,55,21,,Fuel shortage,,Dhaka,,,
sirajgonj4004,Gas/HSD,SNWPGCL,1*282+1*132,414,414,64,,,,Rajshahi,,,
haripur412,Gas,EGCB,1*273+1*139,412,400,,0,machine problem,,Dhaka,,,
kodda1491summit,HFO,IPP,8*18.45+8.97,149,149,34,,Engine problem.,,Dhaka,,,
hathazari100peaking,HFO,PDB,11*8.9,98,98,21,,,,Chattogram,,,
shajibazar330,Gas,PDB,3*110,330,330,210,,Gas shortage.,,Sylhet,,,
ashuganjmidland51,Gas,IPP,6*9.34,51,51,,51,Under maint.,,Cumilla,,,
ashuganj55precision,Gas,QRPP,0,55,0,22,,Gas shortage,,Cumilla,,,
haripur412,Gas,EGCB,1*273+1*139,412,412,22,,,2021-09-02 00:00:00,Dhaka,,,
ashuganj55precision,Gas,RPP ,15*4,55,55,,31,Engine problem,,Cumilla,,,
ashuganj50,Gas,APSCL,14*3.968,53,45,45,,,,Cumilla,,,
ashuganj3,Gas,APSCL,1*150,150,135,,,Gas Shortage,,Cumilla,,,
jamalpur115ed,HFO,IPP,9.78*12,115,115,66,,Fuel shortage,,Mymensingh,,,
ghorasalgt4,Gas,PDB,1*210,210,180,80,,,,Dhaka,,,
meghnaghat450,Gas,IPP,2*150+1*150,450,450,,,GT-1 Under maint.,16/06/2019,Dhaka,,,
siddhirgonj2120g,Gas,EGCB, 2*105,210,210,60,,,,Dhaka,,,
ashuganj450north,Gas,APSCL,1*360,360,360,220,,"FGMO,ST S/D due to gas shortage.",,Cumilla,,,
mymensingh200ed,HFO,IPP,9.78*21,200,200,,20,Engine prolem,,Mymensingh,,,
siddhirganj335,Gas,EGCB,1*217+118,335,335,,,filter problem.,,Dhaka,,,
ghorashal108regent,Gas,IPP,34*3.35,108,108,44,,Gas shortage,,Dhaka,,,
ashuganj225,Gas,APSCL,1*142+1*75,221,221,,21,Gas shortage,,Cumilla,,,
ghorashalregent,Gas,IPP,34*3.35,108,108,2,,,,Dhaka,,,
ashuganj195modular,Gas,IPP,20*9.73+1*16,195,195,132,,Gas shortage,,Cumilla,,,
shajibazar330,Gas,PDB,3*110,330,330,,181,Tripped at 10:22.,,Sylhet,,,
sikalbaha225,Gas/HSD,PDB,1*150+1*175,225,225,75,,ST under maint.,,Chattogram,,,
sylhet225,Gas,PDB,1*142+1*89,231,231,,111,Machine problem,,Sylhet,,,
ghorashal108regent,Gas,IPP,34*3.35,108,108,49,,Gas shortage,,Dhaka,,,
ashuganj420east,Gas,APSCL,284*1+116*1,400,400,100,,FGMO,,Cumilla,,,
bagura113confidence2,HFO,IPP,6*18.55+7.2,113,113,3,,Fuel shortage,,Rajshahi,,,
confidencepowerbogura1113,HFO,IPP,6*18.55,113,113,33,,Fuel shortage,,Rajshahi,,,
gazipur100,HFO,RPCL,6*17.5,105,105,,10,Engine problem,,Dhaka,,,
kushiara163kp,Gas,IPP,1*109+1*54,163,163,,83,Gas shortage & ST U/M.,,Sylhet,,,
chapainawabganj100peaking,HFO,PDB,12*8.924,104,104,,22,Enging problem,,Rajshahi,,,
haripur412,Gas,EGCB,1*273+1*139,412,400,,20,Machine problem,,Dhaka,,,
ghorasalrepowered3,Gas,PDB,1*210,210,170,,60,Gas shortage,,Dhaka,,,
bibiyanaiii400,Gas,PDB,400 MW,400,400,,256,Engine problem,,Sylhet,,,
anlimaenergy,HFO,IPP,6*21.2,116,116,,,Engine problem,,Chattogram,,,
ashuganj55precision,Gas,QRPP,0,55,55,4,,Gas shortage,,Cumilla,,,
sylhet225,Gas,PDB,1*142+1*89,231,231,,23,ST under maint,,Sylhet,,,
haripur412,Gas,EGCB,1*273+1*139,412,412,187,,Gas shortage,,Dhaka,,,
ashuganj450north,Gas,APSCL,1*360,360,360,,,ST under maint,,Cumilla,,,
khulna115kpcl2,HFO,NENP,7*17,115,115,64,,Fuel shortage,,Khulna,,,
meghnaghatsummit,Gas,IPP,2*110+1*110,335,335,50,,Gas shortage,,Dhaka,,,
rangpur20g,HSD,PDB,1*20,20,20,,3,Engine problem,,Rangpur,,,
siddhirganj335,Gas,EGCB,1*217+118,335,335,75,,Gas shortage,,Dhaka,,,
rpcl210,Gas,IPP,4*35+1*70,210,202,191,,Gas shortage,,Mymensingh,,,
sylhet225,Gas,PDB,1*142+1*89,231,231,,23,machine problem,,Sylhet,,,
siddhirganj335,Gas,EGCB,1*217+118,335,335,245,,Gas shortage,,Dhaka,,,
bibiyanaiii400,Gas,PDB,400 MW,400,400,150,,Gas shortage,,Sylhet,,,
karnaphulihydro12345,Hydro,PDB,2*40+3*50,230,230,71,,Unit 2  under maint.,,Chattogram,,,
payra1320,Coal,BCPCL,2*622,1244,1244,,,under shut down,,Barisal,,,
madanganj102summit,HFO,QRPP ,6*17,102,100,,30,Engine problem,,Dhaka,,,
ashuganjprecision55,Gas,RPP ,15*4,55,55,2,,Gas shortage,,Cumilla,,,
ghorasalst5,Gas,PDB,1*210,210,190,80,,Gas shortage,,Dhaka,,,
midland150,HFO,IPP,23*7.015,150,150,,,Low Demand.,,Cumilla,,,
haripur412,Gas,EGCB,1*273+1*139,412,412,70,,Gas shortage,,Dhaka,,,
patenga50baraka,HFO,IPP,8*6.98,50,50,,24,Engine problem,,Chattogram,,,
chandpur150,Gas,PDB,1*106+1*57,163,163,79,,Gas shortage.,,Cumilla,,,
ashuganj55precision,Gas,QRPP,15*4,55,55,20,,Gas shortage,,Cumilla,,,
meghnaghatsummit,Gas,IPP,2*110+1*110,335,335,180,,GT-2 S/D,,Dhaka,,,
bibianaii341summit,Gas,IPP,1*222+1*119,341,341,31,,Gas shortage,,Sylhet,,,
bibiyanasouth400,Gas,PDB,400 MW,383,383,43,,Gas shortage,,Sylhet,,,
kodda3002summit,HFO,IPP,18*17.076,300,300,100,,Fuel shortage,,Dhaka,,,
sirajgonj2253,Gas/HSD,NWPGCL,1*141,220,220,,,Under shut down,,Rajshahi,,,
bhola225,Gas,PDB,2*63+1*68,194,194,,0,,,Barisal,,,
ghorashal108regent,Gas,IPP,34*3.35,108,108,15,,Gas shortage,,Dhaka,,,
meghnaghat450mpl,Gas,IPP,2*150+1*150,450,450,,450,Machine problem,,Dhaka,,,
keranigonj300apr,HSD,IPP,256*1.4,300,300,,33,Engine problem,,Dhaka,,,
ashuganj225,Gas,APSCL,1*142+1*75,221,221,186,,Gas shortage,,Cumilla,,,
chandpur150,Gas,PDB,1*106+1*57,163,163,43,,Gas shortage.,,Cumilla,,,
fenchugonjphase2,Gas,PDB,2*35+1*35,104,90,,90,,,Sylhet,,,
hobiganj11cofidencee,Gas,"SIPP, REB",4*2.90,11,11,0,,Gas shortage,,Sylhet,,,
bibiyanaiii400,Gas,PDB,400 MW,400,400,,130,ST under maint,,Sylhet,,,
bhola225,Gas,PDB,2*63+1*68,194,194,,154,Machine problem,,Barisal,,,
madanganj55summit,HFO,IPP,3*17.08+1*11.3,55,55,10,,Engine problem,,Dhaka,,,
sirajgonj2253,Gas/HSD,NWPGCL,1*141,220,220,60,,,,Rajshahi,,,
meghnaghatsummit,Gas,IPP,2*110+1*110,305,305,55,,Dirty fuel(Gas),,Dhaka,,,
rpcl210,Gas,IPP,4*35+1*70,210,202,175,,Gas shortage,,Mymensingh,,,
bheramara410,Gas,NWPGCL,1*278+1*132,410,410,60,,gas shortage,,Khulna,,,
barapukuria1,Coal,PDB,1*125,125,85,,15,,,Rangpur,,,
shahjahanulla25,Gas,"SIPP, REB",3*9.34,25,25,5,,Gas shortage,,Sylhet,,,
barisal307,Coal,BCPCL,307*1,307,307,167,,Coal Shortage.,,Barisal,,,
ghorashal108regent,Gas,IPP,34*3.35,108,108,,29,Engine problem,,Dhaka,,,
kodda150,HFO,BPDB-RPCL,9*17.06,149,149,33,,Fuel shortage,,Dhaka,,,
juldah2acorn,HFO,IPP,8*13.6,100,100,20,,Fuel shortage,,Chattogram,,,
ashuganj225,Gas,APSCL,1*142+1*75,221,221,29,,Gas shortage,,Cumilla,,,
khulna115kpcl2,HFO,NENP,7*17,115,115,45,,Fuel shortage,,Khulna,,,
bhola33venture,Gas,NENP,1*34.50,40,40,,20,Machine problem,,Barisal,,,
karnaphulihydro12345,Hydro,PDB,2*40+3*50,230,230,113,,Low water level  & Unit-4 S/D,,Chattogram,,,
rampal1320bifpcl,Coal,NTPC&BPDB,617*2,1234,1234,,874,Unit-2 shut down,,Khulna,,,
daudkandi200btrac,HSD,IPP,154*1.4,200,200,,16,Engine problem,,Cumilla,,,
ghorasal3657,Gas,PDB,1*243+1*122,365,365,,55,Under maint.,,Dhaka,,,
kodda150,HFO,BPDB-RPCL,9*17.06,149,149,,16,,,Dhaka,,,
haripur360hpl,Gas,IPP,1*235+1*125,360,360,8,,Gas shortage,,Dhaka,,,
ashuganjst5,Gas,APSCL,1*150,150,134,24,,Gas shortage,,Cumilla,,,
hathazari100peaking,HFO,PDB,11*8.9,98,98,46,,Engine problem,,Chattogram,,,
juldah1001acorn,HFO,NENP,8*13.45,100,100,,45,Fuel shortage,,Chattogram,,,
ashuganj195apscled,Gas,IPP,20*9.73+1*16,195,195,100,,Gas shortage,,Cumilla,,,
ashuganj150midland,HFO,IPP,23*7.015,150,150,,5,,,Cumilla,,,
rpcl210,Gas,IPP,4*35+1*70,210,202,,112,Gas shortage,,Mymensingh,,,
matarbari2600cpgcl,Coal,CPGCL,2*575,1150,1150,300,,Coal shortage,,Chattogram,,,
bheramara410,Gas,NWPGCL,1*278+1*132,410,410,88,,Gas shortage,,Khulna,,,
rampal1320bifpcl,Coal,NTPC&BPDB,617*2,1234,1234,,0,,,Khulna,,,
patenga50baraka,HFO,IPP,8*6.98,50,50,,14,33 kV BPDB feeder problem,,Chattogram,,,
ashuganj50,Gas,APSCL,14*3.968,53,45,28,,Gas shortage,,Cumilla,,,
chandpur150,Gas,PDB,1*106+1*57,163,163,,78,"Mach. Prob, Gas shortage",,Cumilla,,,
fenilankapower,HFO,IPP,7*18.415+1*9.78,114,114,,54,Engine problem,,Cumilla,,,
